match_type,scenario,agent,agent_mode,opponent,opponent_mode,family,agent_first,runs,advantage,concealing,score
panel,Amsterdam,Agent360,gradient,SimpleNegotiator,reverse-ufun + time concede,example,first,2,0.6412639405204461,0.5494353280243951,1.1906992685448412
panel,Amsterdam,Agent360,gradient,SimpleNegotiator,reverse-ufun + time concede,example,second,2,0.809931506849315,0.5805425859483382,1.3904740927976533
panel,Amsterdam,Agent360,gradient,BOANeg,BOA: time offer + Smith + ACNext,example,first,2,0.7100371747211895,0.4648124091284531,1.1748495838496427
panel,Amsterdam,Agent360,gradient,BOANeg,BOA: time offer + Smith + ACNext,example,second,2,0.6198630136986301,0.4870797456238414,1.1069427593224714
panel,Amsterdam,Agent360,gradient,MAPNeg,"MAP: same stack, acceptance_first",example,first,2,0.7100371747211895,0.46544382666629114,1.1754810013874808
panel,Amsterdam,Agent360,gradient,MAPNeg,"MAP: same stack, acceptance_first",example,second,2,0.6198630136986301,0.4967268628123704,1.1165898765110005
panel,Amsterdam,Agent360,gradient,BoulwareTBNegotiator,slow concession (Boulware),time-based,first,2,0.7100371747211895,1.0,1.7100371747211895
panel,Amsterdam,Agent360,gradient,BoulwareTBNegotiator,slow concession (Boulware),time-based,second,2,0.6198630136986301,1.0,1.61986301369863
panel,Amsterdam,Agent360,gradient,ConcederTBNegotiator,fast concession,time-based,first,2,0.7546468401486989,1.0,1.7546468401486988
panel,Amsterdam,Agent360,gradient,ConcederTBNegotiator,fast concession,time-based,second,2,0.660958904109589,1.0,1.660958904109589
panel,Amsterdam,Agent360,gradient,LinearTBNegotiator,linear time concession,time-based,first,2,0.5855018587360594,1.0,1.5855018587360594
panel,Amsterdam,Agent360,gradient,LinearTBNegotiator,linear time concession,time-based,second,2,0.5496575342465753,1.0,1.5496575342465753
panel,Amsterdam,Agent360,gradient,ToughNegotiator,"hard line, slow give",time-based,first,2,0.30855018587360594,1.0,1.308550185873606
panel,Amsterdam,Agent360,gradient,ToughNegotiator,"hard line, slow give",time-based,second,2,0.47260273972602734,1.0,1.4726027397260273
panel,Amsterdam,Agent360,gradient,MiCRONegotiator,MiCRO (Genius-style),genius-style,first,2,0.5817843866171004,1.0,1.5817843866171004
panel,Amsterdam,Agent360,gradient,MiCRONegotiator,MiCRO (Genius-style),genius-style,second,2,0.6369863013698629,1.0,1.636986301369863
panel,Amsterdam,Agent360,gradient,TimeBasedNegotiator,generic time-based,time-based,first,2,0.7434944237918215,1.0,1.7434944237918215
panel,Amsterdam,Agent360,gradient,TimeBasedNegotiator,generic time-based,time-based,second,2,0.6215753424657534,1.0,1.6215753424657535
panel,Amsterdam,Agent360,gradient,AspirationNegotiator,aspiration-based,time-based,first,2,0.7100371747211895,1.0,1.7100371747211895
panel,Amsterdam,Agent360,gradient,AspirationNegotiator,aspiration-based,time-based,second,2,0.6198630136986301,1.0,1.61986301369863
panel,Amsterdam,Agent360,gradient,HybridNegotiator,hybrid time + utility,hybrid,first,2,0.6301115241635686,1.0,1.6301115241635689
panel,Amsterdam,Agent360,gradient,HybridNegotiator,hybrid time + utility,hybrid,second,2,0.5291095890410958,1.0,1.529109589041096
panel,Amsterdam,Agent360,gradient,RandomNegotiator,random rational offers,baseline,first,2,0.6654275092936803,1.0,1.6654275092936803
panel,Amsterdam,Agent360,gradient,RandomNegotiator,random rational offers,baseline,second,2,0.8013698630136985,1.0,1.8013698630136985
panel,Amsterdam,Agent360,gradient,FirstOfferOrientedTBNegotiator,anchors on first offer,oriented,first,2,0.7100371747211895,1.0,1.7100371747211895
panel,Amsterdam,Agent360,gradient,FirstOfferOrientedTBNegotiator,anchors on first offer,oriented,second,2,0.6198630136986301,1.0,1.61986301369863
panel,Amsterdam,Agent360,gradient,LastOfferOrientedTBNegotiator,follows last offer,oriented,first,2,0.7100371747211895,1.0,1.7100371747211895
panel,Amsterdam,Agent360,gradient,LastOfferOrientedTBNegotiator,follows last offer,oriented,second,2,0.6815068493150684,1.0,1.6815068493150684
panel,Amsterdam,Agent360,gradient,BestOfferOrientedTBNegotiator,tracks best offer seen,oriented,first,2,0.7100371747211895,1.0,1.7100371747211895
panel,Amsterdam,Agent360,gradient,BestOfferOrientedTBNegotiator,tracks best offer seen,oriented,second,2,0.6198630136986301,1.0,1.61986301369863
panel,Amsterdam,Agent360Full,full,SimpleNegotiator,reverse-ufun + time concede,example,first,2,0.4795539033457249,0.55516063330665,1.034714536652375
panel,Amsterdam,Agent360Full,full,SimpleNegotiator,reverse-ufun + time concede,example,second,2,0.631849315068493,0.5741448747925301,1.2059941898610231
panel,Amsterdam,Agent360Full,full,BOANeg,BOA: time offer + Smith + ACNext,example,first,2,0.7100371747211895,0.5129340794515425,1.222971254172732
panel,Amsterdam,Agent360Full,full,BOANeg,BOA: time offer + Smith + ACNext,example,second,2,0.6198630136986301,0.5484934841383793,1.1683564978370093
panel,Amsterdam,Agent360Full,full,MAPNeg,"MAP: same stack, acceptance_first",example,first,2,0.7100371747211895,0.5198420290069028,1.2298792037280923
panel,Amsterdam,Agent360Full,full,MAPNeg,"MAP: same stack, acceptance_first",example,second,2,0.6198630136986301,0.5397112821637928,1.1595742958624229
panel,Amsterdam,Agent360Full,full,BoulwareTBNegotiator,slow concession (Boulware),time-based,first,2,0.7100371747211895,1.0,1.7100371747211895
panel,Amsterdam,Agent360Full,full,BoulwareTBNegotiator,slow concession (Boulware),time-based,second,2,0.6198630136986301,1.0,1.61986301369863
panel,Amsterdam,Agent360Full,full,ConcederTBNegotiator,fast concession,time-based,first,2,0.7546468401486989,1.0,1.7546468401486988
panel,Amsterdam,Agent360Full,full,ConcederTBNegotiator,fast concession,time-based,second,2,0.5941780821917808,1.0,1.5941780821917808
panel,Amsterdam,Agent360Full,full,LinearTBNegotiator,linear time concession,time-based,first,2,0.4851301115241635,1.0,1.4851301115241635
panel,Amsterdam,Agent360Full,full,LinearTBNegotiator,linear time concession,time-based,second,2,0.6849315068493149,1.0,1.684931506849315
panel,Amsterdam,Agent360Full,full,ToughNegotiator,"hard line, slow give",time-based,first,2,0.30855018587360594,1.0,1.308550185873606
panel,Amsterdam,Agent360Full,full,ToughNegotiator,"hard line, slow give",time-based,second,2,0.47260273972602734,1.0,1.4726027397260273
panel,Amsterdam,Agent360Full,full,MiCRONegotiator,MiCRO (Genius-style),genius-style,first,2,0.6059479553903345,1.0,1.6059479553903344
panel,Amsterdam,Agent360Full,full,MiCRONegotiator,MiCRO (Genius-style),genius-style,second,2,0.5496575342465753,1.0,1.5496575342465753
panel,Amsterdam,Agent360Full,full,TimeBasedNegotiator,generic time-based,time-based,first,2,0.7100371747211895,1.0,1.7100371747211895
panel,Amsterdam,Agent360Full,full,TimeBasedNegotiator,generic time-based,time-based,second,2,0.6558219178082191,1.0,1.6558219178082192
panel,Amsterdam,Agent360Full,full,AspirationNegotiator,aspiration-based,time-based,first,2,0.7100371747211895,1.0,1.7100371747211895
panel,Amsterdam,Agent360Full,full,AspirationNegotiator,aspiration-based,time-based,second,2,0.6198630136986301,1.0,1.61986301369863
panel,Amsterdam,Agent360Full,full,HybridNegotiator,hybrid time + utility,hybrid,first,2,0.6208178438661709,1.0,1.620817843866171
panel,Amsterdam,Agent360Full,full,HybridNegotiator,hybrid time + utility,hybrid,second,2,0.6267123287671232,1.0,1.6267123287671232
panel,Amsterdam,Agent360Full,full,RandomNegotiator,random rational offers,baseline,first,2,0.6821561338289963,1.0,1.6821561338289963
panel,Amsterdam,Agent360Full,full,RandomNegotiator,random rational offers,baseline,second,2,0.6352739726027397,1.0,1.6352739726027397
panel,Amsterdam,Agent360Full,full,FirstOfferOrientedTBNegotiator,anchors on first offer,oriented,first,2,0.7100371747211895,1.0,1.7100371747211895
panel,Amsterdam,Agent360Full,full,FirstOfferOrientedTBNegotiator,anchors on first offer,oriented,second,2,0.6198630136986301,1.0,1.61986301369863
panel,Amsterdam,Agent360Full,full,LastOfferOrientedTBNegotiator,follows last offer,oriented,first,2,0.7100371747211895,1.0,1.7100371747211895
panel,Amsterdam,Agent360Full,full,LastOfferOrientedTBNegotiator,follows last offer,oriented,second,2,0.6198630136986301,1.0,1.61986301369863
panel,Amsterdam,Agent360Full,full,BestOfferOrientedTBNegotiator,tracks best offer seen,oriented,first,2,0.7100371747211895,1.0,1.7100371747211895
panel,Amsterdam,Agent360Full,full,BestOfferOrientedTBNegotiator,tracks best offer seen,oriented,second,2,0.6198630136986301,1.0,1.61986301369863
panel,Amsterdam,Agent360Reverse,reverse,SimpleNegotiator,reverse-ufun + time concede,example,first,2,0.7769516728624535,0.548134679425247,1.3250863522877006
panel,Amsterdam,Agent360Reverse,reverse,SimpleNegotiator,reverse-ufun + time concede,example,second,2,0.9349315068493151,0.5843817710369545,1.5193132778862697
panel,Amsterdam,Agent360Reverse,reverse,BOANeg,BOA: time offer + Smith + ACNext,example,first,2,0.7100371747211895,0.46445329545943526,1.1744904701806247
panel,Amsterdam,Agent360Reverse,reverse,BOANeg,BOA: time offer + Smith + ACNext,example,second,2,0.6198630136986301,0.5065586726035346,1.1264216863021645
panel,Amsterdam,Agent360Reverse,reverse,MAPNeg,"MAP: same stack, acceptance_first",example,first,2,0.7100371747211895,0.46446474941551164,1.1745019241367012
panel,Amsterdam,Agent360Reverse,reverse,MAPNeg,"MAP: same stack, acceptance_first",example,second,2,0.6198630136986301,0.5026530936283049,1.122516107326935
panel,Amsterdam,Agent360Reverse,reverse,BoulwareTBNegotiator,slow concession (Boulware),time-based,first,2,0.7100371747211895,1.0,1.7100371747211895
panel,Amsterdam,Agent360Reverse,reverse,BoulwareTBNegotiator,slow concession (Boulware),time-based,second,2,0.6198630136986301,1.0,1.61986301369863
panel,Amsterdam,Agent360Reverse,reverse,ConcederTBNegotiator,fast concession,time-based,first,2,0.8884758364312267,0.5,1.3884758364312269
panel,Amsterdam,Agent360Reverse,reverse,ConcederTBNegotiator,fast concession,time-based,second,2,0.9332191780821918,1.0,1.933219178082192
panel,Amsterdam,Agent360Reverse,reverse,LinearTBNegotiator,linear time concession,time-based,first,2,0.9107806691449815,1.0,1.9107806691449816
panel,Amsterdam,Agent360Reverse,reverse,LinearTBNegotiator,linear time concession,time-based,second,2,0.9349315068493151,1.0,1.9349315068493151
panel,Amsterdam,Agent360Reverse,reverse,ToughNegotiator,"hard line, slow give",time-based,first,2,0.30855018587360594,1.0,1.308550185873606
panel,Amsterdam,Agent360Reverse,reverse,ToughNegotiator,"hard line, slow give",time-based,second,2,0.47260273972602734,1.0,1.4726027397260273
panel,Amsterdam,Agent360Reverse,reverse,MiCRONegotiator,MiCRO (Genius-style),genius-style,first,2,0.6914498141263941,1.0,1.691449814126394
panel,Amsterdam,Agent360Reverse,reverse,MiCRONegotiator,MiCRO (Genius-style),genius-style,second,2,0.7363013698630136,1.0,1.7363013698630136
panel,Amsterdam,Agent360Reverse,reverse,TimeBasedNegotiator,generic time-based,time-based,first,2,0.7100371747211895,1.0,1.7100371747211895
panel,Amsterdam,Agent360Reverse,reverse,TimeBasedNegotiator,generic time-based,time-based,second,2,0.6198630136986301,1.0,1.61986301369863
panel,Amsterdam,Agent360Reverse,reverse,AspirationNegotiator,aspiration-based,time-based,first,2,0.7007434944237918,1.0,1.7007434944237918
panel,Amsterdam,Agent360Reverse,reverse,AspirationNegotiator,aspiration-based,time-based,second,2,0.6780821917808219,1.0,1.6780821917808217
panel,Amsterdam,Agent360Reverse,reverse,HybridNegotiator,hybrid time + utility,hybrid,first,2,0.8011152416356877,1.0,1.8011152416356877
panel,Amsterdam,Agent360Reverse,reverse,HybridNegotiator,hybrid time + utility,hybrid,second,2,0.7636986301369862,1.0,1.7636986301369864
panel,Amsterdam,Agent360Reverse,reverse,RandomNegotiator,random rational offers,baseline,first,2,0.8884758364312267,0.5,1.3884758364312269
panel,Amsterdam,Agent360Reverse,reverse,RandomNegotiator,random rational offers,baseline,second,2,0.9195205479452055,1.0,1.9195205479452055
panel,Amsterdam,Agent360Reverse,reverse,FirstOfferOrientedTBNegotiator,anchors on first offer,oriented,first,2,0.7100371747211895,1.0,1.7100371747211895
panel,Amsterdam,Agent360Reverse,reverse,FirstOfferOrientedTBNegotiator,anchors on first offer,oriented,second,2,0.6198630136986301,1.0,1.61986301369863
panel,Amsterdam,Agent360Reverse,reverse,LastOfferOrientedTBNegotiator,follows last offer,oriented,first,2,0.7007434944237918,1.0,1.7007434944237918
panel,Amsterdam,Agent360Reverse,reverse,LastOfferOrientedTBNegotiator,follows last offer,oriented,second,2,0.6198630136986301,1.0,1.61986301369863
panel,Amsterdam,Agent360Reverse,reverse,BestOfferOrientedTBNegotiator,tracks best offer seen,oriented,first,2,0.7100371747211895,1.0,1.7100371747211895
panel,Amsterdam,Agent360Reverse,reverse,BestOfferOrientedTBNegotiator,tracks best offer seen,oriented,second,2,0.6198630136986301,1.0,1.61986301369863
panel,Amsterdam,Agent360V2,hybrid,SimpleNegotiator,reverse-ufun + time concede,example,first,2,0.7769516728624535,0.548134679425247,1.3250863522877006
panel,Amsterdam,Agent360V2,hybrid,SimpleNegotiator,reverse-ufun + time concede,example,second,2,0.9349315068493151,0.5843817710369545,1.5193132778862697
panel,Amsterdam,Agent360V2,hybrid,BOANeg,BOA: time offer + Smith + ACNext,example,first,2,0.7100371747211895,0.4626076677401487,1.1726448424613383
panel,Amsterdam,Agent360V2,hybrid,BOANeg,BOA: time offer + Smith + ACNext,example,second,2,0.6198630136986301,0.49932842660000676,1.119191440298637
panel,Amsterdam,Agent360V2,hybrid,MAPNeg,"MAP: same stack, acceptance_first",example,first,2,0.7100371747211895,0.4671883584617976,1.177225533182987
panel,Amsterdam,Agent360V2,hybrid,MAPNeg,"MAP: same stack, acceptance_first",example,second,2,0.6198630136986301,0.5009819361800188,1.120844949878649
panel,Amsterdam,Agent360V2,hybrid,BoulwareTBNegotiator,slow concession (Boulware),time-based,first,2,0.7100371747211895,1.0,1.7100371747211895
panel,Amsterdam,Agent360V2,hybrid,BoulwareTBNegotiator,slow concession (Boulware),time-based,second,2,0.6198630136986301,1.0,1.61986301369863
panel,Amsterdam,Agent360V2,hybrid,ConcederTBNegotiator,fast concession,time-based,first,2,0.9107806691449815,1.0,1.9107806691449816
panel,Amsterdam,Agent360V2,hybrid,ConcederTBNegotiator,fast concession,time-based,second,2,0.9315068493150684,1.0,1.9315068493150684
panel,Amsterdam,Agent360V2,hybrid,LinearTBNegotiator,linear time concession,time-based,first,2,0.7992565055762082,1.0,1.7992565055762082
panel,Amsterdam,Agent360V2,hybrid,LinearTBNegotiator,linear time concession,time-based,second,2,0.9349315068493151,1.0,1.9349315068493151
panel,Amsterdam,Agent360V2,hybrid,ToughNegotiator,"hard line, slow give",time-based,first,2,0.30855018587360594,1.0,1.308550185873606
panel,Amsterdam,Agent360V2,hybrid,ToughNegotiator,"hard line, slow give",time-based,second,2,0.47260273972602734,1.0,1.4726027397260273
panel,Amsterdam,Agent360V2,hybrid,MiCRONegotiator,MiCRO (Genius-style),genius-style,first,2,0.6486988847583643,1.0,1.6486988847583643
panel,Amsterdam,Agent360V2,hybrid,MiCRONegotiator,MiCRO (Genius-style),genius-style,second,2,0.7140410958904109,1.0,1.7140410958904109
panel,Amsterdam,Agent360V2,hybrid,TimeBasedNegotiator,generic time-based,time-based,first,2,0.7100371747211895,1.0,1.7100371747211895
panel,Amsterdam,Agent360V2,hybrid,TimeBasedNegotiator,generic time-based,time-based,second,2,0.6198630136986301,1.0,1.61986301369863
panel,Amsterdam,Agent360V2,hybrid,AspirationNegotiator,aspiration-based,time-based,first,2,0.7100371747211895,1.0,1.7100371747211895
panel,Amsterdam,Agent360V2,hybrid,AspirationNegotiator,aspiration-based,time-based,second,2,0.6198630136986301,1.0,1.61986301369863
panel,Amsterdam,Agent360V2,hybrid,HybridNegotiator,hybrid time + utility,hybrid,first,2,0.6282527881040892,1.0,1.6282527881040894
panel,Amsterdam,Agent360V2,hybrid,HybridNegotiator,hybrid time + utility,hybrid,second,2,0.8476027397260274,1.0,1.8476027397260273
panel,Amsterdam,Agent360V2,hybrid,RandomNegotiator,random rational offers,baseline,first,2,0.433085501858736,1.0,1.433085501858736
panel,Amsterdam,Agent360V2,hybrid,RandomNegotiator,random rational offers,baseline,second,2,0.4537671232876712,1.0,1.4537671232876712
panel,Amsterdam,Agent360V2,hybrid,FirstOfferOrientedTBNegotiator,anchors on first offer,oriented,first,2,0.7100371747211895,1.0,1.7100371747211895
panel,Amsterdam,Agent360V2,hybrid,FirstOfferOrientedTBNegotiator,anchors on first offer,oriented,second,2,0.6198630136986301,1.0,1.61986301369863
panel,Amsterdam,Agent360V2,hybrid,LastOfferOrientedTBNegotiator,follows last offer,oriented,first,2,0.7100371747211895,1.0,1.7100371747211895
panel,Amsterdam,Agent360V2,hybrid,LastOfferOrientedTBNegotiator,follows last offer,oriented,second,2,0.6198630136986301,1.0,1.61986301369863
panel,Amsterdam,Agent360V2,hybrid,BestOfferOrientedTBNegotiator,tracks best offer seen,oriented,first,2,0.7100371747211895,1.0,1.7100371747211895
panel,Amsterdam,Agent360V2,hybrid,BestOfferOrientedTBNegotiator,tracks best offer seen,oriented,second,2,0.6198630136986301,1.0,1.61986301369863
panel,Camera,Agent360,gradient,SimpleNegotiator,reverse-ufun + time concede,example,first,2,0.5977108230937552,0.6211908044706633,1.2189016275644184
panel,Camera,Agent360,gradient,SimpleNegotiator,reverse-ufun + time concede,example,second,2,0.5743564108972757,0.6209779629347078,1.1953343738319835
panel,Camera,Agent360,gradient,BOANeg,BOA: time offer + Smith + ACNext,example,first,2,0.6204342703248611,0.4782204764124946,1.0986547467373557
panel,Camera,Agent360,gradient,BOANeg,BOA: time offer + Smith + ACNext,example,second,2,0.6653336665833542,0.4939425991725292,1.1592762657558833
panel,Camera,Agent360,gradient,MAPNeg,"MAP: same stack, acceptance_first",example,first,2,0.6204342703248611,0.4820040106836956,1.1024382810085567
panel,Camera,Agent360,gradient,MAPNeg,"MAP: same stack, acceptance_first",example,second,2,0.6653336665833542,0.48773735374383353,1.1530710203271877
panel,Camera,Agent360,gradient,BoulwareTBNegotiator,slow concession (Boulware),time-based,first,2,0.6204342703248611,1.0,1.620434270324861
panel,Camera,Agent360,gradient,BoulwareTBNegotiator,slow concession (Boulware),time-based,second,2,0.6653336665833542,1.0,1.6653336665833542
panel,Camera,Agent360,gradient,ConcederTBNegotiator,fast concession,time-based,first,2,0.6960949335128765,1.0,1.6960949335128765
panel,Camera,Agent360,gradient,ConcederTBNegotiator,fast concession,time-based,second,2,0.5979755061234693,1.0,1.5979755061234693
panel,Camera,Agent360,gradient,LinearTBNegotiator,linear time concession,time-based,first,2,0.7442349772765526,1.0,1.7442349772765526
panel,Camera,Agent360,gradient,LinearTBNegotiator,linear time concession,time-based,second,2,0.5988502874281431,1.0,1.5988502874281432
panel,Camera,Agent360,gradient,ToughNegotiator,"hard line, slow give",time-based,first,2,0.26931493014644,1.0,1.26931493014644
panel,Camera,Agent360,gradient,ToughNegotiator,"hard line, slow give",time-based,second,2,0.4558860284928768,1.0,1.4558860284928767
panel,Camera,Agent360,gradient,MiCRONegotiator,MiCRO (Genius-style),genius-style,first,2,0.6012455815519272,1.0,1.601245581551927
panel,Camera,Agent360,gradient,MiCRONegotiator,MiCRO (Genius-style),genius-style,second,2,0.5532366908272932,1.0,1.5532366908272932
panel,Camera,Agent360,gradient,TimeBasedNegotiator,generic time-based,time-based,first,2,0.7010604275374516,1.0,1.7010604275374517
panel,Camera,Agent360,gradient,TimeBasedNegotiator,generic time-based,time-based,second,2,0.6653336665833542,1.0,1.6653336665833542
panel,Camera,Agent360,gradient,AspirationNegotiator,aspiration-based,time-based,first,2,0.6805251641137855,1.0,1.6805251641137855
panel,Camera,Agent360,gradient,AspirationNegotiator,aspiration-based,time-based,second,2,0.6653336665833542,1.0,1.6653336665833542
panel,Camera,Agent360,gradient,HybridNegotiator,hybrid time + utility,hybrid,first,2,0.6673960612691465,1.0,1.6673960612691465
panel,Camera,Agent360,gradient,HybridNegotiator,hybrid time + utility,hybrid,second,2,0.6044738815296177,1.0,1.6044738815296178
panel,Camera,Agent360,gradient,RandomNegotiator,random rational offers,baseline,first,2,0.5946810301296079,1.0,1.594681030129608
panel,Camera,Agent360,gradient,RandomNegotiator,random rational offers,baseline,second,2,0.6378405398650338,1.0,1.6378405398650338
panel,Camera,Agent360,gradient,FirstOfferOrientedTBNegotiator,anchors on first offer,oriented,first,2,0.6204342703248611,1.0,1.620434270324861
panel,Camera,Agent360,gradient,FirstOfferOrientedTBNegotiator,anchors on first offer,oriented,second,2,0.7091977005748564,1.0,1.7091977005748564
panel,Camera,Agent360,gradient,LastOfferOrientedTBNegotiator,follows last offer,oriented,first,2,0.6204342703248611,1.0,1.620434270324861
panel,Camera,Agent360,gradient,LastOfferOrientedTBNegotiator,follows last offer,oriented,second,2,0.6653336665833542,1.0,1.6653336665833542
panel,Camera,Agent360,gradient,BestOfferOrientedTBNegotiator,tracks best offer seen,oriented,first,2,0.6204342703248611,1.0,1.620434270324861
panel,Camera,Agent360,gradient,BestOfferOrientedTBNegotiator,tracks best offer seen,oriented,second,2,0.6653336665833542,1.0,1.6653336665833542
panel,Camera,Agent360Full,full,SimpleNegotiator,reverse-ufun + time concede,example,first,2,0.6241373506143746,0.6192829402465182,1.2434202908608927
panel,Camera,Agent360Full,full,SimpleNegotiator,reverse-ufun + time concede,example,second,2,0.5648587853036742,0.6288326298620255,1.1936914151656997
panel,Camera,Agent360Full,full,BOANeg,BOA: time offer + Smith + ACNext,example,first,2,0.6204342703248611,0.5301121767652921,1.1505464470901532
panel,Camera,Agent360Full,full,BOANeg,BOA: time offer + Smith + ACNext,example,second,2,0.6653336665833542,0.5119106712547548,1.177244337838109
panel,Camera,Agent360Full,full,MAPNeg,"MAP: same stack, acceptance_first",example,first,2,0.6204342703248611,0.5300133060495227,1.1504475763743836
panel,Camera,Agent360Full,full,MAPNeg,"MAP: same stack, acceptance_first",example,second,2,0.6653336665833542,0.5024717273467973,1.1678053939301516
panel,Camera,Agent360Full,full,BoulwareTBNegotiator,slow concession (Boulware),time-based,first,2,0.6204342703248611,1.0,1.620434270324861
panel,Camera,Agent360Full,full,BoulwareTBNegotiator,slow concession (Boulware),time-based,second,2,0.6653336665833542,1.0,1.6653336665833542
panel,Camera,Agent360Full,full,ConcederTBNegotiator,fast concession,time-based,first,2,0.8845312236997138,1.0,1.8845312236997138
panel,Camera,Agent360Full,full,ConcederTBNegotiator,fast concession,time-based,second,2,0.6543364158960261,1.0,1.654336415896026
panel,Camera,Agent360Full,full,LinearTBNegotiator,linear time concession,time-based,first,2,0.6241373506143746,1.0,1.6241373506143746
panel,Camera,Agent360Full,full,LinearTBNegotiator,linear time concession,time-based,second,2,0.5606098475381156,1.0,1.5606098475381156
panel,Camera,Agent360Full,full,ToughNegotiator,"hard line, slow give",time-based,first,2,0.26931493014644,1.0,1.26931493014644
panel,Camera,Agent360Full,full,ToughNegotiator,"hard line, slow give",time-based,second,2,0.4558860284928768,1.0,1.4558860284928767
panel,Camera,Agent360Full,full,MiCRONegotiator,MiCRO (Genius-style),genius-style,first,2,0.3116478707288335,1.0,1.3116478707288335
panel,Camera,Agent360Full,full,MiCRONegotiator,MiCRO (Genius-style),genius-style,second,2,0.5841039740064985,1.0,1.5841039740064984
panel,Camera,Agent360Full,full,TimeBasedNegotiator,generic time-based,time-based,first,2,0.6204342703248611,1.0,1.620434270324861
panel,Camera,Agent360Full,full,TimeBasedNegotiator,generic time-based,time-based,second,2,0.6653336665833542,1.0,1.6653336665833542
panel,Camera,Agent360Full,full,AspirationNegotiator,aspiration-based,time-based,first,2,0.6805251641137855,1.0,1.6805251641137855
panel,Camera,Agent360Full,full,AspirationNegotiator,aspiration-based,time-based,second,2,0.6653336665833542,1.0,1.6653336665833542
panel,Camera,Agent360Full,full,HybridNegotiator,hybrid time + utility,hybrid,first,2,0.5324019525332435,1.0,1.5324019525332435
panel,Camera,Agent360Full,full,HybridNegotiator,hybrid time + utility,hybrid,second,2,0.5841039740064985,1.0,1.5841039740064984
panel,Camera,Agent360Full,full,RandomNegotiator,random rational offers,baseline,first,2,0.47921225382932164,0.0,0.47921225382932164
panel,Camera,Agent360Full,full,RandomNegotiator,random rational offers,baseline,second,2,0.6659585103724068,1.0,1.6659585103724068
panel,Camera,Agent360Full,full,FirstOfferOrientedTBNegotiator,anchors on first offer,oriented,first,2,0.6222858104696178,1.0,1.6222858104696178
panel,Camera,Agent360Full,full,FirstOfferOrientedTBNegotiator,anchors on first offer,oriented,second,2,0.6653336665833542,1.0,1.6653336665833542
panel,Camera,Agent360Full,full,LastOfferOrientedTBNegotiator,follows last offer,oriented,first,2,0.6204342703248611,1.0,1.620434270324861
panel,Camera,Agent360Full,full,LastOfferOrientedTBNegotiator,follows last offer,oriented,second,2,0.6653336665833542,1.0,1.6653336665833542
panel,Camera,Agent360Full,full,BestOfferOrientedTBNegotiator,tracks best offer seen,oriented,first,2,0.6204342703248611,1.0,1.620434270324861
panel,Camera,Agent360Full,full,BestOfferOrientedTBNegotiator,tracks best offer seen,oriented,second,2,0.6653336665833542,1.0,1.6653336665833542
panel,Camera,Agent360Reverse,reverse,SimpleNegotiator,reverse-ufun + time concede,example,first,2,0.8643326039387308,0.6236118603865918,1.4879444643253226
panel,Camera,Agent360Reverse,reverse,SimpleNegotiator,reverse-ufun + time concede,example,second,2,0.7758060484878782,0.6373241840051729,1.413130232493051
panel,Camera,Agent360Reverse,reverse,BOANeg,BOA: time offer + Smith + ACNext,example,first,2,0.6204342703248611,0.4869685592114084,1.1074028295362695
panel,Camera,Agent360Reverse,reverse,BOANeg,BOA: time offer + Smith + ACNext,example,second,2,0.6653336665833542,0.4957632316465825,1.1610968982299368
panel,Camera,Agent360Reverse,reverse,MAPNeg,"MAP: same stack, acceptance_first",example,first,2,0.6204342703248611,0.485161039603156,1.1055953099280171
panel,Camera,Agent360Reverse,reverse,MAPNeg,"MAP: same stack, acceptance_first",example,second,2,0.6653336665833542,0.4934540162326025,1.158787682815957
panel,Camera,Agent360Reverse,reverse,BoulwareTBNegotiator,slow concession (Boulware),time-based,first,2,0.6204342703248611,1.0,1.620434270324861
panel,Camera,Agent360Reverse,reverse,BoulwareTBNegotiator,slow concession (Boulware),time-based,second,2,0.6653336665833542,1.0,1.6653336665833542
panel,Camera,Agent360Reverse,reverse,ConcederTBNegotiator,fast concession,time-based,first,2,0.8959771082309376,1.0,1.8959771082309376
panel,Camera,Agent360Reverse,reverse,ConcederTBNegotiator,fast concession,time-based,second,2,0.9250187453136717,1.0,1.9250187453136718
panel,Camera,Agent360Reverse,reverse,LinearTBNegotiator,linear time concession,time-based,first,2,0.8643326039387308,1.0,1.8643326039387307
panel,Camera,Agent360Reverse,reverse,LinearTBNegotiator,linear time concession,time-based,second,2,0.8450387403149213,1.0,1.8450387403149213
panel,Camera,Agent360Reverse,reverse,ToughNegotiator,"hard line, slow give",time-based,first,2,0.26931493014644,1.0,1.26931493014644
panel,Camera,Agent360Reverse,reverse,ToughNegotiator,"hard line, slow give",time-based,second,2,0.4558860284928768,1.0,1.4558860284928767
panel,Camera,Agent360Reverse,reverse,MiCRONegotiator,MiCRO (Genius-style),genius-style,first,2,0.3440498232620771,1.0,1.344049823262077
panel,Camera,Agent360Reverse,reverse,MiCRONegotiator,MiCRO (Genius-style),genius-style,second,2,0.7530617345663585,1.0,1.7530617345663586
panel,Camera,Agent360Reverse,reverse,TimeBasedNegotiator,generic time-based,time-based,first,2,0.6204342703248611,1.0,1.620434270324861
panel,Camera,Agent360Reverse,reverse,TimeBasedNegotiator,generic time-based,time-based,second,2,0.6653336665833542,1.0,1.6653336665833542
panel,Camera,Agent360Reverse,reverse,AspirationNegotiator,aspiration-based,time-based,first,2,0.6805251641137855,1.0,1.6805251641137855
panel,Camera,Agent360Reverse,reverse,AspirationNegotiator,aspiration-based,time-based,second,2,0.6653336665833542,1.0,1.6653336665833542
panel,Camera,Agent360Reverse,reverse,HybridNegotiator,hybrid time + utility,hybrid,first,2,0.8211580541996297,1.0,1.8211580541996297
panel,Camera,Agent360Reverse,reverse,HybridNegotiator,hybrid time + utility,hybrid,second,2,0.7211947013246689,1.0,1.721194701324669
panel,Camera,Agent360Reverse,reverse,RandomNegotiator,random rational offers,baseline,first,2,0.4338495202827807,1.0,1.4338495202827808
panel,Camera,Agent360Reverse,reverse,RandomNegotiator,random rational offers,baseline,second,2,0.9318920269932518,1.0,1.9318920269932518
panel,Camera,Agent360Reverse,reverse,FirstOfferOrientedTBNegotiator,anchors on first offer,oriented,first,2,0.6204342703248611,1.0,1.620434270324861
panel,Camera,Agent360Reverse,reverse,FirstOfferOrientedTBNegotiator,anchors on first offer,oriented,second,2,0.6653336665833542,1.0,1.6653336665833542
panel,Camera,Agent360Reverse,reverse,LastOfferOrientedTBNegotiator,follows last offer,oriented,first,2,0.6204342703248611,1.0,1.620434270324861
panel,Camera,Agent360Reverse,reverse,LastOfferOrientedTBNegotiator,follows last offer,oriented,second,2,0.6653336665833542,1.0,1.6653336665833542
panel,Camera,Agent360Reverse,reverse,BestOfferOrientedTBNegotiator,tracks best offer seen,oriented,first,2,0.6204342703248611,1.0,1.620434270324861
panel,Camera,Agent360Reverse,reverse,BestOfferOrientedTBNegotiator,tracks best offer seen,oriented,second,2,0.6653336665833542,1.0,1.6653336665833542
panel,Camera,Agent360V2,hybrid,SimpleNegotiator,reverse-ufun + time concede,example,first,2,0.8643326039387308,0.6236118603865918,1.4879444643253226
panel,Camera,Agent360V2,hybrid,SimpleNegotiator,reverse-ufun + time concede,example,second,2,0.6485878530367408,0.6371578701682957,1.2857457232050367
panel,Camera,Agent360V2,hybrid,BOANeg,BOA: time offer + Smith + ACNext,example,first,2,0.6204342703248611,0.4821908441671101,1.1026251144919712
panel,Camera,Agent360V2,hybrid,BOANeg,BOA: time offer + Smith + ACNext,example,second,2,0.6377155711072233,0.48851855373139424,1.1262341248386174
panel,Camera,Agent360V2,hybrid,MAPNeg,"MAP: same stack, acceptance_first",example,first,2,0.6204342703248611,0.48182663372426415,1.1022609040491251
panel,Camera,Agent360V2,hybrid,MAPNeg,"MAP: same stack, acceptance_first",example,second,2,0.6320919770057487,0.4913750268093541,1.1234670038151027
panel,Camera,Agent360V2,hybrid,BoulwareTBNegotiator,slow concession (Boulware),time-based,first,2,0.5764181114290523,1.0,1.5764181114290523
panel,Camera,Agent360V2,hybrid,BoulwareTBNegotiator,slow concession (Boulware),time-based,second,2,0.5914771307173208,1.0,1.5914771307173208
panel,Camera,Agent360V2,hybrid,ConcederTBNegotiator,fast concession,time-based,first,2,0.885877798350446,1.0,1.885877798350446
panel,Camera,Agent360V2,hybrid,ConcederTBNegotiator,fast concession,time-based,second,2,0.9198950262434392,1.0,1.9198950262434393
panel,Camera,Agent360V2,hybrid,LinearTBNegotiator,linear time concession,time-based,first,2,0.8643326039387308,1.0,1.8643326039387307
panel,Camera,Agent360V2,hybrid,LinearTBNegotiator,linear time concession,time-based,second,2,0.5909772556860786,1.0,1.5909772556860786
panel,Camera,Agent360V2,hybrid,ToughNegotiator,"hard line, slow give",time-based,first,2,0.26931493014644,1.0,1.26931493014644
panel,Camera,Agent360V2,hybrid,ToughNegotiator,"hard line, slow give",time-based,second,2,0.4558860284928768,1.0,1.4558860284928767
panel,Camera,Agent360V2,hybrid,MiCRONegotiator,MiCRO (Genius-style),genius-style,first,2,0.3898333613869719,1.0,1.389833361386972
panel,Camera,Agent360V2,hybrid,MiCRONegotiator,MiCRO (Genius-style),genius-style,second,2,0.6598350412396902,1.0,1.65983504123969
panel,Camera,Agent360V2,hybrid,TimeBasedNegotiator,generic time-based,time-based,first,2,0.6204342703248611,1.0,1.620434270324861
panel,Camera,Agent360V2,hybrid,TimeBasedNegotiator,generic time-based,time-based,second,2,0.6247188202949263,1.0,1.6247188202949263
panel,Camera,Agent360V2,hybrid,AspirationNegotiator,aspiration-based,time-based,first,2,0.6805251641137855,1.0,1.6805251641137855
panel,Camera,Agent360V2,hybrid,AspirationNegotiator,aspiration-based,time-based,second,2,0.6044738815296177,1.0,1.6044738815296178
panel,Camera,Agent360V2,hybrid,HybridNegotiator,hybrid time + utility,hybrid,first,2,0.640717051001515,1.0,1.640717051001515
panel,Camera,Agent360V2,hybrid,HybridNegotiator,hybrid time + utility,hybrid,second,2,0.6629592601849539,1.0,1.6629592601849539
panel,Camera,Agent360V2,hybrid,RandomNegotiator,random rational offers,baseline,first,2,0.434102003029793,1.0,1.434102003029793
panel,Camera,Agent360V2,hybrid,RandomNegotiator,random rational offers,baseline,second,2,0.0,1.0,1.0
panel,Camera,Agent360V2,hybrid,FirstOfferOrientedTBNegotiator,anchors on first offer,oriented,first,2,0.5764181114290523,1.0,1.5764181114290523
panel,Camera,Agent360V2,hybrid,FirstOfferOrientedTBNegotiator,anchors on first offer,oriented,second,2,0.6100974756310923,1.0,1.6100974756310924
panel,Camera,Agent360V2,hybrid,LastOfferOrientedTBNegotiator,follows last offer,oriented,first,2,0.6204342703248611,1.0,1.620434270324861
panel,Camera,Agent360V2,hybrid,LastOfferOrientedTBNegotiator,follows last offer,oriented,second,2,0.6377155711072233,1.0,1.6377155711072233
panel,Camera,Agent360V2,hybrid,BestOfferOrientedTBNegotiator,tracks best offer seen,oriented,first,2,0.6204342703248611,1.0,1.620434270324861
panel,Camera,Agent360V2,hybrid,BestOfferOrientedTBNegotiator,tracks best offer seen,oriented,second,2,0.6377155711072233,1.0,1.6377155711072233
panel,Car,Agent360,gradient,SimpleNegotiator,reverse-ufun + time concede,example,first,2,0.6000000000000001,0.24202104753948886,0.8420210475394889
panel,Car,Agent360,gradient,SimpleNegotiator,reverse-ufun + time concede,example,second,2,0.8048000000000002,0.5104240017371333,1.3152240017371333
panel,Car,Agent360,gradient,BOANeg,BOA: time offer + Smith + ACNext,example,first,2,0.8519000000000001,0.49212890762797157,1.3440289076279717
panel,Car,Agent360,gradient,BOANeg,BOA: time offer + Smith + ACNext,example,second,2,0.8616000000000001,0.4963219121991931,1.3579219121991932
panel,Car,Agent360,gradient,MAPNeg,"MAP: same stack, acceptance_first",example,first,2,0.8519000000000001,0.5140453922300998,1.3659453922301
panel,Car,Agent360,gradient,MAPNeg,"MAP: same stack, acceptance_first",example,second,2,0.8616000000000001,0.5165978933867197,1.3781978933867198
panel,Car,Agent360,gradient,BoulwareTBNegotiator,slow concession (Boulware),time-based,first,2,0.8519000000000001,1.0,1.8519
panel,Car,Agent360,gradient,BoulwareTBNegotiator,slow concession (Boulware),time-based,second,2,0.8616000000000001,1.0,1.8616000000000001
panel,Car,Agent360,gradient,ConcederTBNegotiator,fast concession,time-based,first,2,0.9297500000000001,0.5,1.42975
panel,Car,Agent360,gradient,ConcederTBNegotiator,fast concession,time-based,second,2,0.9787999999999999,1.0,1.9788
panel,Car,Agent360,gradient,LinearTBNegotiator,linear time concession,time-based,first,2,0.8221500000000002,1.0,1.8221500000000002
panel,Car,Agent360,gradient,LinearTBNegotiator,linear time concession,time-based,second,2,0.8128000000000002,1.0,1.8128000000000002
panel,Car,Agent360,gradient,ToughNegotiator,"hard line, slow give",time-based,first,2,0.0,1.0,1.0
panel,Car,Agent360,gradient,ToughNegotiator,"hard line, slow give",time-based,second,2,0.0,1.0,1.0
panel,Car,Agent360,gradient,MiCRONegotiator,MiCRO (Genius-style),genius-style,first,2,0.5899000000000001,1.0,1.5899
panel,Car,Agent360,gradient,MiCRONegotiator,MiCRO (Genius-style),genius-style,second,2,0.7860000000000001,1.0,1.786
panel,Car,Agent360,gradient,TimeBasedNegotiator,generic time-based,time-based,first,2,0.8519000000000001,1.0,1.8519
panel,Car,Agent360,gradient,TimeBasedNegotiator,generic time-based,time-based,second,2,0.8616000000000001,1.0,1.8616000000000001
panel,Car,Agent360,gradient,AspirationNegotiator,aspiration-based,time-based,first,2,0.8774,1.0,1.8774
panel,Car,Agent360,gradient,AspirationNegotiator,aspiration-based,time-based,second,2,0.8716000000000002,1.0,1.8716000000000002
panel,Car,Agent360,gradient,HybridNegotiator,hybrid time + utility,hybrid,first,2,0.7946500000000001,1.0,1.7946499999999999
panel,Car,Agent360,gradient,HybridNegotiator,hybrid time + utility,hybrid,second,2,0.8194000000000001,1.0,1.8194
panel,Car,Agent360,gradient,RandomNegotiator,random rational offers,baseline,first,2,0.48215,0.5,0.9821500000000001
panel,Car,Agent360,gradient,RandomNegotiator,random rational offers,baseline,second,2,0.8215000000000001,1.0,1.8215000000000001
panel,Car,Agent360,gradient,FirstOfferOrientedTBNegotiator,anchors on first offer,oriented,first,2,0.8519000000000001,1.0,1.8519
panel,Car,Agent360,gradient,FirstOfferOrientedTBNegotiator,anchors on first offer,oriented,second,2,0.8616000000000001,1.0,1.8616000000000001
panel,Car,Agent360,gradient,LastOfferOrientedTBNegotiator,follows last offer,oriented,first,2,0.8519000000000001,1.0,1.8519
panel,Car,Agent360,gradient,LastOfferOrientedTBNegotiator,follows last offer,oriented,second,2,0.8616000000000001,1.0,1.8616000000000001
panel,Car,Agent360,gradient,BestOfferOrientedTBNegotiator,tracks best offer seen,oriented,first,2,0.8519000000000001,1.0,1.8519
panel,Car,Agent360,gradient,BestOfferOrientedTBNegotiator,tracks best offer seen,oriented,second,2,0.8616000000000001,1.0,1.8616000000000001
panel,Car,Agent360Full,full,SimpleNegotiator,reverse-ufun + time concede,example,first,2,0.6454,0.0,0.6454
panel,Car,Agent360Full,full,SimpleNegotiator,reverse-ufun + time concede,example,second,2,0.7290000000000001,0.4919636673487162,1.2209636673487163
panel,Car,Agent360Full,full,BOANeg,BOA: time offer + Smith + ACNext,example,first,2,0.8519000000000001,0.5602206889614041,1.4121206889614042
panel,Car,Agent360Full,full,BOANeg,BOA: time offer + Smith + ACNext,example,second,2,0.7598000000000001,0.5675958341331001,1.3273958341331002
panel,Car,Agent360Full,full,MAPNeg,"MAP: same stack, acceptance_first",example,first,2,0.8519000000000001,0.5486112234727576,1.400511223472758
panel,Car,Agent360Full,full,MAPNeg,"MAP: same stack, acceptance_first",example,second,2,0.8616000000000001,0.5579929120277505,1.4195929120277504
panel,Car,Agent360Full,full,BoulwareTBNegotiator,slow concession (Boulware),time-based,first,2,0.8519000000000001,1.0,1.8519
panel,Car,Agent360Full,full,BoulwareTBNegotiator,slow concession (Boulware),time-based,second,2,0.8616000000000001,1.0,1.8616000000000001
panel,Car,Agent360Full,full,ConcederTBNegotiator,fast concession,time-based,first,2,0.59765,0.0,0.59765
panel,Car,Agent360Full,full,ConcederTBNegotiator,fast concession,time-based,second,2,0.9787999999999999,1.0,1.9788
panel,Car,Agent360Full,full,LinearTBNegotiator,linear time concession,time-based,first,2,0.6644000000000001,1.0,1.6644
panel,Car,Agent360Full,full,LinearTBNegotiator,linear time concession,time-based,second,2,0.7886000000000001,1.0,1.7886000000000002
panel,Car,Agent360Full,full,ToughNegotiator,"hard line, slow give",time-based,first,2,0.0,1.0,1.0
panel,Car,Agent360Full,full,ToughNegotiator,"hard line, slow give",time-based,second,2,0.0,1.0,1.0
panel,Car,Agent360Full,full,MiCRONegotiator,MiCRO (Genius-style),genius-style,first,2,0.5899000000000001,1.0,1.5899
panel,Car,Agent360Full,full,MiCRONegotiator,MiCRO (Genius-style),genius-style,second,2,0.7860000000000001,1.0,1.786
panel,Car,Agent360Full,full,TimeBasedNegotiator,generic time-based,time-based,first,2,0.8519000000000001,1.0,1.8519
panel,Car,Agent360Full,full,TimeBasedNegotiator,generic time-based,time-based,second,2,0.8616000000000001,1.0,1.8616000000000001
panel,Car,Agent360Full,full,AspirationNegotiator,aspiration-based,time-based,first,2,0.8774,1.0,1.8774
panel,Car,Agent360Full,full,AspirationNegotiator,aspiration-based,time-based,second,2,0.8716000000000002,1.0,1.8716000000000002
panel,Car,Agent360Full,full,HybridNegotiator,hybrid time + utility,hybrid,first,2,0.6714,1.0,1.6714
panel,Car,Agent360Full,full,HybridNegotiator,hybrid time + utility,hybrid,second,2,0.7698,1.0,1.7698
panel,Car,Agent360Full,full,RandomNegotiator,random rational offers,baseline,first,2,0.8848,1.0,1.8848000000000003
panel,Car,Agent360Full,full,RandomNegotiator,random rational offers,baseline,second,2,0.9375,1.0,1.9375
panel,Car,Agent360Full,full,FirstOfferOrientedTBNegotiator,anchors on first offer,oriented,first,2,0.8519000000000001,1.0,1.8519
panel,Car,Agent360Full,full,FirstOfferOrientedTBNegotiator,anchors on first offer,oriented,second,2,0.8616000000000001,1.0,1.8616000000000001
panel,Car,Agent360Full,full,LastOfferOrientedTBNegotiator,follows last offer,oriented,first,2,0.8519000000000001,1.0,1.8519
panel,Car,Agent360Full,full,LastOfferOrientedTBNegotiator,follows last offer,oriented,second,2,0.8616000000000001,1.0,1.8616000000000001
panel,Car,Agent360Full,full,BestOfferOrientedTBNegotiator,tracks best offer seen,oriented,first,2,0.8519000000000001,1.0,1.8519
panel,Car,Agent360Full,full,BestOfferOrientedTBNegotiator,tracks best offer seen,oriented,second,2,0.8616000000000001,1.0,1.8616000000000001
panel,Car,Agent360Reverse,reverse,SimpleNegotiator,reverse-ufun + time concede,example,first,2,0.9312,0.49892369104149403,1.430123691041494
panel,Car,Agent360Reverse,reverse,SimpleNegotiator,reverse-ufun + time concede,example,second,2,0.9188000000000002,0.51924849854101,1.43804849854101
panel,Car,Agent360Reverse,reverse,BOANeg,BOA: time offer + Smith + ACNext,example,first,2,0.8519000000000001,0.4784192932203213,1.3303192932203214
panel,Car,Agent360Reverse,reverse,BOANeg,BOA: time offer + Smith + ACNext,example,second,2,0.8616000000000001,0.507476013025651,1.3690760130256512
panel,Car,Agent360Reverse,reverse,MAPNeg,"MAP: same stack, acceptance_first",example,first,2,0.8519000000000001,0.4786722383241944,1.3305722383241945
panel,Car,Agent360Reverse,reverse,MAPNeg,"MAP: same stack, acceptance_first",example,second,2,0.8616000000000001,0.5086345043257627,1.3702345043257629
panel,Car,Agent360Reverse,reverse,BoulwareTBNegotiator,slow concession (Boulware),time-based,first,2,0.8519000000000001,1.0,1.8519
panel,Car,Agent360Reverse,reverse,BoulwareTBNegotiator,slow concession (Boulware),time-based,second,2,0.8616000000000001,1.0,1.8616000000000001
panel,Car,Agent360Reverse,reverse,ConcederTBNegotiator,fast concession,time-based,first,2,0.9855000000000002,1.0,1.9855
panel,Car,Agent360Reverse,reverse,ConcederTBNegotiator,fast concession,time-based,second,2,0.9738000000000001,1.0,1.9738000000000002
panel,Car,Agent360Reverse,reverse,LinearTBNegotiator,linear time concession,time-based,first,2,0.9312,1.0,1.9312
panel,Car,Agent360Reverse,reverse,LinearTBNegotiator,linear time concession,time-based,second,2,0.9707999999999999,1.0,1.9707999999999999
panel,Car,Agent360Reverse,reverse,ToughNegotiator,"hard line, slow give",time-based,first,2,0.0,1.0,1.0
panel,Car,Agent360Reverse,reverse,ToughNegotiator,"hard line, slow give",time-based,second,2,0.0,1.0,1.0
panel,Car,Agent360Reverse,reverse,MiCRONegotiator,MiCRO (Genius-style),genius-style,first,2,0.6086000000000001,1.0,1.6086
panel,Car,Agent360Reverse,reverse,MiCRONegotiator,MiCRO (Genius-style),genius-style,second,2,0.7140000000000002,1.0,1.714
panel,Car,Agent360Reverse,reverse,TimeBasedNegotiator,generic time-based,time-based,first,2,0.8519000000000001,1.0,1.8519
panel,Car,Agent360Reverse,reverse,TimeBasedNegotiator,generic time-based,time-based,second,2,0.8616000000000001,1.0,1.8616000000000001
panel,Car,Agent360Reverse,reverse,AspirationNegotiator,aspiration-based,time-based,first,2,0.8774,1.0,1.8774
panel,Car,Agent360Reverse,reverse,AspirationNegotiator,aspiration-based,time-based,second,2,0.8716000000000002,1.0,1.8716000000000002
panel,Car,Agent360Reverse,reverse,HybridNegotiator,hybrid time + utility,hybrid,first,2,0.9538500000000001,1.0,1.95385
panel,Car,Agent360Reverse,reverse,HybridNegotiator,hybrid time + utility,hybrid,second,2,0.9652999999999999,1.0,1.9653
panel,Car,Agent360Reverse,reverse,RandomNegotiator,random rational offers,baseline,first,2,0.0,1.0,1.0
panel,Car,Agent360Reverse,reverse,RandomNegotiator,random rational offers,baseline,second,2,0.0,1.0,1.0
panel,Car,Agent360Reverse,reverse,FirstOfferOrientedTBNegotiator,anchors on first offer,oriented,first,2,0.8519000000000001,1.0,1.8519
panel,Car,Agent360Reverse,reverse,FirstOfferOrientedTBNegotiator,anchors on first offer,oriented,second,2,0.8616000000000001,1.0,1.8616000000000001
panel,Car,Agent360Reverse,reverse,LastOfferOrientedTBNegotiator,follows last offer,oriented,first,2,0.8519000000000001,1.0,1.8519
panel,Car,Agent360Reverse,reverse,LastOfferOrientedTBNegotiator,follows last offer,oriented,second,2,0.8616000000000001,1.0,1.8616000000000001
panel,Car,Agent360Reverse,reverse,BestOfferOrientedTBNegotiator,tracks best offer seen,oriented,first,2,0.8519000000000001,1.0,1.8519
panel,Car,Agent360Reverse,reverse,BestOfferOrientedTBNegotiator,tracks best offer seen,oriented,second,2,0.8616000000000001,1.0,1.8616000000000001
panel,Car,Agent360V2,hybrid,SimpleNegotiator,reverse-ufun + time concede,example,first,2,0.9312,0.49892369104149403,1.430123691041494
panel,Car,Agent360V2,hybrid,SimpleNegotiator,reverse-ufun + time concede,example,second,2,0.9188000000000002,0.51924849854101,1.43804849854101
panel,Car,Agent360V2,hybrid,BOANeg,BOA: time offer + Smith + ACNext,example,first,2,0.7813500000000001,0.47981454247719535,1.2611645424771956
panel,Car,Agent360V2,hybrid,BOANeg,BOA: time offer + Smith + ACNext,example,second,2,0.8616000000000001,0.5095109301213326,1.3711109301213327
panel,Car,Agent360V2,hybrid,MAPNeg,"MAP: same stack, acceptance_first",example,first,2,0.8519000000000001,0.48073586598106355,1.3326358659810635
panel,Car,Agent360V2,hybrid,MAPNeg,"MAP: same stack, acceptance_first",example,second,2,0.7528000000000001,0.5105247668581574,1.2633247668581575
panel,Car,Agent360V2,hybrid,BoulwareTBNegotiator,slow concession (Boulware),time-based,first,2,0.8519000000000001,1.0,1.8519
panel,Car,Agent360V2,hybrid,BoulwareTBNegotiator,slow concession (Boulware),time-based,second,2,0.8616000000000001,1.0,1.8616000000000001
panel,Car,Agent360V2,hybrid,ConcederTBNegotiator,fast concession,time-based,first,2,0.9855000000000002,1.0,1.9855
panel,Car,Agent360V2,hybrid,ConcederTBNegotiator,fast concession,time-based,second,2,0.9738000000000001,1.0,1.9738000000000002
panel,Car,Agent360V2,hybrid,LinearTBNegotiator,linear time concession,time-based,first,2,0.9312,1.0,1.9312
panel,Car,Agent360V2,hybrid,LinearTBNegotiator,linear time concession,time-based,second,2,0.9707999999999999,1.0,1.9707999999999999
panel,Car,Agent360V2,hybrid,ToughNegotiator,"hard line, slow give",time-based,first,2,0.0,1.0,1.0
panel,Car,Agent360V2,hybrid,ToughNegotiator,"hard line, slow give",time-based,second,2,0.0,1.0,1.0
panel,Car,Agent360V2,hybrid,MiCRONegotiator,MiCRO (Genius-style),genius-style,first,2,0.6086000000000001,1.0,1.6086
panel,Car,Agent360V2,hybrid,MiCRONegotiator,MiCRO (Genius-style),genius-style,second,2,0.7140000000000002,1.0,1.714
panel,Car,Agent360V2,hybrid,TimeBasedNegotiator,generic time-based,time-based,first,2,0.69535,1.0,1.69535
panel,Car,Agent360V2,hybrid,TimeBasedNegotiator,generic time-based,time-based,second,2,0.8616000000000001,1.0,1.8616000000000001
panel,Car,Agent360V2,hybrid,AspirationNegotiator,aspiration-based,time-based,first,2,0.8080499999999999,1.0,1.8080500000000002
panel,Car,Agent360V2,hybrid,AspirationNegotiator,aspiration-based,time-based,second,2,0.8716000000000002,1.0,1.8716000000000002
panel,Car,Agent360V2,hybrid,HybridNegotiator,hybrid time + utility,hybrid,first,2,0.9660500000000001,1.0,1.96605
panel,Car,Agent360V2,hybrid,HybridNegotiator,hybrid time + utility,hybrid,second,2,0.9178,1.0,1.9178000000000002
panel,Car,Agent360V2,hybrid,RandomNegotiator,random rational offers,baseline,first,2,0.0,1.0,1.0
panel,Car,Agent360V2,hybrid,RandomNegotiator,random rational offers,baseline,second,2,0.0,1.0,1.0
panel,Car,Agent360V2,hybrid,FirstOfferOrientedTBNegotiator,anchors on first offer,oriented,first,2,0.73365,1.0,1.73365
panel,Car,Agent360V2,hybrid,FirstOfferOrientedTBNegotiator,anchors on first offer,oriented,second,2,0.8616000000000001,1.0,1.8616000000000001
panel,Car,Agent360V2,hybrid,LastOfferOrientedTBNegotiator,follows last offer,oriented,first,2,0.80805,1.0,1.8080500000000002
panel,Car,Agent360V2,hybrid,LastOfferOrientedTBNegotiator,follows last offer,oriented,second,2,0.8616000000000001,1.0,1.8616000000000001
panel,Car,Agent360V2,hybrid,BestOfferOrientedTBNegotiator,tracks best offer seen,oriented,first,2,0.8519000000000001,1.0,1.8519
panel,Car,Agent360V2,hybrid,BestOfferOrientedTBNegotiator,tracks best offer seen,oriented,second,2,0.8616000000000001,1.0,1.8616000000000001
panel,Grocery,Agent360,gradient,SimpleNegotiator,reverse-ufun + time concede,example,first,2,0.5722222222222222,0.31551672479228177,0.8877389470145041
panel,Grocery,Agent360,gradient,SimpleNegotiator,reverse-ufun + time concede,example,second,2,0.7500000000000001,0.6421345180823227,1.3921345180823228
panel,Grocery,Agent360,gradient,BOANeg,BOA: time offer + Smith + ACNext,example,first,2,0.7055555555555557,0.4775628717799288,1.1831184273354844
panel,Grocery,Agent360,gradient,BOANeg,BOA: time offer + Smith + ACNext,example,second,2,0.7500000000000001,0.49947705843065415,1.2494770584306543
panel,Grocery,Agent360,gradient,MAPNeg,"MAP: same stack, acceptance_first",example,first,2,0.7055555555555557,0.4731210942603281,1.1786766498158838
panel,Grocery,Agent360,gradient,MAPNeg,"MAP: same stack, acceptance_first",example,second,2,0.7500000000000001,0.5066567646507161,1.2566567646507163
panel,Grocery,Agent360,gradient,BoulwareTBNegotiator,slow concession (Boulware),time-based,first,2,0.7055555555555557,1.0,1.7055555555555557
panel,Grocery,Agent360,gradient,BoulwareTBNegotiator,slow concession (Boulware),time-based,second,2,0.7500000000000001,1.0,1.75
panel,Grocery,Agent360,gradient,ConcederTBNegotiator,fast concession,time-based,first,2,0.6055555555555556,1.0,1.6055555555555556
panel,Grocery,Agent360,gradient,ConcederTBNegotiator,fast concession,time-based,second,2,0.7083333333333334,1.0,1.7083333333333333
panel,Grocery,Agent360,gradient,LinearTBNegotiator,linear time concession,time-based,first,2,0.5333333333333334,1.0,1.5333333333333334
panel,Grocery,Agent360,gradient,LinearTBNegotiator,linear time concession,time-based,second,2,0.7500000000000001,1.0,1.75
panel,Grocery,Agent360,gradient,ToughNegotiator,"hard line, slow give",time-based,first,2,0.38888888888888895,1.0,1.3888888888888888
panel,Grocery,Agent360,gradient,ToughNegotiator,"hard line, slow give",time-based,second,2,0.47222222222222227,1.0,1.4722222222222223
panel,Grocery,Agent360,gradient,MiCRONegotiator,MiCRO (Genius-style),genius-style,first,2,0.6222222222222223,1.0,1.6222222222222222
panel,Grocery,Agent360,gradient,MiCRONegotiator,MiCRO (Genius-style),genius-style,second,2,0.7500000000000001,1.0,1.75
panel,Grocery,Agent360,gradient,TimeBasedNegotiator,generic time-based,time-based,first,2,0.7055555555555557,1.0,1.7055555555555557
panel,Grocery,Agent360,gradient,TimeBasedNegotiator,generic time-based,time-based,second,2,0.7500000000000001,1.0,1.75
panel,Grocery,Agent360,gradient,AspirationNegotiator,aspiration-based,time-based,first,2,0.8222222222222224,1.0,1.8222222222222224
panel,Grocery,Agent360,gradient,AspirationNegotiator,aspiration-based,time-based,second,2,0.7500000000000001,1.0,1.75
panel,Grocery,Agent360,gradient,HybridNegotiator,hybrid time + utility,hybrid,first,2,0.6722222222222224,1.0,1.6722222222222225
panel,Grocery,Agent360,gradient,HybridNegotiator,hybrid time + utility,hybrid,second,2,0.6361111111111112,1.0,1.636111111111111
panel,Grocery,Agent360,gradient,RandomNegotiator,random rational offers,baseline,first,2,0.3083333333333334,0.5,0.8083333333333333
panel,Grocery,Agent360,gradient,RandomNegotiator,random rational offers,baseline,second,2,0.6833333333333333,1.0,1.6833333333333333
panel,Grocery,Agent360,gradient,FirstOfferOrientedTBNegotiator,anchors on first offer,oriented,first,2,0.7055555555555557,1.0,1.7055555555555557
panel,Grocery,Agent360,gradient,FirstOfferOrientedTBNegotiator,anchors on first offer,oriented,second,2,0.7500000000000001,1.0,1.75
panel,Grocery,Agent360,gradient,LastOfferOrientedTBNegotiator,follows last offer,oriented,first,2,0.7055555555555557,1.0,1.7055555555555557
panel,Grocery,Agent360,gradient,LastOfferOrientedTBNegotiator,follows last offer,oriented,second,2,0.7500000000000001,1.0,1.75
panel,Grocery,Agent360,gradient,BestOfferOrientedTBNegotiator,tracks best offer seen,oriented,first,2,0.7638888888888891,1.0,1.763888888888889
panel,Grocery,Agent360,gradient,BestOfferOrientedTBNegotiator,tracks best offer seen,oriented,second,2,0.7500000000000001,1.0,1.75
panel,Grocery,Agent360Full,full,SimpleNegotiator,reverse-ufun + time concede,example,first,2,0.588888888888889,0.6285025257883223,1.2173914146772113
panel,Grocery,Agent360Full,full,SimpleNegotiator,reverse-ufun + time concede,example,second,2,0.6305555555555555,0.6427037145751653,1.2732592701307208
panel,Grocery,Agent360Full,full,BOANeg,BOA: time offer + Smith + ACNext,example,first,2,0.7055555555555557,0.4810234871246405,1.1865790426801963
panel,Grocery,Agent360Full,full,BOANeg,BOA: time offer + Smith + ACNext,example,second,2,0.7500000000000001,0.5395428392349465,1.2895428392349466
panel,Grocery,Agent360Full,full,MAPNeg,"MAP: same stack, acceptance_first",example,first,2,0.7055555555555557,0.4810066096483238,1.1865621652038794
panel,Grocery,Agent360Full,full,MAPNeg,"MAP: same stack, acceptance_first",example,second,2,0.7500000000000001,0.5355459928223057,1.2855459928223059
panel,Grocery,Agent360Full,full,BoulwareTBNegotiator,slow concession (Boulware),time-based,first,2,0.7055555555555557,1.0,1.7055555555555557
panel,Grocery,Agent360Full,full,BoulwareTBNegotiator,slow concession (Boulware),time-based,second,2,0.7500000000000001,1.0,1.75
panel,Grocery,Agent360Full,full,ConcederTBNegotiator,fast concession,time-based,first,2,0.5527777777777778,0.5,1.0527777777777778
panel,Grocery,Agent360Full,full,ConcederTBNegotiator,fast concession,time-based,second,2,0.638888888888889,1.0,1.6388888888888888
panel,Grocery,Agent360Full,full,LinearTBNegotiator,linear time concession,time-based,first,2,0.588888888888889,1.0,1.588888888888889
panel,Grocery,Agent360Full,full,LinearTBNegotiator,linear time concession,time-based,second,2,0.7500000000000001,1.0,1.75
panel,Grocery,Agent360Full,full,ToughNegotiator,"hard line, slow give",time-based,first,2,0.38888888888888895,1.0,1.3888888888888888
panel,Grocery,Agent360Full,full,ToughNegotiator,"hard line, slow give",time-based,second,2,0.47222222222222227,1.0,1.4722222222222223
panel,Grocery,Agent360Full,full,MiCRONegotiator,MiCRO (Genius-style),genius-style,first,2,0.588888888888889,1.0,1.588888888888889
panel,Grocery,Agent360Full,full,MiCRONegotiator,MiCRO (Genius-style),genius-style,second,2,0.7500000000000001,1.0,1.75
panel,Grocery,Agent360Full,full,TimeBasedNegotiator,generic time-based,time-based,first,2,0.7638888888888891,1.0,1.763888888888889
panel,Grocery,Agent360Full,full,TimeBasedNegotiator,generic time-based,time-based,second,2,0.7500000000000001,1.0,1.75
panel,Grocery,Agent360Full,full,AspirationNegotiator,aspiration-based,time-based,first,2,0.8222222222222224,1.0,1.8222222222222224
panel,Grocery,Agent360Full,full,AspirationNegotiator,aspiration-based,time-based,second,2,0.7500000000000001,1.0,1.75
panel,Grocery,Agent360Full,full,HybridNegotiator,hybrid time + utility,hybrid,first,2,0.46388888888888896,1.0,1.463888888888889
panel,Grocery,Agent360Full,full,HybridNegotiator,hybrid time + utility,hybrid,second,2,0.6277777777777778,1.0,1.6277777777777778
panel,Grocery,Agent360Full,full,RandomNegotiator,random rational offers,baseline,first,2,0.6388888888888891,1.0,1.6388888888888888
panel,Grocery,Agent360Full,full,RandomNegotiator,random rational offers,baseline,second,2,0.31666666666666665,1.0,1.3166666666666667
panel,Grocery,Agent360Full,full,FirstOfferOrientedTBNegotiator,anchors on first offer,oriented,first,2,0.7638888888888891,1.0,1.763888888888889
panel,Grocery,Agent360Full,full,FirstOfferOrientedTBNegotiator,anchors on first offer,oriented,second,2,0.7500000000000001,1.0,1.75
panel,Grocery,Agent360Full,full,LastOfferOrientedTBNegotiator,follows last offer,oriented,first,2,0.7055555555555557,1.0,1.7055555555555557
panel,Grocery,Agent360Full,full,LastOfferOrientedTBNegotiator,follows last offer,oriented,second,2,0.7500000000000001,1.0,1.75
panel,Grocery,Agent360Full,full,BestOfferOrientedTBNegotiator,tracks best offer seen,oriented,first,2,0.7055555555555557,1.0,1.7055555555555557
panel,Grocery,Agent360Full,full,BestOfferOrientedTBNegotiator,tracks best offer seen,oriented,second,2,0.7500000000000001,1.0,1.75
panel,Grocery,Agent360Reverse,reverse,SimpleNegotiator,reverse-ufun + time concede,example,first,2,0.8722222222222223,0.6296964389941688,1.5019186612163913
panel,Grocery,Agent360Reverse,reverse,SimpleNegotiator,reverse-ufun + time concede,example,second,2,0.8833333333333334,0.6529133893947503,1.5362467227280838
panel,Grocery,Agent360Reverse,reverse,BOANeg,BOA: time offer + Smith + ACNext,example,first,2,0.7055555555555557,0.4761172496023527,1.1816728051579084
panel,Grocery,Agent360Reverse,reverse,BOANeg,BOA: time offer + Smith + ACNext,example,second,2,0.7500000000000001,0.5129011099431606,1.2629011099431606
panel,Grocery,Agent360Reverse,reverse,MAPNeg,"MAP: same stack, acceptance_first",example,first,2,0.7055555555555557,0.4806472573966325,1.1862028129521882
panel,Grocery,Agent360Reverse,reverse,MAPNeg,"MAP: same stack, acceptance_first",example,second,2,0.7500000000000001,0.5115558986407573,1.2615558986407573
panel,Grocery,Agent360Reverse,reverse,BoulwareTBNegotiator,slow concession (Boulware),time-based,first,2,0.7055555555555557,1.0,1.7055555555555557
panel,Grocery,Agent360Reverse,reverse,BoulwareTBNegotiator,slow concession (Boulware),time-based,second,2,0.7500000000000001,1.0,1.75
panel,Grocery,Agent360Reverse,reverse,ConcederTBNegotiator,fast concession,time-based,first,2,0.8555555555555557,1.0,1.8555555555555556
panel,Grocery,Agent360Reverse,reverse,ConcederTBNegotiator,fast concession,time-based,second,2,0.9027777777777779,1.0,1.9027777777777777
panel,Grocery,Agent360Reverse,reverse,LinearTBNegotiator,linear time concession,time-based,first,2,0.8222222222222224,1.0,1.8222222222222224
panel,Grocery,Agent360Reverse,reverse,LinearTBNegotiator,linear time concession,time-based,second,2,0.8833333333333334,1.0,1.8833333333333333
panel,Grocery,Agent360Reverse,reverse,ToughNegotiator,"hard line, slow give",time-based,first,2,0.38888888888888895,1.0,1.3888888888888888
panel,Grocery,Agent360Reverse,reverse,ToughNegotiator,"hard line, slow give",time-based,second,2,0.47222222222222227,1.0,1.4722222222222223
panel,Grocery,Agent360Reverse,reverse,MiCRONegotiator,MiCRO (Genius-style),genius-style,first,2,0.7722222222222224,1.0,1.7722222222222224
panel,Grocery,Agent360Reverse,reverse,MiCRONegotiator,MiCRO (Genius-style),genius-style,second,2,0.8833333333333334,1.0,1.8833333333333333
panel,Grocery,Agent360Reverse,reverse,TimeBasedNegotiator,generic time-based,time-based,first,2,0.7055555555555557,1.0,1.7055555555555557
panel,Grocery,Agent360Reverse,reverse,TimeBasedNegotiator,generic time-based,time-based,second,2,0.7500000000000001,1.0,1.75
panel,Grocery,Agent360Reverse,reverse,AspirationNegotiator,aspiration-based,time-based,first,2,0.8222222222222224,1.0,1.8222222222222224
panel,Grocery,Agent360Reverse,reverse,AspirationNegotiator,aspiration-based,time-based,second,2,0.7500000000000001,1.0,1.75
panel,Grocery,Agent360Reverse,reverse,HybridNegotiator,hybrid time + utility,hybrid,first,2,0.8472222222222223,1.0,1.8472222222222223
panel,Grocery,Agent360Reverse,reverse,HybridNegotiator,hybrid time + utility,hybrid,second,2,0.8833333333333334,1.0,1.8833333333333333
panel,Grocery,Agent360Reverse,reverse,RandomNegotiator,random rational offers,baseline,first,2,0.41944444444444456,1.0,1.4194444444444445
panel,Grocery,Agent360Reverse,reverse,RandomNegotiator,random rational offers,baseline,second,2,0.8777777777777778,1.0,1.8777777777777778
panel,Grocery,Agent360Reverse,reverse,FirstOfferOrientedTBNegotiator,anchors on first offer,oriented,first,2,0.7055555555555557,1.0,1.7055555555555557
panel,Grocery,Agent360Reverse,reverse,FirstOfferOrientedTBNegotiator,anchors on first offer,oriented,second,2,0.7500000000000001,1.0,1.75
panel,Grocery,Agent360Reverse,reverse,LastOfferOrientedTBNegotiator,follows last offer,oriented,first,2,0.7055555555555557,1.0,1.7055555555555557
panel,Grocery,Agent360Reverse,reverse,LastOfferOrientedTBNegotiator,follows last offer,oriented,second,2,0.7500000000000001,1.0,1.75
panel,Grocery,Agent360Reverse,reverse,BestOfferOrientedTBNegotiator,tracks best offer seen,oriented,first,2,0.713888888888889,1.0,1.713888888888889
panel,Grocery,Agent360Reverse,reverse,BestOfferOrientedTBNegotiator,tracks best offer seen,oriented,second,2,0.7500000000000001,1.0,1.75
panel,Grocery,Agent360V2,hybrid,SimpleNegotiator,reverse-ufun + time concede,example,first,2,0.8472222222222223,0.6290965277681764,1.4763187499903987
panel,Grocery,Agent360V2,hybrid,SimpleNegotiator,reverse-ufun + time concede,example,second,2,0.8833333333333334,0.6479959481346882,1.5313292814680217
panel,Grocery,Agent360V2,hybrid,BOANeg,BOA: time offer + Smith + ACNext,example,first,2,0.7055555555555557,0.47301400785430525,1.178569563409861
panel,Grocery,Agent360V2,hybrid,BOANeg,BOA: time offer + Smith + ACNext,example,second,2,0.7500000000000001,0.5073554590873213,1.2573554590873215
panel,Grocery,Agent360V2,hybrid,MAPNeg,"MAP: same stack, acceptance_first",example,first,2,0.588888888888889,0.4784150899741135,1.0673039788630025
panel,Grocery,Agent360V2,hybrid,MAPNeg,"MAP: same stack, acceptance_first",example,second,2,0.7500000000000001,0.5110204127319202,1.2610204127319204
panel,Grocery,Agent360V2,hybrid,BoulwareTBNegotiator,slow concession (Boulware),time-based,first,2,0.6472222222222224,1.0,1.6472222222222224
panel,Grocery,Agent360V2,hybrid,BoulwareTBNegotiator,slow concession (Boulware),time-based,second,2,0.7500000000000001,1.0,1.75
panel,Grocery,Agent360V2,hybrid,ConcederTBNegotiator,fast concession,time-based,first,2,0.8777777777777779,0.5,1.3777777777777778
panel,Grocery,Agent360V2,hybrid,ConcederTBNegotiator,fast concession,time-based,second,2,0.9222222222222223,1.0,1.9222222222222223
panel,Grocery,Agent360V2,hybrid,LinearTBNegotiator,linear time concession,time-based,first,2,0.8472222222222223,1.0,1.8472222222222223
panel,Grocery,Agent360V2,hybrid,LinearTBNegotiator,linear time concession,time-based,second,2,0.8833333333333334,1.0,1.8833333333333333
panel,Grocery,Agent360V2,hybrid,ToughNegotiator,"hard line, slow give",time-based,first,2,0.38888888888888895,1.0,1.3888888888888888
panel,Grocery,Agent360V2,hybrid,ToughNegotiator,"hard line, slow give",time-based,second,2,0.47222222222222227,1.0,1.4722222222222223
panel,Grocery,Agent360V2,hybrid,MiCRONegotiator,MiCRO (Genius-style),genius-style,first,2,0.7444444444444446,1.0,1.7444444444444445
panel,Grocery,Agent360V2,hybrid,MiCRONegotiator,MiCRO (Genius-style),genius-style,second,2,0.8833333333333334,1.0,1.8833333333333333
panel,Grocery,Agent360V2,hybrid,TimeBasedNegotiator,generic time-based,time-based,first,2,0.7055555555555557,1.0,1.7055555555555557
panel,Grocery,Agent360V2,hybrid,TimeBasedNegotiator,generic time-based,time-based,second,2,0.7500000000000001,1.0,1.75
panel,Grocery,Agent360V2,hybrid,AspirationNegotiator,aspiration-based,time-based,first,2,0.588888888888889,1.0,1.588888888888889
panel,Grocery,Agent360V2,hybrid,AspirationNegotiator,aspiration-based,time-based,second,2,0.7500000000000001,1.0,1.75
panel,Grocery,Agent360V2,hybrid,HybridNegotiator,hybrid time + utility,hybrid,first,2,0.8888888888888891,1.0,1.888888888888889
panel,Grocery,Agent360V2,hybrid,HybridNegotiator,hybrid time + utility,hybrid,second,2,0.8416666666666668,1.0,1.8416666666666668
panel,Grocery,Agent360V2,hybrid,RandomNegotiator,random rational offers,baseline,first,2,0.8583333333333335,1.0,1.8583333333333336
panel,Grocery,Agent360V2,hybrid,RandomNegotiator,random rational offers,baseline,second,2,0.4416666666666667,1.0,1.4416666666666667
panel,Grocery,Agent360V2,hybrid,FirstOfferOrientedTBNegotiator,anchors on first offer,oriented,first,2,0.588888888888889,1.0,1.588888888888889
panel,Grocery,Agent360V2,hybrid,FirstOfferOrientedTBNegotiator,anchors on first offer,oriented,second,2,0.7500000000000001,1.0,1.75
panel,Grocery,Agent360V2,hybrid,LastOfferOrientedTBNegotiator,follows last offer,oriented,first,2,0.588888888888889,1.0,1.588888888888889
panel,Grocery,Agent360V2,hybrid,LastOfferOrientedTBNegotiator,follows last offer,oriented,second,2,0.7500000000000001,1.0,1.75
panel,Grocery,Agent360V2,hybrid,BestOfferOrientedTBNegotiator,tracks best offer seen,oriented,first,2,0.6500000000000001,1.0,1.6500000000000001
panel,Grocery,Agent360V2,hybrid,BestOfferOrientedTBNegotiator,tracks best offer seen,oriented,second,2,0.7500000000000001,1.0,1.75
panel,ISBTAcquisition,Agent360,gradient,SimpleNegotiator,reverse-ufun + time concede,example,first,2,0.5947712418300654,0.5842634996081424,1.1790347414382076
panel,ISBTAcquisition,Agent360,gradient,SimpleNegotiator,reverse-ufun + time concede,example,second,2,0.5121951219512194,0.5948438059442123,1.1070389278954316
panel,ISBTAcquisition,Agent360,gradient,BOANeg,BOA: time offer + Smith + ACNext,example,first,2,0.7516339869281045,0.459395740613577,1.2110297275416815
panel,ISBTAcquisition,Agent360,gradient,BOANeg,BOA: time offer + Smith + ACNext,example,second,2,0.5121951219512194,0.7907352199253099,1.3029303418765295
panel,ISBTAcquisition,Agent360,gradient,MAPNeg,"MAP: same stack, acceptance_first",example,first,2,0.7254901960784313,0.456917890232171,1.1824080863106023
panel,ISBTAcquisition,Agent360,gradient,MAPNeg,"MAP: same stack, acceptance_first",example,second,2,0.5121951219512194,0.7759249613400434,1.288120083291263
panel,ISBTAcquisition,Agent360,gradient,BoulwareTBNegotiator,slow concession (Boulware),time-based,first,2,0.6470588235294118,1.0,1.6470588235294117
panel,ISBTAcquisition,Agent360,gradient,BoulwareTBNegotiator,slow concession (Boulware),time-based,second,2,0.5121951219512194,1.0,1.5121951219512195
panel,ISBTAcquisition,Agent360,gradient,ConcederTBNegotiator,fast concession,time-based,first,2,0.4705882352941177,0.5,0.9705882352941178
panel,ISBTAcquisition,Agent360,gradient,ConcederTBNegotiator,fast concession,time-based,second,2,0.75,1.0,1.75
panel,ISBTAcquisition,Agent360,gradient,LinearTBNegotiator,linear time concession,time-based,first,2,0.6111111111111112,1.0,1.6111111111111112
panel,ISBTAcquisition,Agent360,gradient,LinearTBNegotiator,linear time concession,time-based,second,2,0.5182926829268292,1.0,1.5182926829268293
panel,ISBTAcquisition,Agent360,gradient,ToughNegotiator,"hard line, slow give",time-based,first,2,0.33986928104575165,1.0,1.3398692810457518
panel,ISBTAcquisition,Agent360,gradient,ToughNegotiator,"hard line, slow give",time-based,second,2,0.5121951219512194,1.0,1.5121951219512195
panel,ISBTAcquisition,Agent360,gradient,MiCRONegotiator,MiCRO (Genius-style),genius-style,first,2,0.6764705882352942,1.0,1.6764705882352942
panel,ISBTAcquisition,Agent360,gradient,MiCRONegotiator,MiCRO (Genius-style),genius-style,second,2,0.5243902439024389,1.0,1.524390243902439
panel,ISBTAcquisition,Agent360,gradient,TimeBasedNegotiator,generic time-based,time-based,first,2,0.6764705882352942,1.0,1.6764705882352942
panel,ISBTAcquisition,Agent360,gradient,TimeBasedNegotiator,generic time-based,time-based,second,2,0.5121951219512194,1.0,1.5121951219512195
panel,ISBTAcquisition,Agent360,gradient,AspirationNegotiator,aspiration-based,time-based,first,2,0.784313725490196,1.0,1.784313725490196
panel,ISBTAcquisition,Agent360,gradient,AspirationNegotiator,aspiration-based,time-based,second,2,0.5121951219512194,1.0,1.5121951219512195
panel,ISBTAcquisition,Agent360,gradient,HybridNegotiator,hybrid time + utility,hybrid,first,2,0.7647058823529412,1.0,1.7647058823529411
panel,ISBTAcquisition,Agent360,gradient,HybridNegotiator,hybrid time + utility,hybrid,second,2,0.5914634146341462,1.0,1.5914634146341462
panel,ISBTAcquisition,Agent360,gradient,RandomNegotiator,random rational offers,baseline,first,2,0.6176470588235294,1.0,1.6176470588235294
panel,ISBTAcquisition,Agent360,gradient,RandomNegotiator,random rational offers,baseline,second,2,0.8231707317073169,1.0,1.8231707317073171
panel,ISBTAcquisition,Agent360,gradient,FirstOfferOrientedTBNegotiator,anchors on first offer,oriented,first,2,0.6666666666666667,1.0,1.6666666666666665
panel,ISBTAcquisition,Agent360,gradient,FirstOfferOrientedTBNegotiator,anchors on first offer,oriented,second,2,0.5121951219512194,1.0,1.5121951219512195
panel,ISBTAcquisition,Agent360,gradient,LastOfferOrientedTBNegotiator,follows last offer,oriented,first,2,0.7516339869281045,1.0,1.7516339869281046
panel,ISBTAcquisition,Agent360,gradient,LastOfferOrientedTBNegotiator,follows last offer,oriented,second,2,0.5121951219512194,1.0,1.5121951219512195
panel,ISBTAcquisition,Agent360,gradient,BestOfferOrientedTBNegotiator,tracks best offer seen,oriented,first,2,0.784313725490196,1.0,1.784313725490196
panel,ISBTAcquisition,Agent360,gradient,BestOfferOrientedTBNegotiator,tracks best offer seen,oriented,second,2,0.5121951219512194,1.0,1.5121951219512195
panel,ISBTAcquisition,Agent360Full,full,SimpleNegotiator,reverse-ufun + time concede,example,first,2,0.4836601307189543,0.5889262383584613,1.0725863690774156
panel,ISBTAcquisition,Agent360Full,full,SimpleNegotiator,reverse-ufun + time concede,example,second,2,0.5121951219512194,0.5964173630080392,1.1086124849592585
panel,ISBTAcquisition,Agent360Full,full,BOANeg,BOA: time offer + Smith + ACNext,example,first,2,0.6666666666666667,0.5311061487873784,1.1977728154540452
panel,ISBTAcquisition,Agent360Full,full,BOANeg,BOA: time offer + Smith + ACNext,example,second,2,0.5121951219512194,0.811565012225324,1.3237601341765435
panel,ISBTAcquisition,Agent360Full,full,MAPNeg,"MAP: same stack, acceptance_first",example,first,2,0.6862745098039216,0.5173579233416581,1.2036324331455797
panel,ISBTAcquisition,Agent360Full,full,MAPNeg,"MAP: same stack, acceptance_first",example,second,2,0.5121951219512194,1.0,1.5121951219512195
panel,ISBTAcquisition,Agent360Full,full,BoulwareTBNegotiator,slow concession (Boulware),time-based,first,2,0.784313725490196,1.0,1.784313725490196
panel,ISBTAcquisition,Agent360Full,full,BoulwareTBNegotiator,slow concession (Boulware),time-based,second,2,0.5121951219512194,1.0,1.5121951219512195
panel,ISBTAcquisition,Agent360Full,full,ConcederTBNegotiator,fast concession,time-based,first,2,0.5032679738562091,0.5,1.0032679738562091
panel,ISBTAcquisition,Agent360Full,full,ConcederTBNegotiator,fast concession,time-based,second,2,0.6585365853658536,1.0,1.6585365853658536
panel,ISBTAcquisition,Agent360Full,full,LinearTBNegotiator,linear time concession,time-based,first,2,0.5359477124183007,1.0,1.5359477124183007
panel,ISBTAcquisition,Agent360Full,full,LinearTBNegotiator,linear time concession,time-based,second,2,0.5182926829268292,1.0,1.5182926829268293
panel,ISBTAcquisition,Agent360Full,full,ToughNegotiator,"hard line, slow give",time-based,first,2,0.33986928104575165,1.0,1.3398692810457518
panel,ISBTAcquisition,Agent360Full,full,ToughNegotiator,"hard line, slow give",time-based,second,2,0.5121951219512194,1.0,1.5121951219512195
panel,ISBTAcquisition,Agent360Full,full,MiCRONegotiator,MiCRO (Genius-style),genius-style,first,2,0.6666666666666667,1.0,1.6666666666666665
panel,ISBTAcquisition,Agent360Full,full,MiCRONegotiator,MiCRO (Genius-style),genius-style,second,2,0.5182926829268292,1.0,1.5182926829268293
panel,ISBTAcquisition,Agent360Full,full,TimeBasedNegotiator,generic time-based,time-based,first,2,0.6568627450980393,1.0,1.656862745098039
panel,ISBTAcquisition,Agent360Full,full,TimeBasedNegotiator,generic time-based,time-based,second,2,0.5121951219512194,1.0,1.5121951219512195
panel,ISBTAcquisition,Agent360Full,full,AspirationNegotiator,aspiration-based,time-based,first,2,0.7254901960784313,1.0,1.7254901960784315
panel,ISBTAcquisition,Agent360Full,full,AspirationNegotiator,aspiration-based,time-based,second,2,0.5121951219512194,1.0,1.5121951219512195
panel,ISBTAcquisition,Agent360Full,full,HybridNegotiator,hybrid time + utility,hybrid,first,2,0.5555555555555556,1.0,1.5555555555555556
panel,ISBTAcquisition,Agent360Full,full,HybridNegotiator,hybrid time + utility,hybrid,second,2,0.5121951219512194,1.0,1.5121951219512195
panel,ISBTAcquisition,Agent360Full,full,RandomNegotiator,random rational offers,baseline,first,2,0.781045751633987,1.0,1.7810457516339868
panel,ISBTAcquisition,Agent360Full,full,RandomNegotiator,random rational offers,baseline,second,2,0.36585365853658536,1.0,1.3658536585365852
panel,ISBTAcquisition,Agent360Full,full,FirstOfferOrientedTBNegotiator,anchors on first offer,oriented,first,2,0.6830065359477124,1.0,1.6830065359477124
panel,ISBTAcquisition,Agent360Full,full,FirstOfferOrientedTBNegotiator,anchors on first offer,oriented,second,2,0.5121951219512194,1.0,1.5121951219512195
panel,ISBTAcquisition,Agent360Full,full,LastOfferOrientedTBNegotiator,follows last offer,oriented,first,2,0.7516339869281045,1.0,1.7516339869281046
panel,ISBTAcquisition,Agent360Full,full,LastOfferOrientedTBNegotiator,follows last offer,oriented,second,2,0.5121951219512194,1.0,1.5121951219512195
panel,ISBTAcquisition,Agent360Full,full,BestOfferOrientedTBNegotiator,tracks best offer seen,oriented,first,2,0.741830065359477,1.0,1.7418300653594772
panel,ISBTAcquisition,Agent360Full,full,BestOfferOrientedTBNegotiator,tracks best offer seen,oriented,second,2,0.5121951219512194,1.0,1.5121951219512195
panel,ISBTAcquisition,Agent360Reverse,reverse,SimpleNegotiator,reverse-ufun + time concede,example,first,2,0.980392156862745,0.5880752575440864,1.5684674144068314
panel,ISBTAcquisition,Agent360Reverse,reverse,SimpleNegotiator,reverse-ufun + time concede,example,second,2,0.8414634146341463,0.6098049241085527,1.451268338742699
panel,ISBTAcquisition,Agent360Reverse,reverse,BOANeg,BOA: time offer + Smith + ACNext,example,first,2,0.784313725490196,0.4657736908640352,1.2500874163542313
panel,ISBTAcquisition,Agent360Reverse,reverse,BOANeg,BOA: time offer + Smith + ACNext,example,second,2,0.6951219512195121,0.4922643050816887,1.1873862563012008
panel,ISBTAcquisition,Agent360Reverse,reverse,MAPNeg,"MAP: same stack, acceptance_first",example,first,2,0.6372549019607843,0.46519005148953396,1.1024449534503185
panel,ISBTAcquisition,Agent360Reverse,reverse,MAPNeg,"MAP: same stack, acceptance_first",example,second,2,0.6951219512195121,0.49295928592004723,1.1880812371395595
panel,ISBTAcquisition,Agent360Reverse,reverse,BoulwareTBNegotiator,slow concession (Boulware),time-based,first,2,0.761437908496732,1.0,1.761437908496732
panel,ISBTAcquisition,Agent360Reverse,reverse,BoulwareTBNegotiator,slow concession (Boulware),time-based,second,2,0.6951219512195121,1.0,1.6951219512195121
panel,ISBTAcquisition,Agent360Reverse,reverse,ConcederTBNegotiator,fast concession,time-based,first,2,0.8137254901960785,1.0,1.8137254901960786
panel,ISBTAcquisition,Agent360Reverse,reverse,ConcederTBNegotiator,fast concession,time-based,second,2,0.8475609756097561,1.0,1.847560975609756
panel,ISBTAcquisition,Agent360Reverse,reverse,LinearTBNegotiator,linear time concession,time-based,first,2,0.8333333333333333,1.0,1.8333333333333333
panel,ISBTAcquisition,Agent360Reverse,reverse,LinearTBNegotiator,linear time concession,time-based,second,2,0.8414634146341463,1.0,1.8414634146341462
panel,ISBTAcquisition,Agent360Reverse,reverse,ToughNegotiator,"hard line, slow give",time-based,first,2,0.33986928104575165,1.0,1.3398692810457518
panel,ISBTAcquisition,Agent360Reverse,reverse,ToughNegotiator,"hard line, slow give",time-based,second,2,0.5121951219512194,1.0,1.5121951219512195
panel,ISBTAcquisition,Agent360Reverse,reverse,MiCRONegotiator,MiCRO (Genius-style),genius-style,first,2,0.6013071895424837,1.0,1.6013071895424837
panel,ISBTAcquisition,Agent360Reverse,reverse,MiCRONegotiator,MiCRO (Genius-style),genius-style,second,2,0.6585365853658536,1.0,1.6585365853658536
panel,ISBTAcquisition,Agent360Reverse,reverse,TimeBasedNegotiator,generic time-based,time-based,first,2,0.6764705882352942,1.0,1.6764705882352942
panel,ISBTAcquisition,Agent360Reverse,reverse,TimeBasedNegotiator,generic time-based,time-based,second,2,0.6951219512195121,1.0,1.6951219512195121
panel,ISBTAcquisition,Agent360Reverse,reverse,AspirationNegotiator,aspiration-based,time-based,first,2,0.7352941176470588,1.0,1.7352941176470589
panel,ISBTAcquisition,Agent360Reverse,reverse,AspirationNegotiator,aspiration-based,time-based,second,2,0.6951219512195121,1.0,1.6951219512195121
panel,ISBTAcquisition,Agent360Reverse,reverse,HybridNegotiator,hybrid time + utility,hybrid,first,2,0.8725490196078431,1.0,1.8725490196078431
panel,ISBTAcquisition,Agent360Reverse,reverse,HybridNegotiator,hybrid time + utility,hybrid,second,2,0.7804878048780488,1.0,1.7804878048780486
panel,ISBTAcquisition,Agent360Reverse,reverse,RandomNegotiator,random rational offers,baseline,first,2,0.8104575163398693,0.0,0.8104575163398693
panel,ISBTAcquisition,Agent360Reverse,reverse,RandomNegotiator,random rational offers,baseline,second,2,0.0,1.0,1.0
panel,ISBTAcquisition,Agent360Reverse,reverse,FirstOfferOrientedTBNegotiator,anchors on first offer,oriented,first,2,0.784313725490196,1.0,1.784313725490196
panel,ISBTAcquisition,Agent360Reverse,reverse,FirstOfferOrientedTBNegotiator,anchors on first offer,oriented,second,2,0.6951219512195121,1.0,1.6951219512195121
panel,ISBTAcquisition,Agent360Reverse,reverse,LastOfferOrientedTBNegotiator,follows last offer,oriented,first,2,0.6928104575163399,1.0,1.6928104575163399
panel,ISBTAcquisition,Agent360Reverse,reverse,LastOfferOrientedTBNegotiator,follows last offer,oriented,second,2,0.6951219512195121,1.0,1.6951219512195121
panel,ISBTAcquisition,Agent360Reverse,reverse,BestOfferOrientedTBNegotiator,tracks best offer seen,oriented,first,2,0.6241830065359477,1.0,1.6241830065359477
panel,ISBTAcquisition,Agent360Reverse,reverse,BestOfferOrientedTBNegotiator,tracks best offer seen,oriented,second,2,0.6951219512195121,1.0,1.6951219512195121
panel,ISBTAcquisition,Agent360V2,hybrid,SimpleNegotiator,reverse-ufun + time concede,example,first,2,0.5784313725490197,0.5876124339214547,1.1660438064704743
panel,ISBTAcquisition,Agent360V2,hybrid,SimpleNegotiator,reverse-ufun + time concede,example,second,2,0.8414634146341463,0.6098049241085527,1.451268338742699
panel,ISBTAcquisition,Agent360V2,hybrid,BOANeg,BOA: time offer + Smith + ACNext,example,first,2,0.784313725490196,0.4603690031186565,1.2446827286088524
panel,ISBTAcquisition,Agent360V2,hybrid,BOANeg,BOA: time offer + Smith + ACNext,example,second,2,0.5182926829268292,0.49095999652451305,1.0092526794513423
panel,ISBTAcquisition,Agent360V2,hybrid,MAPNeg,"MAP: same stack, acceptance_first",example,first,2,0.784313725490196,0.4622150943237272,1.246528819813923
panel,ISBTAcquisition,Agent360V2,hybrid,MAPNeg,"MAP: same stack, acceptance_first",example,second,2,0.5121951219512194,0.4895287649416956,1.001723886892915
panel,ISBTAcquisition,Agent360V2,hybrid,BoulwareTBNegotiator,slow concession (Boulware),time-based,first,2,0.7124183006535947,1.0,1.712418300653595
panel,ISBTAcquisition,Agent360V2,hybrid,BoulwareTBNegotiator,slow concession (Boulware),time-based,second,2,0.5243902439024389,1.0,1.524390243902439
panel,ISBTAcquisition,Agent360V2,hybrid,ConcederTBNegotiator,fast concession,time-based,first,2,0.8398692810457516,1.0,1.8398692810457518
panel,ISBTAcquisition,Agent360V2,hybrid,ConcederTBNegotiator,fast concession,time-based,second,2,0.8414634146341463,1.0,1.8414634146341462
panel,ISBTAcquisition,Agent360V2,hybrid,LinearTBNegotiator,linear time concession,time-based,first,2,0.8954248366013072,1.0,1.8954248366013071
panel,ISBTAcquisition,Agent360V2,hybrid,LinearTBNegotiator,linear time concession,time-based,second,2,0.8475609756097561,1.0,1.847560975609756
panel,ISBTAcquisition,Agent360V2,hybrid,ToughNegotiator,"hard line, slow give",time-based,first,2,0.33986928104575165,1.0,1.3398692810457518
panel,ISBTAcquisition,Agent360V2,hybrid,ToughNegotiator,"hard line, slow give",time-based,second,2,0.5121951219512194,1.0,1.5121951219512195
panel,ISBTAcquisition,Agent360V2,hybrid,MiCRONegotiator,MiCRO (Genius-style),genius-style,first,2,0.5849673202614379,1.0,1.584967320261438
panel,ISBTAcquisition,Agent360V2,hybrid,MiCRONegotiator,MiCRO (Genius-style),genius-style,second,2,0.548780487804878,1.0,1.548780487804878
panel,ISBTAcquisition,Agent360V2,hybrid,TimeBasedNegotiator,generic time-based,time-based,first,2,0.7352941176470588,1.0,1.7352941176470589
panel,ISBTAcquisition,Agent360V2,hybrid,TimeBasedNegotiator,generic time-based,time-based,second,2,0.5182926829268292,1.0,1.5182926829268293
panel,ISBTAcquisition,Agent360V2,hybrid,AspirationNegotiator,aspiration-based,time-based,first,2,0.6568627450980393,1.0,1.656862745098039
panel,ISBTAcquisition,Agent360V2,hybrid,AspirationNegotiator,aspiration-based,time-based,second,2,0.5182926829268292,1.0,1.5182926829268293
panel,ISBTAcquisition,Agent360V2,hybrid,HybridNegotiator,hybrid time + utility,hybrid,first,2,0.8627450980392157,1.0,1.8627450980392157
panel,ISBTAcquisition,Agent360V2,hybrid,HybridNegotiator,hybrid time + utility,hybrid,second,2,0.7012195121951219,1.0,1.701219512195122
panel,ISBTAcquisition,Agent360V2,hybrid,RandomNegotiator,random rational offers,baseline,first,2,0.8856209150326797,1.0,1.8856209150326797
panel,ISBTAcquisition,Agent360V2,hybrid,RandomNegotiator,random rational offers,baseline,second,2,0.40853658536585363,1.0,1.4085365853658536
panel,ISBTAcquisition,Agent360V2,hybrid,FirstOfferOrientedTBNegotiator,anchors on first offer,oriented,first,2,0.7254901960784313,1.0,1.7254901960784315
panel,ISBTAcquisition,Agent360V2,hybrid,FirstOfferOrientedTBNegotiator,anchors on first offer,oriented,second,2,0.5121951219512194,1.0,1.5121951219512195
panel,ISBTAcquisition,Agent360V2,hybrid,LastOfferOrientedTBNegotiator,follows last offer,oriented,first,2,0.6928104575163399,1.0,1.6928104575163399
panel,ISBTAcquisition,Agent360V2,hybrid,LastOfferOrientedTBNegotiator,follows last offer,oriented,second,2,0.5121951219512194,1.0,1.5121951219512195
panel,ISBTAcquisition,Agent360V2,hybrid,BestOfferOrientedTBNegotiator,tracks best offer seen,oriented,first,2,0.6764705882352942,1.0,1.6764705882352942
panel,ISBTAcquisition,Agent360V2,hybrid,BestOfferOrientedTBNegotiator,tracks best offer seen,oriented,second,2,0.5243902439024389,1.0,1.524390243902439
panel,Laptop,Agent360,gradient,SimpleNegotiator,reverse-ufun + time concede,example,first,2,0.5322039151951294,0.6884363947778832,1.2206403099730125
panel,Laptop,Agent360,gradient,SimpleNegotiator,reverse-ufun + time concede,example,second,2,0.5911036168101367,0.6932670477187611,1.2843706645288977
panel,Laptop,Agent360,gradient,BOANeg,BOA: time offer + Smith + ACNext,example,first,2,0.5775524426410947,0.53375106259737,1.1113035052384648
panel,Laptop,Agent360,gradient,BOANeg,BOA: time offer + Smith + ACNext,example,second,2,0.5136317604069089,0.5543239448336627,1.0679557052405715
panel,Laptop,Agent360,gradient,MAPNeg,"MAP: same stack, acceptance_first",example,first,2,0.5775524426410947,0.5878229405427595,1.1653753831838543
panel,Laptop,Agent360,gradient,MAPNeg,"MAP: same stack, acceptance_first",example,second,2,0.5136317604069089,0.7857581337889984,1.2993898941959072
panel,Laptop,Agent360,gradient,BoulwareTBNegotiator,slow concession (Boulware),time-based,first,2,0.5775524426410947,0.5,1.0775524426410947
panel,Laptop,Agent360,gradient,BoulwareTBNegotiator,slow concession (Boulware),time-based,second,2,0.5136317604069089,1.0,1.513631760406909
panel,Laptop,Agent360,gradient,ConcederTBNegotiator,fast concession,time-based,first,2,0.6527306389826513,1.0,1.6527306389826513
panel,Laptop,Agent360,gradient,ConcederTBNegotiator,fast concession,time-based,second,2,0.7177888527582047,1.0,1.7177888527582046
panel,Laptop,Agent360,gradient,LinearTBNegotiator,linear time concession,time-based,first,2,0.6745529209246102,1.0,1.6745529209246102
panel,Laptop,Agent360,gradient,LinearTBNegotiator,linear time concession,time-based,second,2,0.5136317604069089,1.0,1.513631760406909
panel,Laptop,Agent360,gradient,ToughNegotiator,"hard line, slow give",time-based,first,2,0.5775524426410947,1.0,1.5775524426410947
panel,Laptop,Agent360,gradient,ToughNegotiator,"hard line, slow give",time-based,second,2,0.5136317604069089,1.0,1.513631760406909
panel,Laptop,Agent360,gradient,MiCRONegotiator,MiCRO (Genius-style),genius-style,first,2,0.5838558660326796,0.5,1.0838558660326796
panel,Laptop,Agent360,gradient,MiCRONegotiator,MiCRO (Genius-style),genius-style,second,2,0.5911036168101367,1.0,1.5911036168101367
panel,Laptop,Agent360,gradient,TimeBasedNegotiator,generic time-based,time-based,first,2,0.5775524426410947,1.0,1.5775524426410947
panel,Laptop,Agent360,gradient,TimeBasedNegotiator,generic time-based,time-based,second,2,0.5136317604069089,1.0,1.513631760406909
panel,Laptop,Agent360,gradient,AspirationNegotiator,aspiration-based,time-based,first,2,0.5775524426410947,0.5,1.0775524426410947
panel,Laptop,Agent360,gradient,AspirationNegotiator,aspiration-based,time-based,second,2,0.5136317604069089,1.0,1.513631760406909
panel,Laptop,Agent360,gradient,HybridNegotiator,hybrid time + utility,hybrid,first,2,0.6745529209246102,1.0,1.6745529209246102
panel,Laptop,Agent360,gradient,HybridNegotiator,hybrid time + utility,hybrid,second,2,0.5911036168101367,1.0,1.5911036168101367
panel,Laptop,Agent360,gradient,RandomNegotiator,random rational offers,baseline,first,2,0.4029995217164844,1.0,1.4029995217164843
panel,Laptop,Agent360,gradient,RandomNegotiator,random rational offers,baseline,second,2,0.7982820741079721,1.0,1.7982820741079721
panel,Laptop,Agent360,gradient,FirstOfferOrientedTBNegotiator,anchors on first offer,oriented,first,2,0.5775524426410947,1.0,1.5775524426410947
panel,Laptop,Agent360,gradient,FirstOfferOrientedTBNegotiator,anchors on first offer,oriented,second,2,0.5136317604069089,1.0,1.513631760406909
panel,Laptop,Agent360,gradient,LastOfferOrientedTBNegotiator,follows last offer,oriented,first,2,0.5775524426410947,1.0,1.5775524426410947
panel,Laptop,Agent360,gradient,LastOfferOrientedTBNegotiator,follows last offer,oriented,second,2,0.5136317604069089,1.0,1.513631760406909
panel,Laptop,Agent360,gradient,BestOfferOrientedTBNegotiator,tracks best offer seen,oriented,first,2,0.5775524426410947,1.0,1.5775524426410947
panel,Laptop,Agent360,gradient,BestOfferOrientedTBNegotiator,tracks best offer seen,oriented,second,2,0.5136317604069089,1.0,1.513631760406909
panel,Laptop,Agent360Full,full,SimpleNegotiator,reverse-ufun + time concede,example,first,2,0.5838558660326796,0.6844358410163034,1.268291707048983
panel,Laptop,Agent360Full,full,SimpleNegotiator,reverse-ufun + time concede,example,second,2,0.5136317604069089,0.6932670477187611,1.2068988081256702
panel,Laptop,Agent360Full,full,BOANeg,BOA: time offer + Smith + ACNext,example,first,2,0.5775524426410947,0.2904577005154082,0.8680101431565029
panel,Laptop,Agent360Full,full,BOANeg,BOA: time offer + Smith + ACNext,example,second,2,0.5136317604069089,0.5696268486148359,1.0832586090217449
panel,Laptop,Agent360Full,full,MAPNeg,"MAP: same stack, acceptance_first",example,first,2,0.5775524426410947,0.5664315789328851,1.14398402157398
panel,Laptop,Agent360Full,full,MAPNeg,"MAP: same stack, acceptance_first",example,second,2,0.5136317604069089,0.5843953812969789,1.0980271417038878
panel,Laptop,Agent360Full,full,BoulwareTBNegotiator,slow concession (Boulware),time-based,first,2,0.5775524426410947,1.0,1.5775524426410947
panel,Laptop,Agent360Full,full,BoulwareTBNegotiator,slow concession (Boulware),time-based,second,2,0.5136317604069089,1.0,1.513631760406909
panel,Laptop,Agent360Full,full,ConcederTBNegotiator,fast concession,time-based,first,2,0.6292043934786449,0.5,1.1292043934786449
panel,Laptop,Agent360Full,full,ConcederTBNegotiator,fast concession,time-based,second,2,0.6787618253129548,1.0,1.6787618253129548
panel,Laptop,Agent360Full,full,LinearTBNegotiator,linear time concession,time-based,first,2,0.5775524426410947,0.5,1.0775524426410947
panel,Laptop,Agent360Full,full,LinearTBNegotiator,linear time concession,time-based,second,2,0.5136317604069089,1.0,1.513631760406909
panel,Laptop,Agent360Full,full,ToughNegotiator,"hard line, slow give",time-based,first,2,0.5775524426410947,1.0,1.5775524426410947
panel,Laptop,Agent360Full,full,ToughNegotiator,"hard line, slow give",time-based,second,2,0.5136317604069089,1.0,1.513631760406909
panel,Laptop,Agent360Full,full,MiCRONegotiator,MiCRO (Genius-style),genius-style,first,2,0.6745529209246102,0.5,1.1745529209246102
panel,Laptop,Agent360Full,full,MiCRONegotiator,MiCRO (Genius-style),genius-style,second,2,0.5911036168101367,1.0,1.5911036168101367
panel,Laptop,Agent360Full,full,TimeBasedNegotiator,generic time-based,time-based,first,2,0.5775524426410947,1.0,1.5775524426410947
panel,Laptop,Agent360Full,full,TimeBasedNegotiator,generic time-based,time-based,second,2,0.5136317604069089,1.0,1.513631760406909
panel,Laptop,Agent360Full,full,AspirationNegotiator,aspiration-based,time-based,first,2,0.5775524426410947,1.0,1.5775524426410947
panel,Laptop,Agent360Full,full,AspirationNegotiator,aspiration-based,time-based,second,2,0.5136317604069089,1.0,1.513631760406909
panel,Laptop,Agent360Full,full,HybridNegotiator,hybrid time + utility,hybrid,first,2,0.5775524426410947,0.5,1.0775524426410947
panel,Laptop,Agent360Full,full,HybridNegotiator,hybrid time + utility,hybrid,second,2,0.5136317604069089,1.0,1.513631760406909
panel,Laptop,Agent360Full,full,RandomNegotiator,random rational offers,baseline,first,2,0.5378257531618953,1.0,1.5378257531618953
panel,Laptop,Agent360Full,full,RandomNegotiator,random rational offers,baseline,second,2,0.40301462987414743,1.0,1.4030146298741475
panel,Laptop,Agent360Full,full,FirstOfferOrientedTBNegotiator,anchors on first offer,oriented,first,2,0.5775524426410947,1.0,1.5775524426410947
panel,Laptop,Agent360Full,full,FirstOfferOrientedTBNegotiator,anchors on first offer,oriented,second,2,0.5136317604069089,1.0,1.513631760406909
panel,Laptop,Agent360Full,full,LastOfferOrientedTBNegotiator,follows last offer,oriented,first,2,0.5775524426410947,1.0,1.5775524426410947
panel,Laptop,Agent360Full,full,LastOfferOrientedTBNegotiator,follows last offer,oriented,second,2,0.5136317604069089,1.0,1.513631760406909
panel,Laptop,Agent360Full,full,BestOfferOrientedTBNegotiator,tracks best offer seen,oriented,first,2,0.5775524426410947,0.5,1.0775524426410947
panel,Laptop,Agent360Full,full,BestOfferOrientedTBNegotiator,tracks best offer seen,oriented,second,2,0.5911036168101367,1.0,1.5911036168101367
panel,Laptop,Agent360Reverse,reverse,SimpleNegotiator,reverse-ufun + time concede,example,first,2,0.8059990434329688,0.6771094406811734,1.4831084841141422
panel,Laptop,Agent360Reverse,reverse,SimpleNegotiator,reverse-ufun + time concede,example,second,2,1.0,0.7046979865771812,1.7046979865771812
panel,Laptop,Agent360Reverse,reverse,BOANeg,BOA: time offer + Smith + ACNext,example,first,2,0.7715533992081257,0.48167697029615886,1.2532303695042846
panel,Laptop,Agent360Reverse,reverse,BOANeg,BOA: time offer + Smith + ACNext,example,second,2,0.6685754732133643,0.5159627397782302,1.1845382129915945
panel,Laptop,Agent360Reverse,reverse,MAPNeg,"MAP: same stack, acceptance_first",example,first,2,0.7715533992081257,0.48874809519544116,1.2603014944035669
panel,Laptop,Agent360Reverse,reverse,MAPNeg,"MAP: same stack, acceptance_first",example,second,2,0.6685754732133643,0.506699187837214,1.1752746610505782
panel,Laptop,Agent360Reverse,reverse,BoulwareTBNegotiator,slow concession (Boulware),time-based,first,2,0.7715533992081257,1.0,1.7715533992081256
panel,Laptop,Agent360Reverse,reverse,BoulwareTBNegotiator,slow concession (Boulware),time-based,second,2,0.6685754732133643,1.0,1.6685754732133642
panel,Laptop,Agent360Reverse,reverse,ConcederTBNegotiator,fast concession,time-based,first,2,0.9999999999999999,1.0,2.0
panel,Laptop,Agent360Reverse,reverse,ConcederTBNegotiator,fast concession,time-based,second,2,1.0,1.0,2.0
panel,Laptop,Agent360Reverse,reverse,LinearTBNegotiator,linear time concession,time-based,first,2,0.8059990434329688,1.0,1.8059990434329687
panel,Laptop,Agent360Reverse,reverse,LinearTBNegotiator,linear time concession,time-based,second,2,0.7670022323030451,1.0,1.767002232303045
panel,Laptop,Agent360Reverse,reverse,ToughNegotiator,"hard line, slow give",time-based,first,2,0.5775524426410947,1.0,1.5775524426410947
panel,Laptop,Agent360Reverse,reverse,ToughNegotiator,"hard line, slow give",time-based,second,2,0.5136317604069089,1.0,1.513631760406909
panel,Laptop,Agent360Reverse,reverse,MiCRONegotiator,MiCRO (Genius-style),genius-style,first,2,0.7715533992081257,1.0,1.7715533992081256
panel,Laptop,Agent360Reverse,reverse,MiCRONegotiator,MiCRO (Genius-style),genius-style,second,2,0.8450562871935448,1.0,1.8450562871935448
panel,Laptop,Agent360Reverse,reverse,TimeBasedNegotiator,generic time-based,time-based,first,2,0.7715533992081257,1.0,1.7715533992081256
panel,Laptop,Agent360Reverse,reverse,TimeBasedNegotiator,generic time-based,time-based,second,2,0.6685754732133643,1.0,1.6685754732133642
panel,Laptop,Agent360Reverse,reverse,AspirationNegotiator,aspiration-based,time-based,first,2,0.7715533992081257,1.0,1.7715533992081256
panel,Laptop,Agent360Reverse,reverse,AspirationNegotiator,aspiration-based,time-based,second,2,0.6685754732133643,1.0,1.6685754732133642
panel,Laptop,Agent360Reverse,reverse,HybridNegotiator,hybrid time + utility,hybrid,first,2,0.7715533992081257,1.0,1.7715533992081256
panel,Laptop,Agent360Reverse,reverse,HybridNegotiator,hybrid time + utility,hybrid,second,2,0.8450562871935448,1.0,1.8450562871935448
panel,Laptop,Agent360Reverse,reverse,RandomNegotiator,random rational offers,baseline,first,2,0.49999999999999994,1.0,1.5
panel,Laptop,Agent360Reverse,reverse,RandomNegotiator,random rational offers,baseline,second,2,0.4804864862773751,1.0,1.4804864862773752
panel,Laptop,Agent360Reverse,reverse,FirstOfferOrientedTBNegotiator,anchors on first offer,oriented,first,2,0.7715533992081257,1.0,1.7715533992081256
panel,Laptop,Agent360Reverse,reverse,FirstOfferOrientedTBNegotiator,anchors on first offer,oriented,second,2,0.6685754732133643,1.0,1.6685754732133642
panel,Laptop,Agent360Reverse,reverse,LastOfferOrientedTBNegotiator,follows last offer,oriented,first,2,0.7715533992081257,1.0,1.7715533992081256
panel,Laptop,Agent360Reverse,reverse,LastOfferOrientedTBNegotiator,follows last offer,oriented,second,2,0.6685754732133643,1.0,1.6685754732133642
panel,Laptop,Agent360Reverse,reverse,BestOfferOrientedTBNegotiator,tracks best offer seen,oriented,first,2,0.7715533992081257,1.0,1.7715533992081256
panel,Laptop,Agent360Reverse,reverse,BestOfferOrientedTBNegotiator,tracks best offer seen,oriented,second,2,0.6685754732133643,1.0,1.6685754732133642
panel,Laptop,Agent360V2,hybrid,SimpleNegotiator,reverse-ufun + time concede,example,first,2,0.8059990434329688,0.6771094406811734,1.4831084841141422
panel,Laptop,Agent360V2,hybrid,SimpleNegotiator,reverse-ufun + time concede,example,second,2,0.7670022323030451,0.7007291636329682,1.4677313959360134
panel,Laptop,Agent360V2,hybrid,BOANeg,BOA: time offer + Smith + ACNext,example,first,2,0.6745529209246102,0.4951807845772241,1.1697337055018342
panel,Laptop,Agent360V2,hybrid,BOANeg,BOA: time offer + Smith + ACNext,example,second,2,0.6685754732133643,0.5013906851281411,1.1699661583415053
panel,Laptop,Agent360V2,hybrid,MAPNeg,"MAP: same stack, acceptance_first",example,first,2,0.6745529209246102,0.5021820127345678,1.176734933659178
panel,Laptop,Agent360V2,hybrid,MAPNeg,"MAP: same stack, acceptance_first",example,second,2,0.6685754732133643,0.516773613964624,1.1853490871779884
panel,Laptop,Agent360V2,hybrid,BoulwareTBNegotiator,slow concession (Boulware),time-based,first,2,0.5775524426410947,1.0,1.5775524426410947
panel,Laptop,Agent360V2,hybrid,BoulwareTBNegotiator,slow concession (Boulware),time-based,second,2,0.6685754732133643,1.0,1.6685754732133642
panel,Laptop,Agent360V2,hybrid,ConcederTBNegotiator,fast concession,time-based,first,2,0.9999999999999999,1.0,2.0
panel,Laptop,Agent360V2,hybrid,ConcederTBNegotiator,fast concession,time-based,second,2,1.0,1.0,2.0
panel,Laptop,Agent360V2,hybrid,LinearTBNegotiator,linear time concession,time-based,first,2,0.8059990434329688,1.0,1.8059990434329687
panel,Laptop,Agent360V2,hybrid,LinearTBNegotiator,linear time concession,time-based,second,2,0.8147742228840572,1.0,1.8147742228840573
panel,Laptop,Agent360V2,hybrid,ToughNegotiator,"hard line, slow give",time-based,first,2,0.5775524426410947,1.0,1.5775524426410947
panel,Laptop,Agent360V2,hybrid,ToughNegotiator,"hard line, slow give",time-based,second,2,0.5136317604069089,1.0,1.513631760406909
panel,Laptop,Agent360V2,hybrid,MiCRONegotiator,MiCRO (Genius-style),genius-style,first,2,0.6745529209246102,1.0,1.6745529209246102
panel,Laptop,Agent360V2,hybrid,MiCRONegotiator,MiCRO (Genius-style),genius-style,second,2,0.8450562871935448,1.0,1.8450562871935448
panel,Laptop,Agent360V2,hybrid,TimeBasedNegotiator,generic time-based,time-based,first,2,0.5775524426410947,1.0,1.5775524426410947
panel,Laptop,Agent360V2,hybrid,TimeBasedNegotiator,generic time-based,time-based,second,2,0.6685754732133643,1.0,1.6685754732133642
panel,Laptop,Agent360V2,hybrid,AspirationNegotiator,aspiration-based,time-based,first,2,0.5775524426410947,1.0,1.5775524426410947
panel,Laptop,Agent360V2,hybrid,AspirationNegotiator,aspiration-based,time-based,second,2,0.6685754732133643,1.0,1.6685754732133642
panel,Laptop,Agent360V2,hybrid,HybridNegotiator,hybrid time + utility,hybrid,first,2,0.6745529209246102,1.0,1.6745529209246102
panel,Laptop,Agent360V2,hybrid,HybridNegotiator,hybrid time + utility,hybrid,second,2,0.6490619594907394,1.0,1.6490619594907394
panel,Laptop,Agent360V2,hybrid,RandomNegotiator,random rational offers,baseline,first,2,0.0,0.5,0.5
panel,Laptop,Agent360V2,hybrid,RandomNegotiator,random rational offers,baseline,second,2,0.4609729725547502,1.0,1.4609729725547502
panel,Laptop,Agent360V2,hybrid,FirstOfferOrientedTBNegotiator,anchors on first offer,oriented,first,2,0.5775524426410947,1.0,1.5775524426410947
panel,Laptop,Agent360V2,hybrid,FirstOfferOrientedTBNegotiator,anchors on first offer,oriented,second,2,0.6685754732133643,1.0,1.6685754732133642
panel,Laptop,Agent360V2,hybrid,LastOfferOrientedTBNegotiator,follows last offer,oriented,first,2,0.6745529209246102,1.0,1.6745529209246102
panel,Laptop,Agent360V2,hybrid,LastOfferOrientedTBNegotiator,follows last offer,oriented,second,2,0.6685754732133643,1.0,1.6685754732133642
panel,Laptop,Agent360V2,hybrid,BestOfferOrientedTBNegotiator,tracks best offer seen,oriented,first,2,0.6745529209246102,1.0,1.6745529209246102
panel,Laptop,Agent360V2,hybrid,BestOfferOrientedTBNegotiator,tracks best offer seen,oriented,second,2,0.6685754732133643,1.0,1.6685754732133642
panel,NiceOrDie,Agent360,gradient,SimpleNegotiator,reverse-ufun + time concede,example,first,2,0.1654761904761905,0.5,0.6654761904761906
panel,NiceOrDie,Agent360,gradient,SimpleNegotiator,reverse-ufun + time concede,example,second,2,0.1654761904761905,0.5,0.6654761904761906
panel,NiceOrDie,Agent360,gradient,BOANeg,BOA: time offer + Smith + ACNext,example,first,2,0.1654761904761905,0.6,0.7654761904761904
panel,NiceOrDie,Agent360,gradient,BOANeg,BOA: time offer + Smith + ACNext,example,second,2,0.1654761904761905,0.5120204102886728,0.6774966007648634
panel,NiceOrDie,Agent360,gradient,MAPNeg,"MAP: same stack, acceptance_first",example,first,2,0.1654761904761905,0.5,0.6654761904761906
panel,NiceOrDie,Agent360,gradient,MAPNeg,"MAP: same stack, acceptance_first",example,second,2,0.1654761904761905,0.5240408205773457,0.6895170110535362
panel,NiceOrDie,Agent360,gradient,BoulwareTBNegotiator,slow concession (Boulware),time-based,first,2,0.1654761904761905,1.0,1.1654761904761906
panel,NiceOrDie,Agent360,gradient,BoulwareTBNegotiator,slow concession (Boulware),time-based,second,2,0.1654761904761905,1.0,1.1654761904761906
panel,NiceOrDie,Agent360,gradient,ConcederTBNegotiator,fast concession,time-based,first,2,0.1654761904761905,1.0,1.1654761904761906
panel,NiceOrDie,Agent360,gradient,ConcederTBNegotiator,fast concession,time-based,second,2,0.1654761904761905,1.0,1.1654761904761906
panel,NiceOrDie,Agent360,gradient,LinearTBNegotiator,linear time concession,time-based,first,2,0.1654761904761905,1.0,1.1654761904761906
panel,NiceOrDie,Agent360,gradient,LinearTBNegotiator,linear time concession,time-based,second,2,0.1654761904761905,1.0,1.1654761904761906
panel,NiceOrDie,Agent360,gradient,ToughNegotiator,"hard line, slow give",time-based,first,2,0.0,1.0,1.0
panel,NiceOrDie,Agent360,gradient,ToughNegotiator,"hard line, slow give",time-based,second,2,0.0,1.0,1.0
panel,NiceOrDie,Agent360,gradient,MiCRONegotiator,MiCRO (Genius-style),genius-style,first,2,0.1654761904761905,1.0,1.1654761904761906
panel,NiceOrDie,Agent360,gradient,MiCRONegotiator,MiCRO (Genius-style),genius-style,second,2,0.1654761904761905,1.0,1.1654761904761906
panel,NiceOrDie,Agent360,gradient,TimeBasedNegotiator,generic time-based,time-based,first,2,0.1654761904761905,1.0,1.1654761904761906
panel,NiceOrDie,Agent360,gradient,TimeBasedNegotiator,generic time-based,time-based,second,2,0.1654761904761905,1.0,1.1654761904761906
panel,NiceOrDie,Agent360,gradient,AspirationNegotiator,aspiration-based,time-based,first,2,0.1654761904761905,1.0,1.1654761904761906
panel,NiceOrDie,Agent360,gradient,AspirationNegotiator,aspiration-based,time-based,second,2,0.1654761904761905,1.0,1.1654761904761906
panel,NiceOrDie,Agent360,gradient,HybridNegotiator,hybrid time + utility,hybrid,first,2,0.0,1.0,1.0
panel,NiceOrDie,Agent360,gradient,HybridNegotiator,hybrid time + utility,hybrid,second,2,0.0,1.0,1.0
panel,NiceOrDie,Agent360,gradient,RandomNegotiator,random rational offers,baseline,first,2,0.5827380952380953,1.0,1.5827380952380952
panel,NiceOrDie,Agent360,gradient,RandomNegotiator,random rational offers,baseline,second,2,0.1654761904761905,1.0,1.1654761904761906
panel,NiceOrDie,Agent360,gradient,FirstOfferOrientedTBNegotiator,anchors on first offer,oriented,first,2,0.1654761904761905,1.0,1.1654761904761906
panel,NiceOrDie,Agent360,gradient,FirstOfferOrientedTBNegotiator,anchors on first offer,oriented,second,2,0.1654761904761905,1.0,1.1654761904761906
panel,NiceOrDie,Agent360,gradient,LastOfferOrientedTBNegotiator,follows last offer,oriented,first,2,0.1654761904761905,1.0,1.1654761904761906
panel,NiceOrDie,Agent360,gradient,LastOfferOrientedTBNegotiator,follows last offer,oriented,second,2,0.1654761904761905,1.0,1.1654761904761906
panel,NiceOrDie,Agent360,gradient,BestOfferOrientedTBNegotiator,tracks best offer seen,oriented,first,2,0.1654761904761905,1.0,1.1654761904761906
panel,NiceOrDie,Agent360,gradient,BestOfferOrientedTBNegotiator,tracks best offer seen,oriented,second,2,0.1654761904761905,1.0,1.1654761904761906
panel,NiceOrDie,Agent360Full,full,SimpleNegotiator,reverse-ufun + time concede,example,first,2,0.1654761904761905,0.5,0.6654761904761906
panel,NiceOrDie,Agent360Full,full,SimpleNegotiator,reverse-ufun + time concede,example,second,2,0.1654761904761905,0.5,0.6654761904761906
panel,NiceOrDie,Agent360Full,full,BOANeg,BOA: time offer + Smith + ACNext,example,first,2,0.1654761904761905,0.5,0.6654761904761906
panel,NiceOrDie,Agent360Full,full,BOANeg,BOA: time offer + Smith + ACNext,example,second,2,0.1654761904761905,0.5,0.6654761904761906
panel,NiceOrDie,Agent360Full,full,MAPNeg,"MAP: same stack, acceptance_first",example,first,2,0.1654761904761905,0.5,0.6654761904761906
panel,NiceOrDie,Agent360Full,full,MAPNeg,"MAP: same stack, acceptance_first",example,second,2,0.1654761904761905,0.5,0.6654761904761906
panel,NiceOrDie,Agent360Full,full,BoulwareTBNegotiator,slow concession (Boulware),time-based,first,2,0.1654761904761905,1.0,1.1654761904761906
panel,NiceOrDie,Agent360Full,full,BoulwareTBNegotiator,slow concession (Boulware),time-based,second,2,0.1654761904761905,1.0,1.1654761904761906
panel,NiceOrDie,Agent360Full,full,ConcederTBNegotiator,fast concession,time-based,first,2,0.1654761904761905,1.0,1.1654761904761906
panel,NiceOrDie,Agent360Full,full,ConcederTBNegotiator,fast concession,time-based,second,2,0.1654761904761905,1.0,1.1654761904761906
panel,NiceOrDie,Agent360Full,full,LinearTBNegotiator,linear time concession,time-based,first,2,0.1654761904761905,1.0,1.1654761904761906
panel,NiceOrDie,Agent360Full,full,LinearTBNegotiator,linear time concession,time-based,second,2,0.1654761904761905,1.0,1.1654761904761906
panel,NiceOrDie,Agent360Full,full,ToughNegotiator,"hard line, slow give",time-based,first,2,0.0,1.0,1.0
panel,NiceOrDie,Agent360Full,full,ToughNegotiator,"hard line, slow give",time-based,second,2,0.0,1.0,1.0
panel,NiceOrDie,Agent360Full,full,MiCRONegotiator,MiCRO (Genius-style),genius-style,first,2,0.1654761904761905,1.0,1.1654761904761906
panel,NiceOrDie,Agent360Full,full,MiCRONegotiator,MiCRO (Genius-style),genius-style,second,2,0.1654761904761905,1.0,1.1654761904761906
panel,NiceOrDie,Agent360Full,full,TimeBasedNegotiator,generic time-based,time-based,first,2,0.1654761904761905,1.0,1.1654761904761906
panel,NiceOrDie,Agent360Full,full,TimeBasedNegotiator,generic time-based,time-based,second,2,0.1654761904761905,1.0,1.1654761904761906
panel,NiceOrDie,Agent360Full,full,AspirationNegotiator,aspiration-based,time-based,first,2,0.1654761904761905,1.0,1.1654761904761906
panel,NiceOrDie,Agent360Full,full,AspirationNegotiator,aspiration-based,time-based,second,2,0.1654761904761905,1.0,1.1654761904761906
panel,NiceOrDie,Agent360Full,full,HybridNegotiator,hybrid time + utility,hybrid,first,2,0.0,1.0,1.0
panel,NiceOrDie,Agent360Full,full,HybridNegotiator,hybrid time + utility,hybrid,second,2,0.0,1.0,1.0
panel,NiceOrDie,Agent360Full,full,RandomNegotiator,random rational offers,baseline,first,2,1.0,1.0,2.0
panel,NiceOrDie,Agent360Full,full,RandomNegotiator,random rational offers,baseline,second,2,0.1654761904761905,1.0,1.1654761904761906
panel,NiceOrDie,Agent360Full,full,FirstOfferOrientedTBNegotiator,anchors on first offer,oriented,first,2,0.1654761904761905,1.0,1.1654761904761906
panel,NiceOrDie,Agent360Full,full,FirstOfferOrientedTBNegotiator,anchors on first offer,oriented,second,2,0.1654761904761905,1.0,1.1654761904761906
panel,NiceOrDie,Agent360Full,full,LastOfferOrientedTBNegotiator,follows last offer,oriented,first,2,0.1654761904761905,1.0,1.1654761904761906
panel,NiceOrDie,Agent360Full,full,LastOfferOrientedTBNegotiator,follows last offer,oriented,second,2,0.1654761904761905,1.0,1.1654761904761906
panel,NiceOrDie,Agent360Full,full,BestOfferOrientedTBNegotiator,tracks best offer seen,oriented,first,2,0.1654761904761905,1.0,1.1654761904761906
panel,NiceOrDie,Agent360Full,full,BestOfferOrientedTBNegotiator,tracks best offer seen,oriented,second,2,0.1654761904761905,1.0,1.1654761904761906
panel,NiceOrDie,Agent360Reverse,reverse,SimpleNegotiator,reverse-ufun + time concede,example,first,2,0.1654761904761905,0.5,0.6654761904761906
panel,NiceOrDie,Agent360Reverse,reverse,SimpleNegotiator,reverse-ufun + time concede,example,second,2,0.1654761904761905,0.5,0.6654761904761906
panel,NiceOrDie,Agent360Reverse,reverse,BOANeg,BOA: time offer + Smith + ACNext,example,first,2,0.1654761904761905,0.5,0.6654761904761906
panel,NiceOrDie,Agent360Reverse,reverse,BOANeg,BOA: time offer + Smith + ACNext,example,second,2,0.1654761904761905,0.5,0.6654761904761906
panel,NiceOrDie,Agent360Reverse,reverse,MAPNeg,"MAP: same stack, acceptance_first",example,first,2,0.1654761904761905,0.5,0.6654761904761906
panel,NiceOrDie,Agent360Reverse,reverse,MAPNeg,"MAP: same stack, acceptance_first",example,second,2,0.1654761904761905,0.5,0.6654761904761906
panel,NiceOrDie,Agent360Reverse,reverse,BoulwareTBNegotiator,slow concession (Boulware),time-based,first,2,0.1654761904761905,1.0,1.1654761904761906
panel,NiceOrDie,Agent360Reverse,reverse,BoulwareTBNegotiator,slow concession (Boulware),time-based,second,2,0.1654761904761905,1.0,1.1654761904761906
panel,NiceOrDie,Agent360Reverse,reverse,ConcederTBNegotiator,fast concession,time-based,first,2,0.1654761904761905,1.0,1.1654761904761906
panel,NiceOrDie,Agent360Reverse,reverse,ConcederTBNegotiator,fast concession,time-based,second,2,0.1654761904761905,1.0,1.1654761904761906
panel,NiceOrDie,Agent360Reverse,reverse,LinearTBNegotiator,linear time concession,time-based,first,2,0.1654761904761905,1.0,1.1654761904761906
panel,NiceOrDie,Agent360Reverse,reverse,LinearTBNegotiator,linear time concession,time-based,second,2,0.1654761904761905,1.0,1.1654761904761906
panel,NiceOrDie,Agent360Reverse,reverse,ToughNegotiator,"hard line, slow give",time-based,first,2,0.0,1.0,1.0
panel,NiceOrDie,Agent360Reverse,reverse,ToughNegotiator,"hard line, slow give",time-based,second,2,0.0,1.0,1.0
panel,NiceOrDie,Agent360Reverse,reverse,MiCRONegotiator,MiCRO (Genius-style),genius-style,first,2,0.1654761904761905,1.0,1.1654761904761906
panel,NiceOrDie,Agent360Reverse,reverse,MiCRONegotiator,MiCRO (Genius-style),genius-style,second,2,0.1654761904761905,1.0,1.1654761904761906
panel,NiceOrDie,Agent360Reverse,reverse,TimeBasedNegotiator,generic time-based,time-based,first,2,0.1654761904761905,1.0,1.1654761904761906
panel,NiceOrDie,Agent360Reverse,reverse,TimeBasedNegotiator,generic time-based,time-based,second,2,0.1654761904761905,1.0,1.1654761904761906
panel,NiceOrDie,Agent360Reverse,reverse,AspirationNegotiator,aspiration-based,time-based,first,2,0.1654761904761905,1.0,1.1654761904761906
panel,NiceOrDie,Agent360Reverse,reverse,AspirationNegotiator,aspiration-based,time-based,second,2,0.1654761904761905,1.0,1.1654761904761906
panel,NiceOrDie,Agent360Reverse,reverse,HybridNegotiator,hybrid time + utility,hybrid,first,2,0.0,1.0,1.0
panel,NiceOrDie,Agent360Reverse,reverse,HybridNegotiator,hybrid time + utility,hybrid,second,2,0.0,1.0,1.0
panel,NiceOrDie,Agent360Reverse,reverse,RandomNegotiator,random rational offers,baseline,first,2,0.5827380952380953,0.5,1.0827380952380952
panel,NiceOrDie,Agent360Reverse,reverse,RandomNegotiator,random rational offers,baseline,second,2,0.5827380952380953,1.0,1.5827380952380952
panel,NiceOrDie,Agent360Reverse,reverse,FirstOfferOrientedTBNegotiator,anchors on first offer,oriented,first,2,0.1654761904761905,1.0,1.1654761904761906
panel,NiceOrDie,Agent360Reverse,reverse,FirstOfferOrientedTBNegotiator,anchors on first offer,oriented,second,2,0.1654761904761905,1.0,1.1654761904761906
panel,NiceOrDie,Agent360Reverse,reverse,LastOfferOrientedTBNegotiator,follows last offer,oriented,first,2,0.1654761904761905,1.0,1.1654761904761906
panel,NiceOrDie,Agent360Reverse,reverse,LastOfferOrientedTBNegotiator,follows last offer,oriented,second,2,0.1654761904761905,1.0,1.1654761904761906
panel,NiceOrDie,Agent360Reverse,reverse,BestOfferOrientedTBNegotiator,tracks best offer seen,oriented,first,2,0.1654761904761905,1.0,1.1654761904761906
panel,NiceOrDie,Agent360Reverse,reverse,BestOfferOrientedTBNegotiator,tracks best offer seen,oriented,second,2,0.1654761904761905,1.0,1.1654761904761906
panel,NiceOrDie,Agent360V2,hybrid,SimpleNegotiator,reverse-ufun + time concede,example,first,2,0.1654761904761905,0.5,0.6654761904761906
panel,NiceOrDie,Agent360V2,hybrid,SimpleNegotiator,reverse-ufun + time concede,example,second,2,0.1654761904761905,0.5,0.6654761904761906
panel,NiceOrDie,Agent360V2,hybrid,BOANeg,BOA: time offer + Smith + ACNext,example,first,2,0.1654761904761905,0.5,0.6654761904761906
panel,NiceOrDie,Agent360V2,hybrid,BOANeg,BOA: time offer + Smith + ACNext,example,second,2,0.1654761904761905,0.5,0.6654761904761906
panel,NiceOrDie,Agent360V2,hybrid,MAPNeg,"MAP: same stack, acceptance_first",example,first,2,0.1654761904761905,0.5,0.6654761904761906
panel,NiceOrDie,Agent360V2,hybrid,MAPNeg,"MAP: same stack, acceptance_first",example,second,2,0.1654761904761905,0.5,0.6654761904761906
panel,NiceOrDie,Agent360V2,hybrid,BoulwareTBNegotiator,slow concession (Boulware),time-based,first,2,0.1654761904761905,1.0,1.1654761904761906
panel,NiceOrDie,Agent360V2,hybrid,BoulwareTBNegotiator,slow concession (Boulware),time-based,second,2,0.1654761904761905,1.0,1.1654761904761906
panel,NiceOrDie,Agent360V2,hybrid,ConcederTBNegotiator,fast concession,time-based,first,2,0.1654761904761905,1.0,1.1654761904761906
panel,NiceOrDie,Agent360V2,hybrid,ConcederTBNegotiator,fast concession,time-based,second,2,0.1654761904761905,1.0,1.1654761904761906
panel,NiceOrDie,Agent360V2,hybrid,LinearTBNegotiator,linear time concession,time-based,first,2,0.1654761904761905,1.0,1.1654761904761906
panel,NiceOrDie,Agent360V2,hybrid,LinearTBNegotiator,linear time concession,time-based,second,2,0.1654761904761905,1.0,1.1654761904761906
panel,NiceOrDie,Agent360V2,hybrid,ToughNegotiator,"hard line, slow give",time-based,first,2,0.0,1.0,1.0
panel,NiceOrDie,Agent360V2,hybrid,ToughNegotiator,"hard line, slow give",time-based,second,2,0.0,1.0,1.0
panel,NiceOrDie,Agent360V2,hybrid,MiCRONegotiator,MiCRO (Genius-style),genius-style,first,2,0.1654761904761905,1.0,1.1654761904761906
panel,NiceOrDie,Agent360V2,hybrid,MiCRONegotiator,MiCRO (Genius-style),genius-style,second,2,0.1654761904761905,1.0,1.1654761904761906
panel,NiceOrDie,Agent360V2,hybrid,TimeBasedNegotiator,generic time-based,time-based,first,2,0.1654761904761905,1.0,1.1654761904761906
panel,NiceOrDie,Agent360V2,hybrid,TimeBasedNegotiator,generic time-based,time-based,second,2,0.1654761904761905,1.0,1.1654761904761906
panel,NiceOrDie,Agent360V2,hybrid,AspirationNegotiator,aspiration-based,time-based,first,2,0.1654761904761905,1.0,1.1654761904761906
panel,NiceOrDie,Agent360V2,hybrid,AspirationNegotiator,aspiration-based,time-based,second,2,0.1654761904761905,1.0,1.1654761904761906
panel,NiceOrDie,Agent360V2,hybrid,HybridNegotiator,hybrid time + utility,hybrid,first,2,0.0,1.0,1.0
panel,NiceOrDie,Agent360V2,hybrid,HybridNegotiator,hybrid time + utility,hybrid,second,2,0.0,1.0,1.0
panel,NiceOrDie,Agent360V2,hybrid,RandomNegotiator,random rational offers,baseline,first,2,0.5827380952380953,0.5,1.0827380952380952
panel,NiceOrDie,Agent360V2,hybrid,RandomNegotiator,random rational offers,baseline,second,2,1.0,1.0,2.0
panel,NiceOrDie,Agent360V2,hybrid,FirstOfferOrientedTBNegotiator,anchors on first offer,oriented,first,2,0.1654761904761905,1.0,1.1654761904761906
panel,NiceOrDie,Agent360V2,hybrid,FirstOfferOrientedTBNegotiator,anchors on first offer,oriented,second,2,0.1654761904761905,1.0,1.1654761904761906
panel,NiceOrDie,Agent360V2,hybrid,LastOfferOrientedTBNegotiator,follows last offer,oriented,first,2,0.1654761904761905,1.0,1.1654761904761906
panel,NiceOrDie,Agent360V2,hybrid,LastOfferOrientedTBNegotiator,follows last offer,oriented,second,2,0.1654761904761905,1.0,1.1654761904761906
panel,NiceOrDie,Agent360V2,hybrid,BestOfferOrientedTBNegotiator,tracks best offer seen,oriented,first,2,0.1654761904761905,1.0,1.1654761904761906
panel,NiceOrDie,Agent360V2,hybrid,BestOfferOrientedTBNegotiator,tracks best offer seen,oriented,second,2,0.1654761904761905,1.0,1.1654761904761906
head_to_head,Amsterdam,Agent360,gradient,Agent360Full,full,decoy,first,2,0.5780669144981412,0.21104988450298584,0.7891167990011271
head_to_head,Amsterdam,Agent360Full,full,Agent360,gradient,decoy,second,2,0.6592465753424657,0.7889501154970142,1.4481966908394799
head_to_head,Amsterdam,Agent360,gradient,Agent360Full,full,decoy,second,2,0.5890410958904109,0.4522192590933753,1.0412603549837862
head_to_head,Amsterdam,Agent360Full,full,Agent360,gradient,decoy,first,2,0.4795539033457249,0.5477807409066247,1.0273346442523497
head_to_head,Amsterdam,Agent360,gradient,Agent360Reverse,reverse,decoy,first,2,0.6524163568773234,0.49391364934371873,1.1463300062210422
head_to_head,Amsterdam,Agent360Reverse,reverse,Agent360,gradient,decoy,second,2,0.8373287671232876,0.5060863506562812,1.3434151177795688
head_to_head,Amsterdam,Agent360,gradient,Agent360Reverse,reverse,decoy,second,2,0.6044520547945205,0.5681089267590475,1.172560981553568
head_to_head,Amsterdam,Agent360Reverse,reverse,Agent360,gradient,decoy,first,2,0.9107806691449813,0.43189107324095255,1.3426717423859338
head_to_head,Amsterdam,Agent360,gradient,Agent360V2,hybrid,decoy,first,2,0.6059479553903345,0.528515411633887,1.1344633670242217
head_to_head,Amsterdam,Agent360V2,hybrid,Agent360,gradient,decoy,second,2,0.9349315068493151,0.47148458836611296,1.406416095215428
head_to_head,Amsterdam,Agent360,gradient,Agent360V2,hybrid,decoy,second,2,0.5496575342465753,0.5832854295725756,1.1329429638191508
head_to_head,Amsterdam,Agent360V2,hybrid,Agent360,gradient,decoy,first,2,0.9349442379182157,0.41671457042742444,1.3516588083456402
head_to_head,Amsterdam,Agent360Full,full,Agent360Reverse,reverse,decoy,first,2,0.5576208178438662,0.6297654321230153,1.1873862499668815
head_to_head,Amsterdam,Agent360Reverse,reverse,Agent360Full,full,decoy,second,2,0.9143835616438356,0.3702345678769847,1.2846181295208203
head_to_head,Amsterdam,Agent360Full,full,Agent360Reverse,reverse,decoy,second,2,0.6044520547945205,0.8186968497227848,1.4231489045173054
head_to_head,Amsterdam,Agent360Reverse,reverse,Agent360Full,full,decoy,first,2,0.9126394052044611,0.18130315027721525,1.0939425554816762
head_to_head,Amsterdam,Agent360Full,full,Agent360V2,hybrid,decoy,first,2,0.5278810408921932,0.6257492247425127,1.153630265634706
head_to_head,Amsterdam,Agent360V2,hybrid,Agent360Full,full,decoy,second,2,0.9315068493150684,0.3742507752574873,1.3057576245725557
head_to_head,Amsterdam,Agent360Full,full,Agent360V2,hybrid,decoy,second,2,0.6678082191780821,0.6280962173147804,1.2959044364928625
head_to_head,Amsterdam,Agent360V2,hybrid,Agent360Full,full,decoy,first,2,0.8884758364312269,0.37190378268521973,1.2603796191164465
head_to_head,Amsterdam,Agent360Reverse,reverse,Agent360V2,hybrid,decoy,first,2,0.9126394052044611,0.4752960739512817,1.3879354791557428
head_to_head,Amsterdam,Agent360V2,hybrid,Agent360Reverse,reverse,decoy,second,2,0.6044520547945205,0.5247039260487183,1.1291559808432388
head_to_head,Amsterdam,Agent360Reverse,reverse,Agent360V2,hybrid,decoy,second,2,0.7910958904109588,0.5230255358990441,1.314121426310003
head_to_head,Amsterdam,Agent360V2,hybrid,Agent360Reverse,reverse,decoy,first,2,0.6319702602230484,0.47697446410095595,1.1089447243240043
head_to_head,Camera,Agent360,gradient,Agent360Full,full,decoy,first,2,0.80020198619761,0.47973151642148126,1.2799335026190912
head_to_head,Camera,Agent360Full,full,Agent360,gradient,decoy,second,2,0.5688577855536117,0.5202684835785187,1.0891262691321304
head_to_head,Camera,Agent360,gradient,Agent360Full,full,decoy,second,2,0.5993501624593852,0.45573969363639794,1.0550898560957833
head_to_head,Camera,Agent360Full,full,Agent360,gradient,decoy,first,2,0.4960444369634741,0.544260306363602,1.0403047433270762
head_to_head,Camera,Agent360,gradient,Agent360Reverse,reverse,decoy,first,2,0.7519777815182629,0.4938533233260477,1.2458311048443105
head_to_head,Camera,Agent360Reverse,reverse,Agent360,gradient,decoy,second,2,0.7263184203949014,0.5061466766739524,1.2324650970688538
head_to_head,Camera,Agent360,gradient,Agent360Reverse,reverse,decoy,second,2,0.6174706323419146,0.5555003671336431,1.1729709994755577
head_to_head,Camera,Agent360Reverse,reverse,Agent360,gradient,decoy,first,2,0.9207204174381417,0.44449963286635685,1.3652200503044987
head_to_head,Camera,Agent360,gradient,Agent360V2,hybrid,decoy,first,2,0.8801548560848342,0.49503277995573763,1.3751876360405717
head_to_head,Camera,Agent360V2,hybrid,Agent360,gradient,decoy,second,2,0.614596350912272,0.5049672200442623,1.1195635709565344
head_to_head,Camera,Agent360,gradient,Agent360V2,hybrid,decoy,second,2,0.6009747563109223,0.5382624944846449,1.1392372507955673
head_to_head,Camera,Agent360V2,hybrid,Agent360,gradient,decoy,first,2,0.8729170173371487,0.4617375055153551,1.3346545228525035
head_to_head,Camera,Agent360Full,full,Agent360Reverse,reverse,decoy,first,2,0.5324019525332435,0.6095003566475508,1.1419023091807943
head_to_head,Camera,Agent360Reverse,reverse,Agent360Full,full,decoy,second,2,0.9250187453136717,0.39049964335244924,1.315518388666121
head_to_head,Camera,Agent360Full,full,Agent360Reverse,reverse,decoy,second,2,0.5883529117720571,0.7967272788261079,1.385080190598165
head_to_head,Camera,Agent360Reverse,reverse,Agent360Full,full,decoy,first,2,0.9251809459686922,0.20327272117389214,1.1284536671425842
head_to_head,Camera,Agent360Full,full,Agent360V2,hybrid,decoy,first,2,0.5324019525332435,0.5981640233088157,1.1305659758420592
head_to_head,Camera,Agent360V2,hybrid,Agent360Full,full,decoy,second,2,0.9250187453136717,0.40183597669118426,1.3268547220048559
head_to_head,Camera,Agent360Full,full,Agent360V2,hybrid,decoy,second,2,0.6339665083729069,0.7901232407969064,1.4240897491698132
head_to_head,Camera,Agent360V2,hybrid,Agent360Full,full,decoy,first,2,0.8652583740111093,0.20987675920309362,1.0751351332142027
head_to_head,Camera,Agent360Reverse,reverse,Agent360V2,hybrid,decoy,first,2,0.8959771082309376,0.49430502632901197,1.3902821345599494
head_to_head,Camera,Agent360V2,hybrid,Agent360Reverse,reverse,decoy,second,2,0.61184703824044,0.5056949736709881,1.117542011911428
head_to_head,Camera,Agent360Reverse,reverse,Agent360V2,hybrid,decoy,second,2,0.7398150462384405,0.5087859909065228,1.2486010371449632
head_to_head,Camera,Agent360V2,hybrid,Agent360Reverse,reverse,decoy,first,2,0.7724288840262582,0.4912140090934773,1.2636428931197354
head_to_head,Car,Agent360,gradient,Agent360Full,full,decoy,first,2,0.7297,0.0,0.7297
head_to_head,Car,Agent360Full,full,Agent360,gradient,decoy,second,2,0.9668,1.0,1.9668
head_to_head,Car,Agent360,gradient,Agent360Full,full,decoy,second,2,0.9007000000000001,0.743672919724977,1.644372919724977
head_to_head,Car,Agent360Full,full,Agent360,gradient,decoy,first,2,0.8414,0.25632708027502304,1.097727080275023
head_to_head,Car,Agent360,gradient,Agent360Reverse,reverse,decoy,first,2,0.75285,0.5414719793465494,1.2943219793465497
head_to_head,Car,Agent360Reverse,reverse,Agent360,gradient,decoy,second,2,0.9577,0.4585280206534506,1.4162280206534508
head_to_head,Car,Agent360,gradient,Agent360Reverse,reverse,decoy,second,2,0.637,0.5299871662597537,1.1669871662597537
head_to_head,Car,Agent360Reverse,reverse,Agent360,gradient,decoy,first,2,0.95215,0.47001283374024616,1.4221628337402463
head_to_head,Car,Agent360,gradient,Agent360V2,hybrid,decoy,first,2,0.7541,0.5152970251253206,1.2693970251253206
head_to_head,Car,Agent360V2,hybrid,Agent360,gradient,decoy,second,2,0.9527000000000001,0.4847029748746794,1.4374029748746795
head_to_head,Car,Agent360,gradient,Agent360V2,hybrid,decoy,second,2,0.8379000000000001,0.5562559157788792,1.3941559157788794
head_to_head,Car,Agent360V2,hybrid,Agent360,gradient,decoy,first,2,0.9530000000000001,0.4437440842211209,1.396744084221121
head_to_head,Car,Agent360Full,full,Agent360Reverse,reverse,decoy,first,2,0.81705,0.5728670678105419,1.3899170678105421
head_to_head,Car,Agent360Reverse,reverse,Agent360Full,full,decoy,second,2,0.9611999999999999,0.42713293218945814,1.3883329321894582
head_to_head,Car,Agent360Full,full,Agent360Reverse,reverse,decoy,second,2,0.7608000000000001,0.5985508357068758,1.3593508357068758
head_to_head,Car,Agent360Reverse,reverse,Agent360Full,full,decoy,first,2,0.9719500000000001,0.40144916429312405,1.373399164293124
head_to_head,Car,Agent360Full,full,Agent360V2,hybrid,decoy,first,2,0.6311,0.5586924653122425,1.1897924653122425
head_to_head,Car,Agent360V2,hybrid,Agent360Full,full,decoy,second,2,0.9662000000000001,0.4413075346877574,1.4075075346877575
head_to_head,Car,Agent360Full,full,Agent360V2,hybrid,decoy,second,2,0.7408000000000001,0.5934114915992437,1.3342114915992438
head_to_head,Car,Agent360V2,hybrid,Agent360Full,full,decoy,first,2,0.98525,0.40658850840075633,1.3918385084007565
head_to_head,Car,Agent360Reverse,reverse,Agent360V2,hybrid,decoy,first,2,0.9580500000000001,0.48228833419129935,1.4403383341912994
head_to_head,Car,Agent360V2,hybrid,Agent360Reverse,reverse,decoy,second,2,0.7625000000000001,0.5177116658087006,1.2802116658087006
head_to_head,Car,Agent360Reverse,reverse,Agent360V2,hybrid,decoy,second,2,0.893,0.5183325070045417,1.4113325070045417
head_to_head,Car,Agent360V2,hybrid,Agent360Reverse,reverse,decoy,first,2,0.8244500000000001,0.4816674929954583,1.3061174929954584
head_to_head,Grocery,Agent360,gradient,Agent360Full,full,decoy,first,2,0.5833333333333334,0.45407320787704253,1.037406541210376
head_to_head,Grocery,Agent360Full,full,Agent360,gradient,decoy,second,2,0.5611111111111111,0.5459267921229576,1.1070379032340687
head_to_head,Grocery,Agent360,gradient,Agent360Full,full,decoy,second,2,0.6972222222222223,0.48290232356840646,1.1801245457906289
head_to_head,Grocery,Agent360Full,full,Agent360,gradient,decoy,first,2,0.5055555555555555,0.5170976764315935,1.022653231987149
head_to_head,Grocery,Agent360,gradient,Agent360Reverse,reverse,decoy,first,2,0.6055555555555556,0.5182702943731081,1.1238258499286637
head_to_head,Grocery,Agent360Reverse,reverse,Agent360,gradient,decoy,second,2,0.8861111111111112,0.4817297056268919,1.3678408167380032
head_to_head,Grocery,Agent360,gradient,Agent360Reverse,reverse,decoy,second,2,0.7333333333333334,0.7816759387233214,1.5150092720566548
head_to_head,Grocery,Agent360Reverse,reverse,Agent360,gradient,decoy,first,2,0.8,0.21832406127667847,1.0183240612766786
head_to_head,Grocery,Agent360,gradient,Agent360V2,hybrid,decoy,first,2,0.7055555555555557,0.5443762444057861,1.2499317999613417
head_to_head,Grocery,Agent360V2,hybrid,Agent360,gradient,decoy,second,2,0.9277777777777778,0.45562375559421386,1.3834015333719918
head_to_head,Grocery,Agent360,gradient,Agent360V2,hybrid,decoy,second,2,0.7333333333333334,0.7486036792415575,1.4819370125748907
head_to_head,Grocery,Agent360V2,hybrid,Agent360,gradient,decoy,first,2,0.8055555555555557,0.2513963207584426,1.0569518763139982
head_to_head,Grocery,Agent360Full,full,Agent360Reverse,reverse,decoy,first,2,0.5777777777777778,0.5379353462948897,1.1157131240726677
head_to_head,Grocery,Agent360Reverse,reverse,Agent360Full,full,decoy,second,2,0.9083333333333334,0.4620646537051104,1.370397987038444
head_to_head,Grocery,Agent360Full,full,Agent360Reverse,reverse,decoy,second,2,0.7027777777777778,0.5872412453487377,1.2900190231265154
head_to_head,Grocery,Agent360Reverse,reverse,Agent360Full,full,decoy,first,2,0.8694444444444447,0.4127587546512622,1.2822031990957068
head_to_head,Grocery,Agent360Full,full,Agent360V2,hybrid,decoy,first,2,0.6305555555555555,0.5521536052523992,1.1827091608079547
head_to_head,Grocery,Agent360V2,hybrid,Agent360Full,full,decoy,second,2,0.9,0.4478463947476008,1.347846394747601
head_to_head,Grocery,Agent360Full,full,Agent360V2,hybrid,decoy,second,2,0.7444444444444445,0.7877027600151124,1.532147204459557
head_to_head,Grocery,Agent360V2,hybrid,Agent360Full,full,decoy,first,2,0.8444444444444447,0.2122972399848876,1.0567416844293323
head_to_head,Grocery,Agent360Reverse,reverse,Agent360V2,hybrid,decoy,first,2,0.8222222222222224,0.4850249489974099,1.3072471712196323
head_to_head,Grocery,Agent360V2,hybrid,Agent360Reverse,reverse,decoy,second,2,0.8833333333333334,0.5149750510025901,1.3983083843359234
head_to_head,Grocery,Agent360Reverse,reverse,Agent360V2,hybrid,decoy,second,2,0.8527777777777779,0.5181048461691432,1.370882623946921
head_to_head,Grocery,Agent360V2,hybrid,Agent360Reverse,reverse,decoy,first,2,0.7083333333333335,0.4818951538308568,1.1902284871641902
head_to_head,ISBTAcquisition,Agent360,gradient,Agent360Full,full,decoy,first,2,0.6797385620915033,0.21473000669764772,0.894468568789151
head_to_head,ISBTAcquisition,Agent360Full,full,Agent360,gradient,decoy,second,2,0.4939024390243901,0.7852699933023523,1.2791724323267424
head_to_head,ISBTAcquisition,Agent360,gradient,Agent360Full,full,decoy,second,2,0.8475609756097561,0.7017103267101363,1.5492713023198923
head_to_head,ISBTAcquisition,Agent360Full,full,Agent360,gradient,decoy,first,2,0.4934640522875817,0.29828967328986367,0.7917537255774454
head_to_head,ISBTAcquisition,Agent360,gradient,Agent360Reverse,reverse,decoy,first,2,0.6111111111111112,0.5180757477801416,1.1291868588912528
head_to_head,ISBTAcquisition,Agent360Reverse,reverse,Agent360,gradient,decoy,second,2,0.847560975609756,0.4819242522198583,1.3294852278296143
head_to_head,ISBTAcquisition,Agent360,gradient,Agent360Reverse,reverse,decoy,second,2,0.6402439024390243,0.5294595837943056,1.16970348623333
head_to_head,ISBTAcquisition,Agent360Reverse,reverse,Agent360,gradient,decoy,first,2,0.849673202614379,0.4705404162056944,1.3202136188200735
head_to_head,ISBTAcquisition,Agent360,gradient,Agent360V2,hybrid,decoy,first,2,0.6111111111111112,0.5432203499873977,1.1543314610985087
head_to_head,ISBTAcquisition,Agent360V2,hybrid,Agent360,gradient,decoy,second,2,0.847560975609756,0.4567796500126023,1.3043406256223582
head_to_head,ISBTAcquisition,Agent360,gradient,Agent360V2,hybrid,decoy,second,2,0.6402439024390243,0.7834544520974618,1.4236983545364863
head_to_head,ISBTAcquisition,Agent360V2,hybrid,Agent360,gradient,decoy,first,2,0.8758169934640524,0.21654554790253822,1.0923625413665907
head_to_head,ISBTAcquisition,Agent360Full,full,Agent360Reverse,reverse,decoy,first,2,0.5751633986928104,0.31324473902007066,0.8884081377128812
head_to_head,ISBTAcquisition,Agent360Reverse,reverse,Agent360Full,full,decoy,second,2,0.8475609756097561,0.6867552609799293,1.5343162365896854
head_to_head,ISBTAcquisition,Agent360Full,full,Agent360Reverse,reverse,decoy,second,2,0.6097560975609755,0.8051926689780724,1.414948766539048
head_to_head,ISBTAcquisition,Agent360Reverse,reverse,Agent360Full,full,decoy,first,2,0.9117647058823529,0.1948073310219275,1.1065720369042804
head_to_head,ISBTAcquisition,Agent360Full,full,Agent360V2,hybrid,decoy,first,2,0.5457516339869282,0.6199474138464792,1.1656990478334073
head_to_head,ISBTAcquisition,Agent360V2,hybrid,Agent360Full,full,decoy,second,2,0.847560975609756,0.3800525861535209,1.2276135617632769
head_to_head,ISBTAcquisition,Agent360Full,full,Agent360V2,hybrid,decoy,second,2,0.4939024390243901,0.6193263919203171,1.1132288309447071
head_to_head,ISBTAcquisition,Agent360V2,hybrid,Agent360Full,full,decoy,first,2,0.9509803921568627,0.38067360807968287,1.3316540002365456
head_to_head,ISBTAcquisition,Agent360Reverse,reverse,Agent360V2,hybrid,decoy,first,2,0.957516339869281,0.4942014469224246,1.4517177867917057
head_to_head,ISBTAcquisition,Agent360V2,hybrid,Agent360Reverse,reverse,decoy,second,2,0.5731707317073169,0.5057985530775754,1.0789692847848924
head_to_head,ISBTAcquisition,Agent360Reverse,reverse,Agent360V2,hybrid,decoy,second,2,0.774390243902439,0.5181246786447974,1.2925149225472363
head_to_head,ISBTAcquisition,Agent360V2,hybrid,Agent360Reverse,reverse,decoy,first,2,0.673202614379085,0.4818753213552026,1.1550779357342877
head_to_head,Laptop,Agent360,gradient,Agent360Full,full,decoy,first,2,0.6355078168702297,0.45892449164072313,1.0944323085109529
head_to_head,Laptop,Agent360Full,full,Agent360,gradient,decoy,second,2,0.78651574602567,0.5410755083592769,1.3275912543849469
head_to_head,Laptop,Agent360,gradient,Agent360Full,full,decoy,second,2,0.8060292597482949,1.0,1.806029259748295
head_to_head,Laptop,Agent360Full,full,Agent360,gradient,decoy,first,2,0.5901592894242644,0.0,0.5901592894242644
head_to_head,Laptop,Agent360,gradient,Agent360Reverse,reverse,decoy,first,2,0.5775524426410947,0.5531793432632746,1.1307317859043695
head_to_head,Laptop,Agent360Reverse,reverse,Agent360,gradient,decoy,second,2,1.0,0.44682065673672544,1.4468206567367254
head_to_head,Laptop,Agent360,gradient,Agent360Reverse,reverse,decoy,second,2,0.5136317604069089,0.5538930564914826,1.0675248168983913
head_to_head,Laptop,Agent360Reverse,reverse,Agent360,gradient,decoy,first,2,0.9999999999999999,0.44610694350851743,1.4461069435085174
head_to_head,Laptop,Agent360,gradient,Agent360V2,hybrid,decoy,first,2,0.5775524426410947,0.520380592455823,1.0979330350969179
head_to_head,Laptop,Agent360V2,hybrid,Agent360,gradient,decoy,second,2,1.0,0.4796194075441769,1.4796194075441769
head_to_head,Laptop,Agent360,gradient,Agent360V2,hybrid,decoy,second,2,0.5136317604069089,0.5340075841910974,1.0476393445980063
head_to_head,Laptop,Agent360V2,hybrid,Agent360,gradient,decoy,first,2,0.9999999999999999,0.4659924158089026,1.4659924158089024
head_to_head,Laptop,Agent360Full,full,Agent360Reverse,reverse,decoy,first,2,0.5322039151951294,0.26483460214833066,0.79703851734346
head_to_head,Laptop,Agent360Reverse,reverse,Agent360Full,full,decoy,second,2,0.9609729725547502,0.7351653978516693,1.6961383704064197
head_to_head,Laptop,Agent360Full,full,Agent360Reverse,reverse,decoy,second,2,0.5136317604069089,0.5594971914353145,1.0731289518422233
head_to_head,Laptop,Agent360Reverse,reverse,Agent360Full,full,decoy,first,2,0.9999999999999999,0.4405028085646855,1.4405028085646854
head_to_head,Laptop,Agent360Full,full,Agent360V2,hybrid,decoy,first,2,0.5775524426410947,0.5574335301078686,1.1349859727489633
head_to_head,Laptop,Agent360V2,hybrid,Agent360Full,full,decoy,second,2,1.0,0.4425664698921314,1.4425664698921312
head_to_head,Laptop,Agent360Full,full,Agent360V2,hybrid,decoy,second,2,0.5136317604069089,0.5481834739718028,1.0618152343787117
head_to_head,Laptop,Agent360V2,hybrid,Agent360Full,full,decoy,first,2,0.9999999999999999,0.45181652602819716,1.451816526028197
head_to_head,Laptop,Agent360Reverse,reverse,Agent360V2,hybrid,decoy,first,2,0.7887762213205473,0.47646926897961406,1.2652454903001613
head_to_head,Laptop,Agent360V2,hybrid,Agent360Reverse,reverse,decoy,second,2,0.7568158802034546,0.5235307310203859,1.2803466112238406
head_to_head,Laptop,Agent360Reverse,reverse,Agent360V2,hybrid,decoy,second,2,0.9225281435967724,0.5107931158230843,1.4333212594198566
head_to_head,Laptop,Agent360V2,hybrid,Agent360Reverse,reverse,decoy,first,2,0.6745529209246102,0.48920688417691566,1.1637598051015259
head_to_head,NiceOrDie,Agent360,gradient,Agent360Full,full,decoy,first,2,0.1654761904761905,0.0,0.1654761904761905
head_to_head,NiceOrDie,Agent360Full,full,Agent360,gradient,decoy,second,2,0.1654761904761905,1.0,1.1654761904761906
head_to_head,NiceOrDie,Agent360,gradient,Agent360Full,full,decoy,second,2,0.1654761904761905,1.0,1.1654761904761906
head_to_head,NiceOrDie,Agent360Full,full,Agent360,gradient,decoy,first,2,0.1654761904761905,0.0,0.1654761904761905
head_to_head,NiceOrDie,Agent360,gradient,Agent360Reverse,reverse,decoy,first,2,0.1654761904761905,0.6449489742783178,0.8104251647545082
head_to_head,NiceOrDie,Agent360Reverse,reverse,Agent360,gradient,decoy,second,2,0.1654761904761905,0.3550510257216822,0.5205272161978727
head_to_head,NiceOrDie,Agent360,gradient,Agent360Reverse,reverse,decoy,second,2,0.1654761904761905,0.6449489742783178,0.8104251647545082
head_to_head,NiceOrDie,Agent360Reverse,reverse,Agent360,gradient,decoy,first,2,0.1654761904761905,0.3550510257216822,0.5205272161978727
head_to_head,NiceOrDie,Agent360,gradient,Agent360V2,hybrid,decoy,first,2,0.1654761904761905,0.0,0.1654761904761905
head_to_head,NiceOrDie,Agent360V2,hybrid,Agent360,gradient,decoy,second,2,0.1654761904761905,1.0,1.1654761904761906
head_to_head,NiceOrDie,Agent360,gradient,Agent360V2,hybrid,decoy,second,2,0.1654761904761905,1.0,1.1654761904761906
head_to_head,NiceOrDie,Agent360V2,hybrid,Agent360,gradient,decoy,first,2,0.1654761904761905,0.0,0.1654761904761905
head_to_head,NiceOrDie,Agent360Full,full,Agent360Reverse,reverse,decoy,first,2,0.1654761904761905,0.6449489742783178,0.8104251647545082
head_to_head,NiceOrDie,Agent360Reverse,reverse,Agent360Full,full,decoy,second,2,0.1654761904761905,0.3550510257216822,0.5205272161978727
head_to_head,NiceOrDie,Agent360Full,full,Agent360Reverse,reverse,decoy,second,2,0.1654761904761905,0.8224744871391589,0.9879506776153494
head_to_head,NiceOrDie,Agent360Reverse,reverse,Agent360Full,full,decoy,first,2,0.1654761904761905,0.1775255128608411,0.3430017033370316
head_to_head,NiceOrDie,Agent360Full,full,Agent360V2,hybrid,decoy,first,2,0.1654761904761905,0.3224744871391589,0.4879506776153494
head_to_head,NiceOrDie,Agent360V2,hybrid,Agent360Full,full,decoy,second,2,0.1654761904761905,0.6775255128608411,0.8430017033370316
head_to_head,NiceOrDie,Agent360Full,full,Agent360V2,hybrid,decoy,second,2,0.1654761904761905,0.6449489742783178,0.8104251647545082
head_to_head,NiceOrDie,Agent360V2,hybrid,Agent360Full,full,decoy,first,2,0.1654761904761905,0.3550510257216822,0.5205272161978727
head_to_head,NiceOrDie,Agent360Reverse,reverse,Agent360V2,hybrid,decoy,first,2,0.1654761904761905,0.42752551286084106,0.5930017033370316
head_to_head,NiceOrDie,Agent360V2,hybrid,Agent360Reverse,reverse,decoy,second,2,0.1654761904761905,0.5724744871391589,0.7379506776153494
head_to_head,NiceOrDie,Agent360Reverse,reverse,Agent360V2,hybrid,decoy,second,2,0.1654761904761905,0.5724744871391589,0.7379506776153494
head_to_head,NiceOrDie,Agent360V2,hybrid,Agent360Reverse,reverse,decoy,first,2,0.1654761904761905,0.42752551286084106,0.5930017033370316
