match_type,scenario,agent,agent_mode,opponent,opponent_mode,family,agent_first,runs,advantage,concealing,score
panel,Amsterdam,Agent360,gradient,SimpleNegotiator,reverse-ufun + time concede,example,first,2,0.5706319702602229,0.5567916193791069,1.1274235896393299
panel,Amsterdam,Agent360,gradient,SimpleNegotiator,reverse-ufun + time concede,example,second,2,0.6335616438356163,0.5735015836658077,1.2070632275014241
panel,Amsterdam,Agent360,gradient,BOANeg,BOA: time offer + Smith + ACNext,example,first,2,0.7100371747211895,0.45896274225049194,1.1689999169716816
panel,Amsterdam,Agent360,gradient,BOANeg,BOA: time offer + Smith + ACNext,example,second,2,0.6198630136986301,0.49252666677570056,1.1123896804743305
panel,Amsterdam,Agent360,gradient,MAPNeg,"MAP: same stack, acceptance_first",example,first,2,0.7100371747211895,0.4606687868832684,1.170705961604458
panel,Amsterdam,Agent360,gradient,MAPNeg,"MAP: same stack, acceptance_first",example,second,2,0.6198630136986301,0.4973537711062174,1.1172167848048473
panel,Amsterdam,Agent360,gradient,BoulwareTBNegotiator,slow concession (Boulware),time-based,first,2,0.7100371747211895,1.0,1.7100371747211895
panel,Amsterdam,Agent360,gradient,BoulwareTBNegotiator,slow concession (Boulware),time-based,second,2,0.6198630136986301,1.0,1.61986301369863
panel,Amsterdam,Agent360,gradient,ConcederTBNegotiator,fast concession,time-based,first,2,0.7546468401486989,1.0,1.7546468401486988
panel,Amsterdam,Agent360,gradient,ConcederTBNegotiator,fast concession,time-based,second,2,0.5976027397260273,1.0,1.5976027397260273
panel,Amsterdam,Agent360,gradient,LinearTBNegotiator,linear time concession,time-based,first,2,0.6133828996282528,1.0,1.6133828996282529
panel,Amsterdam,Agent360,gradient,LinearTBNegotiator,linear time concession,time-based,second,2,0.5136986301369862,1.0,1.5136986301369864
panel,Amsterdam,Agent360,gradient,ToughNegotiator,"hard line, slow give",time-based,first,2,0.30855018587360594,1.0,1.308550185873606
panel,Amsterdam,Agent360,gradient,ToughNegotiator,"hard line, slow give",time-based,second,2,0.47260273972602734,1.0,1.4726027397260273
panel,Amsterdam,Agent360,gradient,MiCRONegotiator,MiCRO (Genius-style),genius-style,first,2,0.5855018587360594,1.0,1.5855018587360594
panel,Amsterdam,Agent360,gradient,MiCRONegotiator,MiCRO (Genius-style),genius-style,second,2,0.583904109589041,1.0,1.583904109589041
panel,Amsterdam,Agent360,gradient,TimeBasedNegotiator,generic time-based,time-based,first,2,0.7100371747211895,1.0,1.7100371747211895
panel,Amsterdam,Agent360,gradient,TimeBasedNegotiator,generic time-based,time-based,second,2,0.6780821917808219,1.0,1.6780821917808217
panel,Amsterdam,Agent360,gradient,AspirationNegotiator,aspiration-based,time-based,first,2,0.7100371747211895,1.0,1.7100371747211895
panel,Amsterdam,Agent360,gradient,AspirationNegotiator,aspiration-based,time-based,second,2,0.6198630136986301,1.0,1.61986301369863
panel,Amsterdam,Agent360,gradient,HybridNegotiator,hybrid time + utility,hybrid,first,2,0.6096654275092936,1.0,1.6096654275092936
panel,Amsterdam,Agent360,gradient,HybridNegotiator,hybrid time + utility,hybrid,second,2,0.6301369863013698,1.0,1.6301369863013697
panel,Amsterdam,Agent360,gradient,RandomNegotiator,random rational offers,baseline,first,2,0.5892193308550187,1.0,1.5892193308550184
panel,Amsterdam,Agent360,gradient,RandomNegotiator,random rational offers,baseline,second,2,0.2996575342465754,1.0,1.2996575342465753
panel,Amsterdam,Agent360,gradient,FirstOfferOrientedTBNegotiator,anchors on first offer,oriented,first,2,0.7100371747211895,1.0,1.7100371747211895
panel,Amsterdam,Agent360,gradient,FirstOfferOrientedTBNegotiator,anchors on first offer,oriented,second,2,0.6198630136986301,1.0,1.61986301369863
panel,Amsterdam,Agent360,gradient,LastOfferOrientedTBNegotiator,follows last offer,oriented,first,2,0.7100371747211895,1.0,1.7100371747211895
panel,Amsterdam,Agent360,gradient,LastOfferOrientedTBNegotiator,follows last offer,oriented,second,2,0.6198630136986301,1.0,1.61986301369863
panel,Amsterdam,Agent360,gradient,BestOfferOrientedTBNegotiator,tracks best offer seen,oriented,first,2,0.7100371747211895,1.0,1.7100371747211895
panel,Amsterdam,Agent360,gradient,BestOfferOrientedTBNegotiator,tracks best offer seen,oriented,second,2,0.6198630136986301,1.0,1.61986301369863
panel,Amsterdam,Agent360Full,full,SimpleNegotiator,reverse-ufun + time concede,example,first,2,0.6133828996282528,0.5574548477874919,1.1708377474157445
panel,Amsterdam,Agent360Full,full,SimpleNegotiator,reverse-ufun + time concede,example,second,2,0.5787671232876711,0.5715863487253383,1.1503534720130095
panel,Amsterdam,Agent360Full,full,BOANeg,BOA: time offer + Smith + ACNext,example,first,2,0.7100371747211895,0.5120645374057011,1.2221017121268907
panel,Amsterdam,Agent360Full,full,BOANeg,BOA: time offer + Smith + ACNext,example,second,2,0.6198630136986301,0.5371773412123446,1.1570403549109747
panel,Amsterdam,Agent360Full,full,MAPNeg,"MAP: same stack, acceptance_first",example,first,2,0.7100371747211895,0.5141567267004421,1.2241939014216316
panel,Amsterdam,Agent360Full,full,MAPNeg,"MAP: same stack, acceptance_first",example,second,2,0.6198630136986301,0.5455590381385964,1.1654220518372265
panel,Amsterdam,Agent360Full,full,BoulwareTBNegotiator,slow concession (Boulware),time-based,first,2,0.7100371747211895,1.0,1.7100371747211895
panel,Amsterdam,Agent360Full,full,BoulwareTBNegotiator,slow concession (Boulware),time-based,second,2,0.6780821917808219,1.0,1.6780821917808217
panel,Amsterdam,Agent360Full,full,ConcederTBNegotiator,fast concession,time-based,first,2,0.7546468401486989,1.0,1.7546468401486988
panel,Amsterdam,Agent360Full,full,ConcederTBNegotiator,fast concession,time-based,second,2,0.5941780821917808,1.0,1.5941780821917808
panel,Amsterdam,Agent360Full,full,LinearTBNegotiator,linear time concession,time-based,first,2,0.4851301115241635,1.0,1.4851301115241635
panel,Amsterdam,Agent360Full,full,LinearTBNegotiator,linear time concession,time-based,second,2,0.5462328767123287,1.0,1.5462328767123288
panel,Amsterdam,Agent360Full,full,ToughNegotiator,"hard line, slow give",time-based,first,2,0.30855018587360594,1.0,1.308550185873606
panel,Amsterdam,Agent360Full,full,ToughNegotiator,"hard line, slow give",time-based,second,2,0.47260273972602734,1.0,1.4726027397260273
panel,Amsterdam,Agent360Full,full,MiCRONegotiator,MiCRO (Genius-style),genius-style,first,2,0.6059479553903345,1.0,1.6059479553903344
panel,Amsterdam,Agent360Full,full,MiCRONegotiator,MiCRO (Genius-style),genius-style,second,2,0.5821917808219177,1.0,1.5821917808219177
panel,Amsterdam,Agent360Full,full,TimeBasedNegotiator,generic time-based,time-based,first,2,0.7100371747211895,1.0,1.7100371747211895
panel,Amsterdam,Agent360Full,full,TimeBasedNegotiator,generic time-based,time-based,second,2,0.6198630136986301,1.0,1.61986301369863
panel,Amsterdam,Agent360Full,full,AspirationNegotiator,aspiration-based,time-based,first,2,0.7100371747211895,1.0,1.7100371747211895
panel,Amsterdam,Agent360Full,full,AspirationNegotiator,aspiration-based,time-based,second,2,0.6198630136986301,1.0,1.61986301369863
panel,Amsterdam,Agent360Full,full,HybridNegotiator,hybrid time + utility,hybrid,first,2,0.6245353159851301,1.0,1.62453531598513
panel,Amsterdam,Agent360Full,full,HybridNegotiator,hybrid time + utility,hybrid,second,2,0.5393835616438356,1.0,1.5393835616438356
panel,Amsterdam,Agent360Full,full,RandomNegotiator,random rational offers,baseline,first,2,0.2657992565055762,1.0,1.2657992565055762
panel,Amsterdam,Agent360Full,full,RandomNegotiator,random rational offers,baseline,second,2,0.4246575342465754,1.0,1.4246575342465753
panel,Amsterdam,Agent360Full,full,FirstOfferOrientedTBNegotiator,anchors on first offer,oriented,first,2,0.7100371747211895,1.0,1.7100371747211895
panel,Amsterdam,Agent360Full,full,FirstOfferOrientedTBNegotiator,anchors on first offer,oriented,second,2,0.6198630136986301,1.0,1.61986301369863
panel,Amsterdam,Agent360Full,full,LastOfferOrientedTBNegotiator,follows last offer,oriented,first,2,0.7100371747211895,1.0,1.7100371747211895
panel,Amsterdam,Agent360Full,full,LastOfferOrientedTBNegotiator,follows last offer,oriented,second,2,0.6198630136986301,1.0,1.61986301369863
panel,Amsterdam,Agent360Full,full,BestOfferOrientedTBNegotiator,tracks best offer seen,oriented,first,2,0.7100371747211895,1.0,1.7100371747211895
panel,Amsterdam,Agent360Full,full,BestOfferOrientedTBNegotiator,tracks best offer seen,oriented,second,2,0.6198630136986301,1.0,1.61986301369863
panel,Amsterdam,Agent360Reverse,reverse,SimpleNegotiator,reverse-ufun + time concede,example,first,2,0.7769516728624535,0.548134679425247,1.3250863522877006
panel,Amsterdam,Agent360Reverse,reverse,SimpleNegotiator,reverse-ufun + time concede,example,second,2,0.9349315068493151,0.5843817710369545,1.5193132778862697
panel,Amsterdam,Agent360Reverse,reverse,BOANeg,BOA: time offer + Smith + ACNext,example,first,2,0.7100371747211895,0.46466472185855184,1.1747018965797413
panel,Amsterdam,Agent360Reverse,reverse,BOANeg,BOA: time offer + Smith + ACNext,example,second,2,0.6198630136986301,0.5027096116189222,1.1225726253175523
panel,Amsterdam,Agent360Reverse,reverse,MAPNeg,"MAP: same stack, acceptance_first",example,first,2,0.7007434944237918,0.46508284373815195,1.1658263381619438
panel,Amsterdam,Agent360Reverse,reverse,MAPNeg,"MAP: same stack, acceptance_first",example,second,2,0.6455479452054794,0.500524214989805,1.1460721601952844
panel,Amsterdam,Agent360Reverse,reverse,BoulwareTBNegotiator,slow concession (Boulware),time-based,first,2,0.7100371747211895,1.0,1.7100371747211895
panel,Amsterdam,Agent360Reverse,reverse,BoulwareTBNegotiator,slow concession (Boulware),time-based,second,2,0.6198630136986301,1.0,1.61986301369863
panel,Amsterdam,Agent360Reverse,reverse,ConcederTBNegotiator,fast concession,time-based,first,2,0.9107806691449815,1.0,1.9107806691449816
panel,Amsterdam,Agent360Reverse,reverse,ConcederTBNegotiator,fast concession,time-based,second,2,0.922945205479452,1.0,1.922945205479452
panel,Amsterdam,Agent360Reverse,reverse,LinearTBNegotiator,linear time concession,time-based,first,2,0.8234200743494424,1.0,1.8234200743494424
panel,Amsterdam,Agent360Reverse,reverse,LinearTBNegotiator,linear time concession,time-based,second,2,0.910958904109589,1.0,1.910958904109589
panel,Amsterdam,Agent360Reverse,reverse,ToughNegotiator,"hard line, slow give",time-based,first,2,0.30855018587360594,1.0,1.308550185873606
panel,Amsterdam,Agent360Reverse,reverse,ToughNegotiator,"hard line, slow give",time-based,second,2,0.47260273972602734,1.0,1.4726027397260273
panel,Amsterdam,Agent360Reverse,reverse,MiCRONegotiator,MiCRO (Genius-style),genius-style,first,2,0.6914498141263941,1.0,1.691449814126394
panel,Amsterdam,Agent360Reverse,reverse,MiCRONegotiator,MiCRO (Genius-style),genius-style,second,2,0.7363013698630136,1.0,1.7363013698630136
panel,Amsterdam,Agent360Reverse,reverse,TimeBasedNegotiator,generic time-based,time-based,first,2,0.7434944237918215,1.0,1.7434944237918215
panel,Amsterdam,Agent360Reverse,reverse,TimeBasedNegotiator,generic time-based,time-based,second,2,0.6763698630136986,1.0,1.6763698630136985
panel,Amsterdam,Agent360Reverse,reverse,AspirationNegotiator,aspiration-based,time-based,first,2,0.7100371747211895,1.0,1.7100371747211895
panel,Amsterdam,Agent360Reverse,reverse,AspirationNegotiator,aspiration-based,time-based,second,2,0.6541095890410957,1.0,1.654109589041096
panel,Amsterdam,Agent360Reverse,reverse,HybridNegotiator,hybrid time + utility,hybrid,first,2,0.8011152416356877,1.0,1.8011152416356877
panel,Amsterdam,Agent360Reverse,reverse,HybridNegotiator,hybrid time + utility,hybrid,second,2,0.8578767123287672,1.0,1.8578767123287672
panel,Amsterdam,Agent360Reverse,reverse,RandomNegotiator,random rational offers,baseline,first,2,0.9349442379182156,1.0,1.9349442379182156
panel,Amsterdam,Agent360Reverse,reverse,RandomNegotiator,random rational offers,baseline,second,2,0.910958904109589,1.0,1.910958904109589
panel,Amsterdam,Agent360Reverse,reverse,FirstOfferOrientedTBNegotiator,anchors on first offer,oriented,first,2,0.7100371747211895,1.0,1.7100371747211895
panel,Amsterdam,Agent360Reverse,reverse,FirstOfferOrientedTBNegotiator,anchors on first offer,oriented,second,2,0.6198630136986301,1.0,1.61986301369863
panel,Amsterdam,Agent360Reverse,reverse,LastOfferOrientedTBNegotiator,follows last offer,oriented,first,2,0.7100371747211895,1.0,1.7100371747211895
panel,Amsterdam,Agent360Reverse,reverse,LastOfferOrientedTBNegotiator,follows last offer,oriented,second,2,0.6541095890410958,1.0,1.654109589041096
panel,Amsterdam,Agent360Reverse,reverse,BestOfferOrientedTBNegotiator,tracks best offer seen,oriented,first,2,0.7100371747211895,1.0,1.7100371747211895
panel,Amsterdam,Agent360Reverse,reverse,BestOfferOrientedTBNegotiator,tracks best offer seen,oriented,second,2,0.6198630136986301,1.0,1.61986301369863
panel,Amsterdam,Agent360V2,v2,SimpleNegotiator,reverse-ufun + time concede,example,first,2,0.5464684014869888,0.5563077405470709,1.1027761420340596
panel,Amsterdam,Agent360V2,v2,SimpleNegotiator,reverse-ufun + time concede,example,second,2,0.631849315068493,0.5741448747925301,1.2059941898610231
panel,Amsterdam,Agent360V2,v2,BOANeg,BOA: time offer + Smith + ACNext,example,first,2,0.7100371747211895,0.5438287161324675,1.2538658908536573
panel,Amsterdam,Agent360V2,v2,BOANeg,BOA: time offer + Smith + ACNext,example,second,2,0.6198630136986301,0.5752751383562931,1.1951381520549231
panel,Amsterdam,Agent360V2,v2,MAPNeg,"MAP: same stack, acceptance_first",example,first,2,0.7100371747211895,0.5415857326785064,1.251622907399696
panel,Amsterdam,Agent360V2,v2,MAPNeg,"MAP: same stack, acceptance_first",example,second,2,0.6198630136986301,0.5682350821203317,1.1880980958189618
panel,Amsterdam,Agent360V2,v2,BoulwareTBNegotiator,slow concession (Boulware),time-based,first,2,0.7434944237918215,1.0,1.7434944237918215
panel,Amsterdam,Agent360V2,v2,BoulwareTBNegotiator,slow concession (Boulware),time-based,second,2,0.6198630136986301,1.0,1.61986301369863
panel,Amsterdam,Agent360V2,v2,ConcederTBNegotiator,fast concession,time-based,first,2,0.7546468401486989,1.0,1.7546468401486988
panel,Amsterdam,Agent360V2,v2,ConcederTBNegotiator,fast concession,time-based,second,2,0.6267123287671232,1.0,1.6267123287671232
panel,Amsterdam,Agent360V2,v2,LinearTBNegotiator,linear time concession,time-based,first,2,0.5464684014869888,1.0,1.546468401486989
panel,Amsterdam,Agent360V2,v2,LinearTBNegotiator,linear time concession,time-based,second,2,0.5787671232876711,1.0,1.5787671232876712
panel,Amsterdam,Agent360V2,v2,ToughNegotiator,"hard line, slow give",time-based,first,2,0.30855018587360594,1.0,1.308550185873606
panel,Amsterdam,Agent360V2,v2,ToughNegotiator,"hard line, slow give",time-based,second,2,0.47260273972602734,1.0,1.4726027397260273
panel,Amsterdam,Agent360V2,v2,MiCRONegotiator,MiCRO (Genius-style),genius-style,first,2,0.6059479553903345,1.0,1.6059479553903344
panel,Amsterdam,Agent360V2,v2,MiCRONegotiator,MiCRO (Genius-style),genius-style,second,2,0.5496575342465753,1.0,1.5496575342465753
panel,Amsterdam,Agent360V2,v2,TimeBasedNegotiator,generic time-based,time-based,first,2,0.7100371747211895,1.0,1.7100371747211895
panel,Amsterdam,Agent360V2,v2,TimeBasedNegotiator,generic time-based,time-based,second,2,0.6198630136986301,1.0,1.61986301369863
panel,Amsterdam,Agent360V2,v2,AspirationNegotiator,aspiration-based,time-based,first,2,0.7100371747211895,1.0,1.7100371747211895
panel,Amsterdam,Agent360V2,v2,AspirationNegotiator,aspiration-based,time-based,second,2,0.6198630136986301,1.0,1.61986301369863
panel,Amsterdam,Agent360V2,v2,HybridNegotiator,hybrid time + utility,hybrid,first,2,0.5185873605947955,1.0,1.5185873605947955
panel,Amsterdam,Agent360V2,v2,HybridNegotiator,hybrid time + utility,hybrid,second,2,0.5787671232876711,1.0,1.5787671232876712
panel,Amsterdam,Agent360V2,v2,RandomNegotiator,random rational offers,baseline,first,2,0.5278810408921932,1.0,1.5278810408921935
panel,Amsterdam,Agent360V2,v2,RandomNegotiator,random rational offers,baseline,second,2,0.625,1.0,1.625
panel,Amsterdam,Agent360V2,v2,FirstOfferOrientedTBNegotiator,anchors on first offer,oriented,first,2,0.7100371747211895,1.0,1.7100371747211895
panel,Amsterdam,Agent360V2,v2,FirstOfferOrientedTBNegotiator,anchors on first offer,oriented,second,2,0.6198630136986301,1.0,1.61986301369863
panel,Amsterdam,Agent360V2,v2,LastOfferOrientedTBNegotiator,follows last offer,oriented,first,2,0.7100371747211895,1.0,1.7100371747211895
panel,Amsterdam,Agent360V2,v2,LastOfferOrientedTBNegotiator,follows last offer,oriented,second,2,0.6198630136986301,1.0,1.61986301369863
panel,Amsterdam,Agent360V2,v2,BestOfferOrientedTBNegotiator,tracks best offer seen,oriented,first,2,0.7100371747211895,1.0,1.7100371747211895
panel,Amsterdam,Agent360V2,v2,BestOfferOrientedTBNegotiator,tracks best offer seen,oriented,second,2,0.6198630136986301,1.0,1.61986301369863
panel,Camera,Agent360,gradient,SimpleNegotiator,reverse-ufun + time concede,example,first,2,0.6241373506143746,0.6192829402465182,1.2434202908608927
panel,Camera,Agent360,gradient,SimpleNegotiator,reverse-ufun + time concede,example,second,2,0.61184703824044,0.6315000314330543,1.2433470696734943
panel,Camera,Agent360,gradient,BOANeg,BOA: time offer + Smith + ACNext,example,first,2,0.6204342703248611,0.4859098651119693,1.1063441354368302
panel,Camera,Agent360,gradient,BOANeg,BOA: time offer + Smith + ACNext,example,second,2,0.6653336665833542,0.48828353962135307,1.1536172062047072
panel,Camera,Agent360,gradient,MAPNeg,"MAP: same stack, acceptance_first",example,first,2,0.6204342703248611,0.4750976648898799,1.095531935214741
panel,Camera,Agent360,gradient,MAPNeg,"MAP: same stack, acceptance_first",example,second,2,0.6653336665833542,0.4897342734704993,1.1550679400538535
panel,Camera,Agent360,gradient,BoulwareTBNegotiator,slow concession (Boulware),time-based,first,2,0.6204342703248611,1.0,1.620434270324861
panel,Camera,Agent360,gradient,BoulwareTBNegotiator,slow concession (Boulware),time-based,second,2,0.6653336665833542,1.0,1.6653336665833542
panel,Camera,Agent360,gradient,ConcederTBNegotiator,fast concession,time-based,first,2,0.8845312236997138,1.0,1.8845312236997138
panel,Camera,Agent360,gradient,ConcederTBNegotiator,fast concession,time-based,second,2,0.624843789052737,1.0,1.6248437890527367
panel,Camera,Agent360,gradient,LinearTBNegotiator,linear time concession,time-based,first,2,0.6241373506143746,1.0,1.6241373506143746
panel,Camera,Agent360,gradient,LinearTBNegotiator,linear time concession,time-based,second,2,0.5808547863034241,1.0,1.5808547863034241
panel,Camera,Agent360,gradient,ToughNegotiator,"hard line, slow give",time-based,first,2,0.26931493014644,1.0,1.26931493014644
panel,Camera,Agent360,gradient,ToughNegotiator,"hard line, slow give",time-based,second,2,0.4558860284928768,1.0,1.4558860284928767
panel,Camera,Agent360,gradient,MiCRONegotiator,MiCRO (Genius-style),genius-style,first,2,0.6012455815519272,1.0,1.601245581551927
panel,Camera,Agent360,gradient,MiCRONegotiator,MiCRO (Genius-style),genius-style,second,2,0.6555861034741316,1.0,1.6555861034741315
panel,Camera,Agent360,gradient,TimeBasedNegotiator,generic time-based,time-based,first,2,0.6204342703248611,1.0,1.620434270324861
panel,Camera,Agent360,gradient,TimeBasedNegotiator,generic time-based,time-based,second,2,0.6653336665833542,1.0,1.6653336665833542
panel,Camera,Agent360,gradient,AspirationNegotiator,aspiration-based,time-based,first,2,0.6805251641137855,1.0,1.6805251641137855
panel,Camera,Agent360,gradient,AspirationNegotiator,aspiration-based,time-based,second,2,0.6653336665833542,1.0,1.6653336665833542
panel,Camera,Agent360,gradient,HybridNegotiator,hybrid time + utility,hybrid,first,2,0.5940919037199124,1.0,1.5940919037199124
panel,Camera,Agent360,gradient,HybridNegotiator,hybrid time + utility,hybrid,second,2,0.5841039740064985,1.0,1.5841039740064984
panel,Camera,Agent360,gradient,RandomNegotiator,random rational offers,baseline,first,2,0.5393873085339168,1.0,1.5393873085339167
panel,Camera,Agent360,gradient,RandomNegotiator,random rational offers,baseline,second,2,0.6990752311922019,1.0,1.699075231192202
panel,Camera,Agent360,gradient,FirstOfferOrientedTBNegotiator,anchors on first offer,oriented,first,2,0.6204342703248611,1.0,1.620434270324861
panel,Camera,Agent360,gradient,FirstOfferOrientedTBNegotiator,anchors on first offer,oriented,second,2,0.6653336665833542,1.0,1.6653336665833542
panel,Camera,Agent360,gradient,LastOfferOrientedTBNegotiator,follows last offer,oriented,first,2,0.6204342703248611,1.0,1.620434270324861
panel,Camera,Agent360,gradient,LastOfferOrientedTBNegotiator,follows last offer,oriented,second,2,0.6653336665833542,1.0,1.6653336665833542
panel,Camera,Agent360,gradient,BestOfferOrientedTBNegotiator,tracks best offer seen,oriented,first,2,0.6204342703248611,1.0,1.620434270324861
panel,Camera,Agent360,gradient,BestOfferOrientedTBNegotiator,tracks best offer seen,oriented,second,2,0.6653336665833542,1.0,1.6653336665833542
panel,Camera,Agent360Full,full,SimpleNegotiator,reverse-ufun + time concede,example,first,2,0.6241373506143746,0.6192829402465182,1.2434202908608927
panel,Camera,Agent360Full,full,SimpleNegotiator,reverse-ufun + time concede,example,second,2,0.522369407648088,0.6169174284300588,1.139286836078147
panel,Camera,Agent360Full,full,BOANeg,BOA: time offer + Smith + ACNext,example,first,2,0.6204342703248611,0.5335157492028493,1.1539500195277104
panel,Camera,Agent360Full,full,BOANeg,BOA: time offer + Smith + ACNext,example,second,2,0.6653336665833542,0.5071269702367157,1.1724606368200698
panel,Camera,Agent360Full,full,MAPNeg,"MAP: same stack, acceptance_first",example,first,2,0.6896145430062279,0.53607706410849,1.225691607114718
panel,Camera,Agent360Full,full,MAPNeg,"MAP: same stack, acceptance_first",example,second,2,0.6653336665833542,0.5105101836784629,1.1758438502618171
panel,Camera,Agent360Full,full,BoulwareTBNegotiator,slow concession (Boulware),time-based,first,2,0.6204342703248611,1.0,1.620434270324861
panel,Camera,Agent360Full,full,BoulwareTBNegotiator,slow concession (Boulware),time-based,second,2,0.6653336665833542,1.0,1.6653336665833542
panel,Camera,Agent360Full,full,ConcederTBNegotiator,fast concession,time-based,first,2,0.8845312236997138,1.0,1.8845312236997138
panel,Camera,Agent360Full,full,ConcederTBNegotiator,fast concession,time-based,second,2,0.5866033491627094,1.0,1.5866033491627094
panel,Camera,Agent360Full,full,LinearTBNegotiator,linear time concession,time-based,first,2,0.6241373506143746,1.0,1.6241373506143746
panel,Camera,Agent360Full,full,LinearTBNegotiator,linear time concession,time-based,second,2,0.5231192201949513,1.0,1.5231192201949513
panel,Camera,Agent360Full,full,ToughNegotiator,"hard line, slow give",time-based,first,2,0.26931493014644,1.0,1.26931493014644
panel,Camera,Agent360Full,full,ToughNegotiator,"hard line, slow give",time-based,second,2,0.4558860284928768,1.0,1.4558860284928767
panel,Camera,Agent360Full,full,MiCRONegotiator,MiCRO (Genius-style),genius-style,first,2,0.333445547887561,1.0,1.3334455478875609
panel,Camera,Agent360Full,full,MiCRONegotiator,MiCRO (Genius-style),genius-style,second,2,0.5402399400149963,1.0,1.5402399400149962
panel,Camera,Agent360Full,full,TimeBasedNegotiator,generic time-based,time-based,first,2,0.6227066150479716,1.0,1.6227066150479716
panel,Camera,Agent360Full,full,TimeBasedNegotiator,generic time-based,time-based,second,2,0.6653336665833542,1.0,1.6653336665833542
panel,Camera,Agent360Full,full,AspirationNegotiator,aspiration-based,time-based,first,2,0.6805251641137855,1.0,1.6805251641137855
panel,Camera,Agent360Full,full,AspirationNegotiator,aspiration-based,time-based,second,2,0.6653336665833542,1.0,1.6653336665833542
panel,Camera,Agent360Full,full,HybridNegotiator,hybrid time + utility,hybrid,first,2,0.5515064803905065,1.0,1.5515064803905065
panel,Camera,Agent360Full,full,HybridNegotiator,hybrid time + utility,hybrid,second,2,0.5841039740064985,1.0,1.5841039740064984
panel,Camera,Agent360Full,full,RandomNegotiator,random rational offers,baseline,first,2,0.250883689614543,1.0,1.250883689614543
panel,Camera,Agent360Full,full,RandomNegotiator,random rational offers,baseline,second,2,0.5768557860534866,1.0,1.5768557860534866
panel,Camera,Agent360Full,full,FirstOfferOrientedTBNegotiator,anchors on first offer,oriented,first,2,0.6204342703248611,1.0,1.620434270324861
panel,Camera,Agent360Full,full,FirstOfferOrientedTBNegotiator,anchors on first offer,oriented,second,2,0.6653336665833542,1.0,1.6653336665833542
panel,Camera,Agent360Full,full,LastOfferOrientedTBNegotiator,follows last offer,oriented,first,2,0.6204342703248611,1.0,1.620434270324861
panel,Camera,Agent360Full,full,LastOfferOrientedTBNegotiator,follows last offer,oriented,second,2,0.6653336665833542,1.0,1.6653336665833542
panel,Camera,Agent360Full,full,BestOfferOrientedTBNegotiator,tracks best offer seen,oriented,first,2,0.6204342703248611,1.0,1.620434270324861
panel,Camera,Agent360Full,full,BestOfferOrientedTBNegotiator,tracks best offer seen,oriented,second,2,0.6653336665833542,1.0,1.6653336665833542
panel,Camera,Agent360Reverse,reverse,SimpleNegotiator,reverse-ufun + time concede,example,first,2,0.8643326039387308,0.6236118603865918,1.4879444643253226
panel,Camera,Agent360Reverse,reverse,SimpleNegotiator,reverse-ufun + time concede,example,second,2,0.7758060484878782,0.6373241840051729,1.413130232493051
panel,Camera,Agent360Reverse,reverse,BOANeg,BOA: time offer + Smith + ACNext,example,first,2,0.6204342703248611,0.4821365555791808,1.1025708259040419
panel,Camera,Agent360Reverse,reverse,BOANeg,BOA: time offer + Smith + ACNext,example,second,2,0.6653336665833542,0.4968754089810501,1.1622090755644043
panel,Camera,Agent360Reverse,reverse,MAPNeg,"MAP: same stack, acceptance_first",example,first,2,0.6204342703248611,0.48505819496917135,1.1054924652940326
panel,Camera,Agent360Reverse,reverse,MAPNeg,"MAP: same stack, acceptance_first",example,second,2,0.6653336665833542,0.49377705457831444,1.1591107211616687
panel,Camera,Agent360Reverse,reverse,BoulwareTBNegotiator,slow concession (Boulware),time-based,first,2,0.6204342703248611,1.0,1.620434270324861
panel,Camera,Agent360Reverse,reverse,BoulwareTBNegotiator,slow concession (Boulware),time-based,second,2,0.6653336665833542,1.0,1.6653336665833542
panel,Camera,Agent360Reverse,reverse,ConcederTBNegotiator,fast concession,time-based,first,2,0.8872243730011782,1.0,1.8872243730011782
panel,Camera,Agent360Reverse,reverse,ConcederTBNegotiator,fast concession,time-based,second,2,0.9491377155711074,1.0,1.9491377155711072
panel,Camera,Agent360Reverse,reverse,LinearTBNegotiator,linear time concession,time-based,first,2,0.8643326039387308,1.0,1.8643326039387307
panel,Camera,Agent360Reverse,reverse,LinearTBNegotiator,linear time concession,time-based,second,2,0.7863034241439641,1.0,1.7863034241439641
panel,Camera,Agent360Reverse,reverse,ToughNegotiator,"hard line, slow give",time-based,first,2,0.26931493014644,1.0,1.26931493014644
panel,Camera,Agent360Reverse,reverse,ToughNegotiator,"hard line, slow give",time-based,second,2,0.4558860284928768,1.0,1.4558860284928767
panel,Camera,Agent360Reverse,reverse,MiCRONegotiator,MiCRO (Genius-style),genius-style,first,2,0.3246928126578017,1.0,1.3246928126578017
panel,Camera,Agent360Reverse,reverse,MiCRONegotiator,MiCRO (Genius-style),genius-style,second,2,0.7530617345663585,1.0,1.7530617345663586
panel,Camera,Agent360Reverse,reverse,TimeBasedNegotiator,generic time-based,time-based,first,2,0.6204342703248611,1.0,1.620434270324861
panel,Camera,Agent360Reverse,reverse,TimeBasedNegotiator,generic time-based,time-based,second,2,0.6653336665833542,1.0,1.6653336665833542
panel,Camera,Agent360Reverse,reverse,AspirationNegotiator,aspiration-based,time-based,first,2,0.6805251641137855,1.0,1.6805251641137855
panel,Camera,Agent360Reverse,reverse,AspirationNegotiator,aspiration-based,time-based,second,2,0.6653336665833542,1.0,1.6653336665833542
panel,Camera,Agent360Reverse,reverse,HybridNegotiator,hybrid time + utility,hybrid,first,2,0.809712169668406,1.0,1.809712169668406
panel,Camera,Agent360Reverse,reverse,HybridNegotiator,hybrid time + utility,hybrid,second,2,0.7141964508872782,1.0,1.7141964508872782
panel,Camera,Agent360Reverse,reverse,RandomNegotiator,random rational offers,baseline,first,2,0.4858609661673119,0.5,0.9858609661673119
panel,Camera,Agent360Reverse,reverse,RandomNegotiator,random rational offers,baseline,second,2,0.954761309672582,1.0,1.9547613096725818
panel,Camera,Agent360Reverse,reverse,FirstOfferOrientedTBNegotiator,anchors on first offer,oriented,first,2,0.6204342703248611,1.0,1.620434270324861
panel,Camera,Agent360Reverse,reverse,FirstOfferOrientedTBNegotiator,anchors on first offer,oriented,second,2,0.6653336665833542,1.0,1.6653336665833542
panel,Camera,Agent360Reverse,reverse,LastOfferOrientedTBNegotiator,follows last offer,oriented,first,2,0.6204342703248611,1.0,1.620434270324861
panel,Camera,Agent360Reverse,reverse,LastOfferOrientedTBNegotiator,follows last offer,oriented,second,2,0.6653336665833542,1.0,1.6653336665833542
panel,Camera,Agent360Reverse,reverse,BestOfferOrientedTBNegotiator,tracks best offer seen,oriented,first,2,0.6204342703248611,1.0,1.620434270324861
panel,Camera,Agent360Reverse,reverse,BestOfferOrientedTBNegotiator,tracks best offer seen,oriented,second,2,0.6653336665833542,1.0,1.6653336665833542
panel,Camera,Agent360V2,v2,SimpleNegotiator,reverse-ufun + time concede,example,first,2,0.6241373506143746,0.6192829402465182,1.2434202908608927
panel,Camera,Agent360V2,v2,SimpleNegotiator,reverse-ufun + time concede,example,second,2,0.5021244688827793,0.6239986646309691,1.1261231335137485
panel,Camera,Agent360V2,v2,BOANeg,BOA: time offer + Smith + ACNext,example,first,2,0.6504797172193233,0.5510276497356286,1.2015073669549516
panel,Camera,Agent360V2,v2,BOANeg,BOA: time offer + Smith + ACNext,example,second,2,0.5914771307173208,0.5479892763658536,1.1394664070831744
panel,Camera,Agent360V2,v2,MAPNeg,"MAP: same stack, acceptance_first",example,first,2,0.5764181114290523,0.5647110651555731,1.1411291765846254
panel,Camera,Agent360V2,v2,MAPNeg,"MAP: same stack, acceptance_first",example,second,2,0.6044738815296177,0.544406675547797,1.1488805570774145
panel,Camera,Agent360V2,v2,BoulwareTBNegotiator,slow concession (Boulware),time-based,first,2,0.6204342703248611,1.0,1.620434270324861
panel,Camera,Agent360V2,v2,BoulwareTBNegotiator,slow concession (Boulware),time-based,second,2,0.6044738815296177,1.0,1.6044738815296178
panel,Camera,Agent360V2,v2,ConcederTBNegotiator,fast concession,time-based,first,2,0.8845312236997138,1.0,1.8845312236997138
panel,Camera,Agent360V2,v2,ConcederTBNegotiator,fast concession,time-based,second,2,0.572356910772307,1.0,1.572356910772307
panel,Camera,Agent360V2,v2,LinearTBNegotiator,linear time concession,time-based,first,2,0.6241373506143746,1.0,1.6241373506143746
panel,Camera,Agent360V2,v2,LinearTBNegotiator,linear time concession,time-based,second,2,0.5231192201949513,1.0,1.5231192201949513
panel,Camera,Agent360V2,v2,ToughNegotiator,"hard line, slow give",time-based,first,2,0.26931493014644,1.0,1.26931493014644
panel,Camera,Agent360V2,v2,ToughNegotiator,"hard line, slow give",time-based,second,2,0.4558860284928768,1.0,1.4558860284928767
panel,Camera,Agent360V2,v2,MiCRONegotiator,MiCRO (Genius-style),genius-style,first,2,0.5194411715199462,1.0,1.5194411715199463
panel,Camera,Agent360V2,v2,MiCRONegotiator,MiCRO (Genius-style),genius-style,second,2,0.5841039740064985,1.0,1.5841039740064984
panel,Camera,Agent360V2,v2,TimeBasedNegotiator,generic time-based,time-based,first,2,0.6204342703248611,1.0,1.620434270324861
panel,Camera,Agent360V2,v2,TimeBasedNegotiator,generic time-based,time-based,second,2,0.6100974756310923,1.0,1.6100974756310924
panel,Camera,Agent360V2,v2,AspirationNegotiator,aspiration-based,time-based,first,2,0.6805251641137855,1.0,1.6805251641137855
panel,Camera,Agent360V2,v2,AspirationNegotiator,aspiration-based,time-based,second,2,0.6100974756310923,1.0,1.6100974756310924
panel,Camera,Agent360V2,v2,HybridNegotiator,hybrid time + utility,hybrid,first,2,0.6983672782359871,1.0,1.698367278235987
panel,Camera,Agent360V2,v2,HybridNegotiator,hybrid time + utility,hybrid,second,2,0.5841039740064985,1.0,1.5841039740064984
panel,Camera,Agent360V2,v2,RandomNegotiator,random rational offers,baseline,first,2,0.5239858609661672,1.0,1.5239858609661672
panel,Camera,Agent360V2,v2,RandomNegotiator,random rational offers,baseline,second,2,0.0,1.0,1.0
panel,Camera,Agent360V2,v2,FirstOfferOrientedTBNegotiator,anchors on first offer,oriented,first,2,0.6204342703248611,1.0,1.620434270324861
panel,Camera,Agent360V2,v2,FirstOfferOrientedTBNegotiator,anchors on first offer,oriented,second,2,0.6653336665833542,1.0,1.6653336665833542
panel,Camera,Agent360V2,v2,LastOfferOrientedTBNegotiator,follows last offer,oriented,first,2,0.6204342703248611,1.0,1.620434270324861
panel,Camera,Agent360V2,v2,LastOfferOrientedTBNegotiator,follows last offer,oriented,second,2,0.6100974756310923,1.0,1.6100974756310924
panel,Camera,Agent360V2,v2,BestOfferOrientedTBNegotiator,tracks best offer seen,oriented,first,2,0.6204342703248611,1.0,1.620434270324861
panel,Camera,Agent360V2,v2,BestOfferOrientedTBNegotiator,tracks best offer seen,oriented,second,2,0.5971007248187954,1.0,1.5971007248187954
panel,Car,Agent360,gradient,SimpleNegotiator,reverse-ufun + time concede,example,first,2,0.5959500000000001,0.4840420950789777,1.0799920950789779
panel,Car,Agent360,gradient,SimpleNegotiator,reverse-ufun + time concede,example,second,2,0.8540000000000001,0.5179997685979408,1.371999768597941
panel,Car,Agent360,gradient,BOANeg,BOA: time offer + Smith + ACNext,example,first,2,0.8519000000000001,0.5230708699416073,1.3749708699416074
panel,Car,Agent360,gradient,BOANeg,BOA: time offer + Smith + ACNext,example,second,2,0.8616000000000001,0.5107430194081992,1.3723430194081994
panel,Car,Agent360,gradient,MAPNeg,"MAP: same stack, acceptance_first",example,first,2,0.8519000000000001,0.5128080365268552,1.3647080365268554
panel,Car,Agent360,gradient,MAPNeg,"MAP: same stack, acceptance_first",example,second,2,0.8616000000000001,0.48948648800191186,1.351086488001912
panel,Car,Agent360,gradient,BoulwareTBNegotiator,slow concession (Boulware),time-based,first,2,0.8519000000000001,1.0,1.8519
panel,Car,Agent360,gradient,BoulwareTBNegotiator,slow concession (Boulware),time-based,second,2,0.8616000000000001,1.0,1.8616000000000001
panel,Car,Agent360,gradient,ConcederTBNegotiator,fast concession,time-based,first,2,0.76195,0.5,1.2619500000000001
panel,Car,Agent360,gradient,ConcederTBNegotiator,fast concession,time-based,second,2,0.9787999999999999,1.0,1.9788
panel,Car,Agent360,gradient,LinearTBNegotiator,linear time concession,time-based,first,2,0.9097000000000002,1.0,1.9097000000000002
panel,Car,Agent360,gradient,LinearTBNegotiator,linear time concession,time-based,second,2,0.8048000000000001,1.0,1.8048000000000002
panel,Car,Agent360,gradient,ToughNegotiator,"hard line, slow give",time-based,first,2,0.0,1.0,1.0
panel,Car,Agent360,gradient,ToughNegotiator,"hard line, slow give",time-based,second,2,0.0,1.0,1.0
panel,Car,Agent360,gradient,MiCRONegotiator,MiCRO (Genius-style),genius-style,first,2,0.5899000000000001,1.0,1.5899
panel,Car,Agent360,gradient,MiCRONegotiator,MiCRO (Genius-style),genius-style,second,2,0.7860000000000001,1.0,1.786
panel,Car,Agent360,gradient,TimeBasedNegotiator,generic time-based,time-based,first,2,0.8519000000000001,1.0,1.8519
panel,Car,Agent360,gradient,TimeBasedNegotiator,generic time-based,time-based,second,2,0.7598000000000001,1.0,1.7598000000000003
panel,Car,Agent360,gradient,AspirationNegotiator,aspiration-based,time-based,first,2,0.8774,1.0,1.8774
panel,Car,Agent360,gradient,AspirationNegotiator,aspiration-based,time-based,second,2,0.8716000000000002,1.0,1.8716000000000002
panel,Car,Agent360,gradient,HybridNegotiator,hybrid time + utility,hybrid,first,2,0.62965,1.0,1.6296500000000003
panel,Car,Agent360,gradient,HybridNegotiator,hybrid time + utility,hybrid,second,2,0.8287000000000002,1.0,1.8287000000000002
panel,Car,Agent360,gradient,RandomNegotiator,random rational offers,baseline,first,2,0.7827500000000001,1.0,1.78275
panel,Car,Agent360,gradient,RandomNegotiator,random rational offers,baseline,second,2,0.8719000000000001,1.0,1.8719000000000001
panel,Car,Agent360,gradient,FirstOfferOrientedTBNegotiator,anchors on first offer,oriented,first,2,0.8519000000000001,1.0,1.8519
panel,Car,Agent360,gradient,FirstOfferOrientedTBNegotiator,anchors on first offer,oriented,second,2,0.8616000000000001,1.0,1.8616000000000001
panel,Car,Agent360,gradient,LastOfferOrientedTBNegotiator,follows last offer,oriented,first,2,0.8519000000000001,1.0,1.8519
panel,Car,Agent360,gradient,LastOfferOrientedTBNegotiator,follows last offer,oriented,second,2,0.8616000000000001,1.0,1.8616000000000001
panel,Car,Agent360,gradient,BestOfferOrientedTBNegotiator,tracks best offer seen,oriented,first,2,0.8519000000000001,1.0,1.8519
panel,Car,Agent360,gradient,BestOfferOrientedTBNegotiator,tracks best offer seen,oriented,second,2,0.8616000000000001,1.0,1.8616000000000001
panel,Car,Agent360Full,full,SimpleNegotiator,reverse-ufun + time concede,example,first,2,0.68215,0.0,0.68215
panel,Car,Agent360Full,full,SimpleNegotiator,reverse-ufun + time concede,example,second,2,0.6177000000000001,0.4919636673487162,1.1096636673487161
panel,Car,Agent360Full,full,BOANeg,BOA: time offer + Smith + ACNext,example,first,2,0.8519000000000001,0.544777922206769,1.3966779222067691
panel,Car,Agent360Full,full,BOANeg,BOA: time offer + Smith + ACNext,example,second,2,0.8616000000000001,0.5587638444672567,1.4203638444672568
panel,Car,Agent360Full,full,MAPNeg,"MAP: same stack, acceptance_first",example,first,2,0.8519000000000001,0.5504944009800163,1.4023944009800164
panel,Car,Agent360Full,full,MAPNeg,"MAP: same stack, acceptance_first",example,second,2,0.8616000000000001,0.5558127540254179,1.4174127540254178
panel,Car,Agent360Full,full,BoulwareTBNegotiator,slow concession (Boulware),time-based,first,2,0.8519000000000001,1.0,1.8519
panel,Car,Agent360Full,full,BoulwareTBNegotiator,slow concession (Boulware),time-based,second,2,0.8616000000000001,1.0,1.8616000000000001
panel,Car,Agent360Full,full,ConcederTBNegotiator,fast concession,time-based,first,2,0.8466,0.0,0.8466
panel,Car,Agent360Full,full,ConcederTBNegotiator,fast concession,time-based,second,2,0.9787999999999999,1.0,1.9788
panel,Car,Agent360Full,full,LinearTBNegotiator,linear time concession,time-based,first,2,0.7354,1.0,1.7354
panel,Car,Agent360Full,full,LinearTBNegotiator,linear time concession,time-based,second,2,0.6818,1.0,1.6818
panel,Car,Agent360Full,full,ToughNegotiator,"hard line, slow give",time-based,first,2,0.0,1.0,1.0
panel,Car,Agent360Full,full,ToughNegotiator,"hard line, slow give",time-based,second,2,0.0,1.0,1.0
panel,Car,Agent360Full,full,MiCRONegotiator,MiCRO (Genius-style),genius-style,first,2,0.5899000000000001,1.0,1.5899
panel,Car,Agent360Full,full,MiCRONegotiator,MiCRO (Genius-style),genius-style,second,2,0.6260000000000001,1.0,1.6260000000000001
panel,Car,Agent360Full,full,TimeBasedNegotiator,generic time-based,time-based,first,2,0.8519000000000001,1.0,1.8519
panel,Car,Agent360Full,full,TimeBasedNegotiator,generic time-based,time-based,second,2,0.8616000000000001,1.0,1.8616000000000001
panel,Car,Agent360Full,full,AspirationNegotiator,aspiration-based,time-based,first,2,0.8774,1.0,1.8774
panel,Car,Agent360Full,full,AspirationNegotiator,aspiration-based,time-based,second,2,0.8716000000000002,1.0,1.8716000000000002
panel,Car,Agent360Full,full,HybridNegotiator,hybrid time + utility,hybrid,first,2,0.68945,1.0,1.68945
panel,Car,Agent360Full,full,HybridNegotiator,hybrid time + utility,hybrid,second,2,0.7856000000000001,1.0,1.7856
panel,Car,Agent360Full,full,RandomNegotiator,random rational offers,baseline,first,2,0.9076000000000001,1.0,1.9076
panel,Car,Agent360Full,full,RandomNegotiator,random rational offers,baseline,second,2,0.871,1.0,1.871
panel,Car,Agent360Full,full,FirstOfferOrientedTBNegotiator,anchors on first offer,oriented,first,2,0.8519000000000001,1.0,1.8519
panel,Car,Agent360Full,full,FirstOfferOrientedTBNegotiator,anchors on first offer,oriented,second,2,0.7518000000000001,1.0,1.7518000000000002
panel,Car,Agent360Full,full,LastOfferOrientedTBNegotiator,follows last offer,oriented,first,2,0.8519000000000001,1.0,1.8519
panel,Car,Agent360Full,full,LastOfferOrientedTBNegotiator,follows last offer,oriented,second,2,0.8616000000000001,1.0,1.8616000000000001
panel,Car,Agent360Full,full,BestOfferOrientedTBNegotiator,tracks best offer seen,oriented,first,2,0.8519000000000001,1.0,1.8519
panel,Car,Agent360Full,full,BestOfferOrientedTBNegotiator,tracks best offer seen,oriented,second,2,0.8616000000000001,1.0,1.8616000000000001
panel,Car,Agent360Reverse,reverse,SimpleNegotiator,reverse-ufun + time concede,example,first,2,0.9312,0.49892369104149403,1.430123691041494
panel,Car,Agent360Reverse,reverse,SimpleNegotiator,reverse-ufun + time concede,example,second,2,0.9188000000000002,0.51924849854101,1.43804849854101
panel,Car,Agent360Reverse,reverse,BOANeg,BOA: time offer + Smith + ACNext,example,first,2,0.8519000000000001,0.4793678806282717,1.3312678806282716
panel,Car,Agent360Reverse,reverse,BOANeg,BOA: time offer + Smith + ACNext,example,second,2,0.8616000000000001,0.5079133515721906,1.3695133515721907
panel,Car,Agent360Reverse,reverse,MAPNeg,"MAP: same stack, acceptance_first",example,first,2,0.8519000000000001,0.4812832681826803,1.3331832681826805
panel,Car,Agent360Reverse,reverse,MAPNeg,"MAP: same stack, acceptance_first",example,second,2,0.8616000000000001,0.5062158937304153,1.3678158937304155
panel,Car,Agent360Reverse,reverse,BoulwareTBNegotiator,slow concession (Boulware),time-based,first,2,0.8519000000000001,1.0,1.8519
panel,Car,Agent360Reverse,reverse,BoulwareTBNegotiator,slow concession (Boulware),time-based,second,2,0.8616000000000001,1.0,1.8616000000000001
panel,Car,Agent360Reverse,reverse,ConcederTBNegotiator,fast concession,time-based,first,2,0.9855000000000002,1.0,1.9855
panel,Car,Agent360Reverse,reverse,ConcederTBNegotiator,fast concession,time-based,second,2,0.9738000000000001,1.0,1.9738000000000002
panel,Car,Agent360Reverse,reverse,LinearTBNegotiator,linear time concession,time-based,first,2,0.9312,1.0,1.9312
panel,Car,Agent360Reverse,reverse,LinearTBNegotiator,linear time concession,time-based,second,2,0.9707999999999999,1.0,1.9707999999999999
panel,Car,Agent360Reverse,reverse,ToughNegotiator,"hard line, slow give",time-based,first,2,0.0,1.0,1.0
panel,Car,Agent360Reverse,reverse,ToughNegotiator,"hard line, slow give",time-based,second,2,0.0,1.0,1.0
panel,Car,Agent360Reverse,reverse,MiCRONegotiator,MiCRO (Genius-style),genius-style,first,2,0.6086000000000001,1.0,1.6086
panel,Car,Agent360Reverse,reverse,MiCRONegotiator,MiCRO (Genius-style),genius-style,second,2,0.6420000000000001,1.0,1.6420000000000001
panel,Car,Agent360Reverse,reverse,TimeBasedNegotiator,generic time-based,time-based,first,2,0.8519000000000001,1.0,1.8519
panel,Car,Agent360Reverse,reverse,TimeBasedNegotiator,generic time-based,time-based,second,2,0.8616000000000001,1.0,1.8616000000000001
panel,Car,Agent360Reverse,reverse,AspirationNegotiator,aspiration-based,time-based,first,2,0.8774,1.0,1.8774
panel,Car,Agent360Reverse,reverse,AspirationNegotiator,aspiration-based,time-based,second,2,0.8716000000000002,1.0,1.8716000000000002
panel,Car,Agent360Reverse,reverse,HybridNegotiator,hybrid time + utility,hybrid,first,2,0.9858500000000001,1.0,1.9858500000000001
panel,Car,Agent360Reverse,reverse,HybridNegotiator,hybrid time + utility,hybrid,second,2,0.9397000000000001,1.0,1.9397
panel,Car,Agent360Reverse,reverse,RandomNegotiator,random rational offers,baseline,first,2,0.4933,0.5,0.9933000000000001
panel,Car,Agent360Reverse,reverse,RandomNegotiator,random rational offers,baseline,second,2,0.995,1.0,1.995
panel,Car,Agent360Reverse,reverse,FirstOfferOrientedTBNegotiator,anchors on first offer,oriented,first,2,0.8519000000000001,1.0,1.8519
panel,Car,Agent360Reverse,reverse,FirstOfferOrientedTBNegotiator,anchors on first offer,oriented,second,2,0.8616000000000001,1.0,1.8616000000000001
panel,Car,Agent360Reverse,reverse,LastOfferOrientedTBNegotiator,follows last offer,oriented,first,2,0.8519000000000001,1.0,1.8519
panel,Car,Agent360Reverse,reverse,LastOfferOrientedTBNegotiator,follows last offer,oriented,second,2,0.8616000000000001,1.0,1.8616000000000001
panel,Car,Agent360Reverse,reverse,BestOfferOrientedTBNegotiator,tracks best offer seen,oriented,first,2,0.8519000000000001,1.0,1.8519
panel,Car,Agent360Reverse,reverse,BestOfferOrientedTBNegotiator,tracks best offer seen,oriented,second,2,0.8616000000000001,1.0,1.8616000000000001
panel,Car,Agent360V2,v2,SimpleNegotiator,reverse-ufun + time concede,example,first,2,0.7819500000000001,0.0,0.7819500000000001
panel,Car,Agent360V2,v2,SimpleNegotiator,reverse-ufun + time concede,example,second,2,0.8119000000000001,0.4919636673487162,1.3038636673487163
panel,Car,Agent360V2,v2,BOANeg,BOA: time offer + Smith + ACNext,example,first,2,0.80805,0.5666441840295615,1.3746941840295615
panel,Car,Agent360V2,v2,BOANeg,BOA: time offer + Smith + ACNext,example,second,2,0.7706000000000002,0.5466913515633574,1.3172913515633575
panel,Car,Agent360V2,v2,MAPNeg,"MAP: same stack, acceptance_first",example,first,2,0.7392000000000001,0.5695016289659047,1.3087016289659048
panel,Car,Agent360V2,v2,MAPNeg,"MAP: same stack, acceptance_first",example,second,2,0.8616000000000001,0.5595826041362348,1.421182604136235
panel,Car,Agent360V2,v2,BoulwareTBNegotiator,slow concession (Boulware),time-based,first,2,0.7031000000000001,1.0,1.7031
panel,Car,Agent360V2,v2,BoulwareTBNegotiator,slow concession (Boulware),time-based,second,2,0.7698,1.0,1.7698
panel,Car,Agent360V2,v2,ConcederTBNegotiator,fast concession,time-based,first,2,0.6389500000000001,0.0,0.6389500000000001
panel,Car,Agent360V2,v2,ConcederTBNegotiator,fast concession,time-based,second,2,0.9787999999999999,1.0,1.9788
panel,Car,Agent360V2,v2,LinearTBNegotiator,linear time concession,time-based,first,2,0.65405,1.0,1.65405
panel,Car,Agent360V2,v2,LinearTBNegotiator,linear time concession,time-based,second,2,0.6580000000000001,1.0,1.6580000000000001
panel,Car,Agent360V2,v2,ToughNegotiator,"hard line, slow give",time-based,first,2,0.0,1.0,1.0
panel,Car,Agent360V2,v2,ToughNegotiator,"hard line, slow give",time-based,second,2,0.0,1.0,1.0
panel,Car,Agent360V2,v2,MiCRONegotiator,MiCRO (Genius-style),genius-style,first,2,0.5899000000000001,1.0,1.5899
panel,Car,Agent360V2,v2,MiCRONegotiator,MiCRO (Genius-style),genius-style,second,2,0.7060000000000002,1.0,1.706
panel,Car,Agent360V2,v2,TimeBasedNegotiator,generic time-based,time-based,first,2,0.80805,1.0,1.8080500000000002
panel,Car,Agent360V2,v2,TimeBasedNegotiator,generic time-based,time-based,second,2,0.8616000000000001,1.0,1.8616000000000001
panel,Car,Agent360V2,v2,AspirationNegotiator,aspiration-based,time-based,first,2,0.8774,1.0,1.8774
panel,Car,Agent360V2,v2,AspirationNegotiator,aspiration-based,time-based,second,2,0.8716000000000002,1.0,1.8716000000000002
panel,Car,Agent360V2,v2,HybridNegotiator,hybrid time + utility,hybrid,first,2,0.67015,1.0,1.67015
panel,Car,Agent360V2,v2,HybridNegotiator,hybrid time + utility,hybrid,second,2,0.673,1.0,1.673
panel,Car,Agent360V2,v2,RandomNegotiator,random rational offers,baseline,first,2,0.8712500000000001,1.0,1.87125
panel,Car,Agent360V2,v2,RandomNegotiator,random rational offers,baseline,second,2,0.4650000000000001,1.0,1.465
panel,Car,Agent360V2,v2,FirstOfferOrientedTBNegotiator,anchors on first offer,oriented,first,2,0.8519000000000001,1.0,1.8519
panel,Car,Agent360V2,v2,FirstOfferOrientedTBNegotiator,anchors on first offer,oriented,second,2,0.8616000000000001,1.0,1.8616000000000001
panel,Car,Agent360V2,v2,LastOfferOrientedTBNegotiator,follows last offer,oriented,first,2,0.6592500000000001,1.0,1.6592500000000001
panel,Car,Agent360V2,v2,LastOfferOrientedTBNegotiator,follows last offer,oriented,second,2,0.8478000000000001,1.0,1.8478
panel,Car,Agent360V2,v2,BestOfferOrientedTBNegotiator,tracks best offer seen,oriented,first,2,0.6503500000000001,1.0,1.65035
panel,Car,Agent360V2,v2,BestOfferOrientedTBNegotiator,tracks best offer seen,oriented,second,2,0.8616000000000001,1.0,1.8616000000000001
panel,Grocery,Agent360,gradient,SimpleNegotiator,reverse-ufun + time concede,example,first,2,0.7305555555555556,0.6279927884171322,1.358548343972688
panel,Grocery,Agent360,gradient,SimpleNegotiator,reverse-ufun + time concede,example,second,2,0.5222222222222223,0.6433936852691671,1.1656159074913894
panel,Grocery,Agent360,gradient,BOANeg,BOA: time offer + Smith + ACNext,example,first,2,0.7055555555555557,0.4772567780548014,1.182812333610357
panel,Grocery,Agent360,gradient,BOANeg,BOA: time offer + Smith + ACNext,example,second,2,0.7500000000000001,0.5040718836885124,1.2540718836885125
panel,Grocery,Agent360,gradient,MAPNeg,"MAP: same stack, acceptance_first",example,first,2,0.7055555555555557,0.4752824445500071,1.1808380001055627
panel,Grocery,Agent360,gradient,MAPNeg,"MAP: same stack, acceptance_first",example,second,2,0.7500000000000001,0.5020523981699851,1.2520523981699854
panel,Grocery,Agent360,gradient,BoulwareTBNegotiator,slow concession (Boulware),time-based,first,2,0.7638888888888891,1.0,1.763888888888889
panel,Grocery,Agent360,gradient,BoulwareTBNegotiator,slow concession (Boulware),time-based,second,2,0.7500000000000001,1.0,1.75
panel,Grocery,Agent360,gradient,ConcederTBNegotiator,fast concession,time-based,first,2,0.5972222222222223,1.0,1.5972222222222223
panel,Grocery,Agent360,gradient,ConcederTBNegotiator,fast concession,time-based,second,2,0.6333333333333333,1.0,1.6333333333333333
panel,Grocery,Agent360,gradient,LinearTBNegotiator,linear time concession,time-based,first,2,0.6055555555555556,1.0,1.6055555555555556
panel,Grocery,Agent360,gradient,LinearTBNegotiator,linear time concession,time-based,second,2,0.7500000000000001,1.0,1.75
panel,Grocery,Agent360,gradient,ToughNegotiator,"hard line, slow give",time-based,first,2,0.38888888888888895,1.0,1.3888888888888888
panel,Grocery,Agent360,gradient,ToughNegotiator,"hard line, slow give",time-based,second,2,0.47222222222222227,1.0,1.4722222222222223
panel,Grocery,Agent360,gradient,MiCRONegotiator,MiCRO (Genius-style),genius-style,first,2,0.5222222222222224,1.0,1.5222222222222224
panel,Grocery,Agent360,gradient,MiCRONegotiator,MiCRO (Genius-style),genius-style,second,2,0.7500000000000001,1.0,1.75
panel,Grocery,Agent360,gradient,TimeBasedNegotiator,generic time-based,time-based,first,2,0.7055555555555557,1.0,1.7055555555555557
panel,Grocery,Agent360,gradient,TimeBasedNegotiator,generic time-based,time-based,second,2,0.7500000000000001,1.0,1.75
panel,Grocery,Agent360,gradient,AspirationNegotiator,aspiration-based,time-based,first,2,0.8222222222222224,1.0,1.8222222222222224
panel,Grocery,Agent360,gradient,AspirationNegotiator,aspiration-based,time-based,second,2,0.7500000000000001,1.0,1.75
panel,Grocery,Agent360,gradient,HybridNegotiator,hybrid time + utility,hybrid,first,2,0.7638888888888891,1.0,1.763888888888889
panel,Grocery,Agent360,gradient,HybridNegotiator,hybrid time + utility,hybrid,second,2,0.6361111111111112,1.0,1.636111111111111
panel,Grocery,Agent360,gradient,RandomNegotiator,random rational offers,baseline,first,2,0.30000000000000004,0.5,0.8
panel,Grocery,Agent360,gradient,RandomNegotiator,random rational offers,baseline,second,2,0.586111111111111,1.0,1.586111111111111
panel,Grocery,Agent360,gradient,FirstOfferOrientedTBNegotiator,anchors on first offer,oriented,first,2,0.7055555555555557,1.0,1.7055555555555557
panel,Grocery,Agent360,gradient,FirstOfferOrientedTBNegotiator,anchors on first offer,oriented,second,2,0.7500000000000001,1.0,1.75
panel,Grocery,Agent360,gradient,LastOfferOrientedTBNegotiator,follows last offer,oriented,first,2,0.7055555555555557,1.0,1.7055555555555557
panel,Grocery,Agent360,gradient,LastOfferOrientedTBNegotiator,follows last offer,oriented,second,2,0.7500000000000001,1.0,1.75
panel,Grocery,Agent360,gradient,BestOfferOrientedTBNegotiator,tracks best offer seen,oriented,first,2,0.7055555555555557,1.0,1.7055555555555557
panel,Grocery,Agent360,gradient,BestOfferOrientedTBNegotiator,tracks best offer seen,oriented,second,2,0.7500000000000001,1.0,1.75
panel,Grocery,Agent360Full,full,SimpleNegotiator,reverse-ufun + time concede,example,first,2,0.5916666666666668,0.31425126289416117,0.905917929560828
panel,Grocery,Agent360Full,full,SimpleNegotiator,reverse-ufun + time concede,example,second,2,0.7500000000000001,0.6421345180823227,1.3921345180823228
panel,Grocery,Agent360Full,full,BOANeg,BOA: time offer + Smith + ACNext,example,first,2,0.7055555555555557,0.4812571891623971,1.1868127447179528
panel,Grocery,Agent360Full,full,BOANeg,BOA: time offer + Smith + ACNext,example,second,2,0.7500000000000001,0.5445605353302276,1.2945605353302276
panel,Grocery,Agent360Full,full,MAPNeg,"MAP: same stack, acceptance_first",example,first,2,0.7055555555555557,0.4848750330107644,1.1904305885663202
panel,Grocery,Agent360Full,full,MAPNeg,"MAP: same stack, acceptance_first",example,second,2,0.7500000000000001,0.5334127768037101,1.2834127768037102
panel,Grocery,Agent360Full,full,BoulwareTBNegotiator,slow concession (Boulware),time-based,first,2,0.8222222222222224,1.0,1.8222222222222224
panel,Grocery,Agent360Full,full,BoulwareTBNegotiator,slow concession (Boulware),time-based,second,2,0.7500000000000001,1.0,1.75
panel,Grocery,Agent360Full,full,ConcederTBNegotiator,fast concession,time-based,first,2,0.6055555555555556,1.0,1.6055555555555556
panel,Grocery,Agent360Full,full,ConcederTBNegotiator,fast concession,time-based,second,2,0.638888888888889,1.0,1.6388888888888888
panel,Grocery,Agent360Full,full,LinearTBNegotiator,linear time concession,time-based,first,2,0.588888888888889,1.0,1.588888888888889
panel,Grocery,Agent360Full,full,LinearTBNegotiator,linear time concession,time-based,second,2,0.7500000000000001,1.0,1.75
panel,Grocery,Agent360Full,full,ToughNegotiator,"hard line, slow give",time-based,first,2,0.38888888888888895,1.0,1.3888888888888888
panel,Grocery,Agent360Full,full,ToughNegotiator,"hard line, slow give",time-based,second,2,0.47222222222222227,1.0,1.4722222222222223
panel,Grocery,Agent360Full,full,MiCRONegotiator,MiCRO (Genius-style),genius-style,first,2,0.588888888888889,1.0,1.588888888888889
panel,Grocery,Agent360Full,full,MiCRONegotiator,MiCRO (Genius-style),genius-style,second,2,0.7500000000000001,1.0,1.75
panel,Grocery,Agent360Full,full,TimeBasedNegotiator,generic time-based,time-based,first,2,0.7055555555555557,1.0,1.7055555555555557
panel,Grocery,Agent360Full,full,TimeBasedNegotiator,generic time-based,time-based,second,2,0.7500000000000001,1.0,1.75
panel,Grocery,Agent360Full,full,AspirationNegotiator,aspiration-based,time-based,first,2,0.8222222222222224,1.0,1.8222222222222224
panel,Grocery,Agent360Full,full,AspirationNegotiator,aspiration-based,time-based,second,2,0.7500000000000001,1.0,1.75
panel,Grocery,Agent360Full,full,HybridNegotiator,hybrid time + utility,hybrid,first,2,0.5083333333333333,1.0,1.5083333333333333
panel,Grocery,Agent360Full,full,HybridNegotiator,hybrid time + utility,hybrid,second,2,0.6000000000000001,1.0,1.6
panel,Grocery,Agent360Full,full,RandomNegotiator,random rational offers,baseline,first,2,0.5555555555555556,1.0,1.5555555555555556
panel,Grocery,Agent360Full,full,RandomNegotiator,random rational offers,baseline,second,2,0.6444444444444445,1.0,1.6444444444444446
panel,Grocery,Agent360Full,full,FirstOfferOrientedTBNegotiator,anchors on first offer,oriented,first,2,0.7638888888888891,1.0,1.763888888888889
panel,Grocery,Agent360Full,full,FirstOfferOrientedTBNegotiator,anchors on first offer,oriented,second,2,0.7500000000000001,1.0,1.75
panel,Grocery,Agent360Full,full,LastOfferOrientedTBNegotiator,follows last offer,oriented,first,2,0.7055555555555557,1.0,1.7055555555555557
panel,Grocery,Agent360Full,full,LastOfferOrientedTBNegotiator,follows last offer,oriented,second,2,0.7500000000000001,1.0,1.75
panel,Grocery,Agent360Full,full,BestOfferOrientedTBNegotiator,tracks best offer seen,oriented,first,2,0.7055555555555557,1.0,1.7055555555555557
panel,Grocery,Agent360Full,full,BestOfferOrientedTBNegotiator,tracks best offer seen,oriented,second,2,0.7500000000000001,1.0,1.75
panel,Grocery,Agent360Reverse,reverse,SimpleNegotiator,reverse-ufun + time concede,example,first,2,0.8722222222222223,0.6298316864972878,1.5020539087195102
panel,Grocery,Agent360Reverse,reverse,SimpleNegotiator,reverse-ufun + time concede,example,second,2,0.8833333333333334,0.6452684974699452,1.5286018308032787
panel,Grocery,Agent360Reverse,reverse,BOANeg,BOA: time offer + Smith + ACNext,example,first,2,0.7055555555555557,0.47739046699037346,1.1829460225459292
panel,Grocery,Agent360Reverse,reverse,BOANeg,BOA: time offer + Smith + ACNext,example,second,2,0.7500000000000001,0.510407767066813,1.2604077670668132
panel,Grocery,Agent360Reverse,reverse,MAPNeg,"MAP: same stack, acceptance_first",example,first,2,0.6861111111111112,0.48091560170635717,1.1670267128174685
panel,Grocery,Agent360Reverse,reverse,MAPNeg,"MAP: same stack, acceptance_first",example,second,2,0.7500000000000001,0.5133988618983123,1.2633988618983123
panel,Grocery,Agent360Reverse,reverse,BoulwareTBNegotiator,slow concession (Boulware),time-based,first,2,0.7055555555555557,1.0,1.7055555555555557
panel,Grocery,Agent360Reverse,reverse,BoulwareTBNegotiator,slow concession (Boulware),time-based,second,2,0.7500000000000001,1.0,1.75
panel,Grocery,Agent360Reverse,reverse,ConcederTBNegotiator,fast concession,time-based,first,2,0.8222222222222223,1.0,1.8222222222222224
panel,Grocery,Agent360Reverse,reverse,ConcederTBNegotiator,fast concession,time-based,second,2,0.8777777777777778,1.0,1.8777777777777778
panel,Grocery,Agent360Reverse,reverse,LinearTBNegotiator,linear time concession,time-based,first,2,0.8583333333333334,1.0,1.8583333333333334
panel,Grocery,Agent360Reverse,reverse,LinearTBNegotiator,linear time concession,time-based,second,2,0.8777777777777778,1.0,1.8777777777777778
panel,Grocery,Agent360Reverse,reverse,ToughNegotiator,"hard line, slow give",time-based,first,2,0.38888888888888895,1.0,1.3888888888888888
panel,Grocery,Agent360Reverse,reverse,ToughNegotiator,"hard line, slow give",time-based,second,2,0.47222222222222227,1.0,1.4722222222222223
panel,Grocery,Agent360Reverse,reverse,MiCRONegotiator,MiCRO (Genius-style),genius-style,first,2,0.8222222222222224,1.0,1.8222222222222224
panel,Grocery,Agent360Reverse,reverse,MiCRONegotiator,MiCRO (Genius-style),genius-style,second,2,0.8833333333333334,1.0,1.8833333333333333
panel,Grocery,Agent360Reverse,reverse,TimeBasedNegotiator,generic time-based,time-based,first,2,0.7055555555555557,1.0,1.7055555555555557
panel,Grocery,Agent360Reverse,reverse,TimeBasedNegotiator,generic time-based,time-based,second,2,0.7500000000000001,1.0,1.75
panel,Grocery,Agent360Reverse,reverse,AspirationNegotiator,aspiration-based,time-based,first,2,0.8222222222222224,1.0,1.8222222222222224
panel,Grocery,Agent360Reverse,reverse,AspirationNegotiator,aspiration-based,time-based,second,2,0.7500000000000001,1.0,1.75
panel,Grocery,Agent360Reverse,reverse,HybridNegotiator,hybrid time + utility,hybrid,first,2,0.913888888888889,1.0,1.913888888888889
panel,Grocery,Agent360Reverse,reverse,HybridNegotiator,hybrid time + utility,hybrid,second,2,0.8833333333333334,1.0,1.8833333333333333
panel,Grocery,Agent360Reverse,reverse,RandomNegotiator,random rational offers,baseline,first,2,0.8444444444444446,1.0,1.8444444444444446
panel,Grocery,Agent360Reverse,reverse,RandomNegotiator,random rational offers,baseline,second,2,0.4388888888888889,1.0,1.4388888888888889
panel,Grocery,Agent360Reverse,reverse,FirstOfferOrientedTBNegotiator,anchors on first offer,oriented,first,2,0.7055555555555557,1.0,1.7055555555555557
panel,Grocery,Agent360Reverse,reverse,FirstOfferOrientedTBNegotiator,anchors on first offer,oriented,second,2,0.7500000000000001,1.0,1.75
panel,Grocery,Agent360Reverse,reverse,LastOfferOrientedTBNegotiator,follows last offer,oriented,first,2,0.7055555555555557,1.0,1.7055555555555557
panel,Grocery,Agent360Reverse,reverse,LastOfferOrientedTBNegotiator,follows last offer,oriented,second,2,0.7500000000000001,1.0,1.75
panel,Grocery,Agent360Reverse,reverse,BestOfferOrientedTBNegotiator,tracks best offer seen,oriented,first,2,0.7055555555555557,1.0,1.7055555555555557
panel,Grocery,Agent360Reverse,reverse,BestOfferOrientedTBNegotiator,tracks best offer seen,oriented,second,2,0.7500000000000001,1.0,1.75
panel,Grocery,Agent360V2,v2,SimpleNegotiator,reverse-ufun + time concede,example,first,2,0.5583333333333333,0.6297679876864429,1.1881013210197764
panel,Grocery,Agent360V2,v2,SimpleNegotiator,reverse-ufun + time concede,example,second,2,0.7500000000000001,0.6421345180823227,1.3921345180823228
panel,Grocery,Agent360V2,v2,BOANeg,BOA: time offer + Smith + ACNext,example,first,2,0.588888888888889,0.52993081844442,1.118819707333309
panel,Grocery,Agent360V2,v2,BOANeg,BOA: time offer + Smith + ACNext,example,second,2,0.7500000000000001,0.5606279569176751,1.310627956917675
panel,Grocery,Agent360V2,v2,MAPNeg,"MAP: same stack, acceptance_first",example,first,2,0.6472222222222224,0.51843208592528,1.1656543081475024
panel,Grocery,Agent360V2,v2,MAPNeg,"MAP: same stack, acceptance_first",example,second,2,0.7500000000000001,0.5623488723802221,1.3123488723802221
panel,Grocery,Agent360V2,v2,BoulwareTBNegotiator,slow concession (Boulware),time-based,first,2,0.588888888888889,1.0,1.588888888888889
panel,Grocery,Agent360V2,v2,BoulwareTBNegotiator,slow concession (Boulware),time-based,second,2,0.7500000000000001,1.0,1.75
panel,Grocery,Agent360V2,v2,ConcederTBNegotiator,fast concession,time-based,first,2,0.5666666666666668,0.5,1.0666666666666669
panel,Grocery,Agent360V2,v2,ConcederTBNegotiator,fast concession,time-based,second,2,0.638888888888889,1.0,1.6388888888888888
panel,Grocery,Agent360V2,v2,LinearTBNegotiator,linear time concession,time-based,first,2,0.588888888888889,1.0,1.588888888888889
panel,Grocery,Agent360V2,v2,LinearTBNegotiator,linear time concession,time-based,second,2,0.7500000000000001,1.0,1.75
panel,Grocery,Agent360V2,v2,ToughNegotiator,"hard line, slow give",time-based,first,2,0.38888888888888895,1.0,1.3888888888888888
panel,Grocery,Agent360V2,v2,ToughNegotiator,"hard line, slow give",time-based,second,2,0.47222222222222227,1.0,1.4722222222222223
panel,Grocery,Agent360V2,v2,MiCRONegotiator,MiCRO (Genius-style),genius-style,first,2,0.588888888888889,1.0,1.588888888888889
panel,Grocery,Agent360V2,v2,MiCRONegotiator,MiCRO (Genius-style),genius-style,second,2,0.7500000000000001,1.0,1.75
panel,Grocery,Agent360V2,v2,TimeBasedNegotiator,generic time-based,time-based,first,2,0.6472222222222224,1.0,1.6472222222222224
panel,Grocery,Agent360V2,v2,TimeBasedNegotiator,generic time-based,time-based,second,2,0.7500000000000001,1.0,1.75
panel,Grocery,Agent360V2,v2,AspirationNegotiator,aspiration-based,time-based,first,2,0.5666666666666668,1.0,1.5666666666666669
panel,Grocery,Agent360V2,v2,AspirationNegotiator,aspiration-based,time-based,second,2,0.7500000000000001,1.0,1.75
panel,Grocery,Agent360V2,v2,HybridNegotiator,hybrid time + utility,hybrid,first,2,0.5472222222222223,1.0,1.5472222222222223
panel,Grocery,Agent360V2,v2,HybridNegotiator,hybrid time + utility,hybrid,second,2,0.7861111111111112,1.0,1.786111111111111
panel,Grocery,Agent360V2,v2,RandomNegotiator,random rational offers,baseline,first,2,0.5972222222222223,1.0,1.5972222222222223
panel,Grocery,Agent360V2,v2,RandomNegotiator,random rational offers,baseline,second,2,0.5416666666666667,1.0,1.5416666666666665
panel,Grocery,Agent360V2,v2,FirstOfferOrientedTBNegotiator,anchors on first offer,oriented,first,2,0.588888888888889,1.0,1.588888888888889
panel,Grocery,Agent360V2,v2,FirstOfferOrientedTBNegotiator,anchors on first offer,oriented,second,2,0.7500000000000001,1.0,1.75
panel,Grocery,Agent360V2,v2,LastOfferOrientedTBNegotiator,follows last offer,oriented,first,2,0.6472222222222224,1.0,1.6472222222222224
panel,Grocery,Agent360V2,v2,LastOfferOrientedTBNegotiator,follows last offer,oriented,second,2,0.7500000000000001,1.0,1.75
panel,Grocery,Agent360V2,v2,BestOfferOrientedTBNegotiator,tracks best offer seen,oriented,first,2,0.6472222222222224,1.0,1.6472222222222224
panel,Grocery,Agent360V2,v2,BestOfferOrientedTBNegotiator,tracks best offer seen,oriented,second,2,0.7500000000000001,1.0,1.75
panel,ISBTAcquisition,Agent360,gradient,SimpleNegotiator,reverse-ufun + time concede,example,first,2,0.5196078431372549,0.5885444068995214,1.1081522500367762
panel,ISBTAcquisition,Agent360,gradient,SimpleNegotiator,reverse-ufun + time concede,example,second,2,0.5609756097560975,0.5940662072850464,1.1550418170411438
panel,ISBTAcquisition,Agent360,gradient,BOANeg,BOA: time offer + Smith + ACNext,example,first,2,0.784313725490196,0.4718649647375328,1.2561786902277288
panel,ISBTAcquisition,Agent360,gradient,BOANeg,BOA: time offer + Smith + ACNext,example,second,2,0.5121951219512194,0.5088647196826916,1.0210598416339112
panel,ISBTAcquisition,Agent360,gradient,MAPNeg,"MAP: same stack, acceptance_first",example,first,2,0.6928104575163399,0.4734120253480939,1.1662224828644336
panel,ISBTAcquisition,Agent360,gradient,MAPNeg,"MAP: same stack, acceptance_first",example,second,2,0.5121951219512194,0.786860278085604,1.2990554000368235
panel,ISBTAcquisition,Agent360,gradient,BoulwareTBNegotiator,slow concession (Boulware),time-based,first,2,0.7254901960784313,1.0,1.7254901960784315
panel,ISBTAcquisition,Agent360,gradient,BoulwareTBNegotiator,slow concession (Boulware),time-based,second,2,0.5121951219512194,1.0,1.5121951219512195
panel,ISBTAcquisition,Agent360,gradient,ConcederTBNegotiator,fast concession,time-based,first,2,0.5,0.5,1.0
panel,ISBTAcquisition,Agent360,gradient,ConcederTBNegotiator,fast concession,time-based,second,2,0.7195121951219512,1.0,1.719512195121951
panel,ISBTAcquisition,Agent360,gradient,LinearTBNegotiator,linear time concession,time-based,first,2,0.4967320261437909,1.0,1.4967320261437909
panel,ISBTAcquisition,Agent360,gradient,LinearTBNegotiator,linear time concession,time-based,second,2,0.5670731707317072,1.0,1.5670731707317072
panel,ISBTAcquisition,Agent360,gradient,ToughNegotiator,"hard line, slow give",time-based,first,2,0.33986928104575165,1.0,1.3398692810457518
panel,ISBTAcquisition,Agent360,gradient,ToughNegotiator,"hard line, slow give",time-based,second,2,0.5121951219512194,1.0,1.5121951219512195
panel,ISBTAcquisition,Agent360,gradient,MiCRONegotiator,MiCRO (Genius-style),genius-style,first,2,0.6568627450980393,1.0,1.656862745098039
panel,ISBTAcquisition,Agent360,gradient,MiCRONegotiator,MiCRO (Genius-style),genius-style,second,2,0.6036585365853657,1.0,1.6036585365853657
panel,ISBTAcquisition,Agent360,gradient,TimeBasedNegotiator,generic time-based,time-based,first,2,0.7483660130718954,1.0,1.7483660130718954
panel,ISBTAcquisition,Agent360,gradient,TimeBasedNegotiator,generic time-based,time-based,second,2,0.5121951219512194,1.0,1.5121951219512195
panel,ISBTAcquisition,Agent360,gradient,AspirationNegotiator,aspiration-based,time-based,first,2,0.7124183006535947,1.0,1.7124183006535947
panel,ISBTAcquisition,Agent360,gradient,AspirationNegotiator,aspiration-based,time-based,second,2,0.5121951219512194,1.0,1.5121951219512195
panel,ISBTAcquisition,Agent360,gradient,HybridNegotiator,hybrid time + utility,hybrid,first,2,0.5555555555555556,1.0,1.5555555555555556
panel,ISBTAcquisition,Agent360,gradient,HybridNegotiator,hybrid time + utility,hybrid,second,2,0.5121951219512194,1.0,1.5121951219512195
panel,ISBTAcquisition,Agent360,gradient,RandomNegotiator,random rational offers,baseline,first,2,0.6111111111111112,0.5,1.1111111111111112
panel,ISBTAcquisition,Agent360,gradient,RandomNegotiator,random rational offers,baseline,second,2,0.75,1.0,1.75
panel,ISBTAcquisition,Agent360,gradient,FirstOfferOrientedTBNegotiator,anchors on first offer,oriented,first,2,0.7352941176470588,1.0,1.7352941176470589
panel,ISBTAcquisition,Agent360,gradient,FirstOfferOrientedTBNegotiator,anchors on first offer,oriented,second,2,0.5121951219512194,1.0,1.5121951219512195
panel,ISBTAcquisition,Agent360,gradient,LastOfferOrientedTBNegotiator,follows last offer,oriented,first,2,0.6928104575163399,1.0,1.6928104575163399
panel,ISBTAcquisition,Agent360,gradient,LastOfferOrientedTBNegotiator,follows last offer,oriented,second,2,0.5121951219512194,1.0,1.5121951219512195
panel,ISBTAcquisition,Agent360,gradient,BestOfferOrientedTBNegotiator,tracks best offer seen,oriented,first,2,0.6470588235294118,1.0,1.6470588235294117
panel,ISBTAcquisition,Agent360,gradient,BestOfferOrientedTBNegotiator,tracks best offer seen,oriented,second,2,0.5121951219512194,1.0,1.5121951219512195
panel,ISBTAcquisition,Agent360Full,full,SimpleNegotiator,reverse-ufun + time concede,example,first,2,0.5032679738562091,0.0,0.5032679738562091
panel,ISBTAcquisition,Agent360Full,full,SimpleNegotiator,reverse-ufun + time concede,example,second,2,0.5121951219512194,0.5964173630080392,1.1086124849592585
panel,ISBTAcquisition,Agent360Full,full,BOANeg,BOA: time offer + Smith + ACNext,example,first,2,0.784313725490196,0.5239994259805455,1.3083131514707413
panel,ISBTAcquisition,Agent360Full,full,BOANeg,BOA: time offer + Smith + ACNext,example,second,2,0.5121951219512194,1.0,1.5121951219512195
panel,ISBTAcquisition,Agent360Full,full,MAPNeg,"MAP: same stack, acceptance_first",example,first,2,0.7483660130718954,0.523855900493544,1.2722219135654393
panel,ISBTAcquisition,Agent360Full,full,MAPNeg,"MAP: same stack, acceptance_first",example,second,2,0.5121951219512194,0.8077735803839289,1.3199687023351483
panel,ISBTAcquisition,Agent360Full,full,BoulwareTBNegotiator,slow concession (Boulware),time-based,first,2,0.741830065359477,1.0,1.7418300653594772
panel,ISBTAcquisition,Agent360Full,full,BoulwareTBNegotiator,slow concession (Boulware),time-based,second,2,0.5121951219512194,1.0,1.5121951219512195
panel,ISBTAcquisition,Agent360Full,full,ConcederTBNegotiator,fast concession,time-based,first,2,0.5032679738562091,0.5,1.0032679738562091
panel,ISBTAcquisition,Agent360Full,full,ConcederTBNegotiator,fast concession,time-based,second,2,0.8048780487804877,1.0,1.8048780487804876
panel,ISBTAcquisition,Agent360Full,full,LinearTBNegotiator,linear time concession,time-based,first,2,0.5032679738562091,1.0,1.5032679738562091
panel,ISBTAcquisition,Agent360Full,full,LinearTBNegotiator,linear time concession,time-based,second,2,0.5182926829268292,1.0,1.5182926829268293
panel,ISBTAcquisition,Agent360Full,full,ToughNegotiator,"hard line, slow give",time-based,first,2,0.33986928104575165,1.0,1.3398692810457518
panel,ISBTAcquisition,Agent360Full,full,ToughNegotiator,"hard line, slow give",time-based,second,2,0.5121951219512194,1.0,1.5121951219512195
panel,ISBTAcquisition,Agent360Full,full,MiCRONegotiator,MiCRO (Genius-style),genius-style,first,2,0.6666666666666667,1.0,1.6666666666666665
panel,ISBTAcquisition,Agent360Full,full,MiCRONegotiator,MiCRO (Genius-style),genius-style,second,2,0.5182926829268292,1.0,1.5182926829268293
panel,ISBTAcquisition,Agent360Full,full,TimeBasedNegotiator,generic time-based,time-based,first,2,0.6568627450980393,1.0,1.656862745098039
panel,ISBTAcquisition,Agent360Full,full,TimeBasedNegotiator,generic time-based,time-based,second,2,0.5121951219512194,1.0,1.5121951219512195
panel,ISBTAcquisition,Agent360Full,full,AspirationNegotiator,aspiration-based,time-based,first,2,0.784313725490196,1.0,1.784313725490196
panel,ISBTAcquisition,Agent360Full,full,AspirationNegotiator,aspiration-based,time-based,second,2,0.5121951219512194,1.0,1.5121951219512195
panel,ISBTAcquisition,Agent360Full,full,HybridNegotiator,hybrid time + utility,hybrid,first,2,0.6535947712418301,1.0,1.65359477124183
panel,ISBTAcquisition,Agent360Full,full,HybridNegotiator,hybrid time + utility,hybrid,second,2,0.5121951219512194,1.0,1.5121951219512195
panel,ISBTAcquisition,Agent360Full,full,RandomNegotiator,random rational offers,baseline,first,2,0.5718954248366013,0.5,1.0718954248366013
panel,ISBTAcquisition,Agent360Full,full,RandomNegotiator,random rational offers,baseline,second,2,0.6402439024390243,1.0,1.6402439024390243
panel,ISBTAcquisition,Agent360Full,full,FirstOfferOrientedTBNegotiator,anchors on first offer,oriented,first,2,0.7026143790849673,1.0,1.7026143790849675
panel,ISBTAcquisition,Agent360Full,full,FirstOfferOrientedTBNegotiator,anchors on first offer,oriented,second,2,0.5121951219512194,1.0,1.5121951219512195
panel,ISBTAcquisition,Agent360Full,full,LastOfferOrientedTBNegotiator,follows last offer,oriented,first,2,0.6437908496732027,1.0,1.6437908496732025
panel,ISBTAcquisition,Agent360Full,full,LastOfferOrientedTBNegotiator,follows last offer,oriented,second,2,0.5121951219512194,1.0,1.5121951219512195
panel,ISBTAcquisition,Agent360Full,full,BestOfferOrientedTBNegotiator,tracks best offer seen,oriented,first,2,0.6666666666666667,1.0,1.6666666666666667
panel,ISBTAcquisition,Agent360Full,full,BestOfferOrientedTBNegotiator,tracks best offer seen,oriented,second,2,0.5121951219512194,1.0,1.5121951219512195
panel,ISBTAcquisition,Agent360Reverse,reverse,SimpleNegotiator,reverse-ufun + time concede,example,first,2,0.980392156862745,0.5880752575440864,1.5684674144068314
panel,ISBTAcquisition,Agent360Reverse,reverse,SimpleNegotiator,reverse-ufun + time concede,example,second,2,0.8414634146341463,0.6098049241085527,1.451268338742699
panel,ISBTAcquisition,Agent360Reverse,reverse,BOANeg,BOA: time offer + Smith + ACNext,example,first,2,0.6437908496732027,0.462995395962763,1.1067862456359658
panel,ISBTAcquisition,Agent360Reverse,reverse,BOANeg,BOA: time offer + Smith + ACNext,example,second,2,0.6951219512195121,0.4926862569023387,1.1878082081218508
panel,ISBTAcquisition,Agent360Reverse,reverse,MAPNeg,"MAP: same stack, acceptance_first",example,first,2,0.784313725490196,0.46600040900307266,1.2503141344932684
panel,ISBTAcquisition,Agent360Reverse,reverse,MAPNeg,"MAP: same stack, acceptance_first",example,second,2,0.6951219512195121,0.4914679637722519,1.1865899149917642
panel,ISBTAcquisition,Agent360Reverse,reverse,BoulwareTBNegotiator,slow concession (Boulware),time-based,first,2,0.784313725490196,1.0,1.784313725490196
panel,ISBTAcquisition,Agent360Reverse,reverse,BoulwareTBNegotiator,slow concession (Boulware),time-based,second,2,0.6951219512195121,1.0,1.6951219512195121
panel,ISBTAcquisition,Agent360Reverse,reverse,ConcederTBNegotiator,fast concession,time-based,first,2,0.8137254901960785,1.0,1.8137254901960786
panel,ISBTAcquisition,Agent360Reverse,reverse,ConcederTBNegotiator,fast concession,time-based,second,2,0.847560975609756,1.0,1.847560975609756
panel,ISBTAcquisition,Agent360Reverse,reverse,LinearTBNegotiator,linear time concession,time-based,first,2,0.8529411764705883,1.0,1.8529411764705883
panel,ISBTAcquisition,Agent360Reverse,reverse,LinearTBNegotiator,linear time concession,time-based,second,2,0.8414634146341463,1.0,1.8414634146341462
panel,ISBTAcquisition,Agent360Reverse,reverse,ToughNegotiator,"hard line, slow give",time-based,first,2,0.33986928104575165,1.0,1.3398692810457518
panel,ISBTAcquisition,Agent360Reverse,reverse,ToughNegotiator,"hard line, slow give",time-based,second,2,0.5121951219512194,1.0,1.5121951219512195
panel,ISBTAcquisition,Agent360Reverse,reverse,MiCRONegotiator,MiCRO (Genius-style),genius-style,first,2,0.6764705882352942,1.0,1.6764705882352942
panel,ISBTAcquisition,Agent360Reverse,reverse,MiCRONegotiator,MiCRO (Genius-style),genius-style,second,2,0.6829268292682926,1.0,1.6829268292682926
panel,ISBTAcquisition,Agent360Reverse,reverse,TimeBasedNegotiator,generic time-based,time-based,first,2,0.7254901960784313,1.0,1.7254901960784315
panel,ISBTAcquisition,Agent360Reverse,reverse,TimeBasedNegotiator,generic time-based,time-based,second,2,0.6951219512195121,1.0,1.6951219512195121
panel,ISBTAcquisition,Agent360Reverse,reverse,AspirationNegotiator,aspiration-based,time-based,first,2,0.6862745098039216,1.0,1.6862745098039216
panel,ISBTAcquisition,Agent360Reverse,reverse,AspirationNegotiator,aspiration-based,time-based,second,2,0.6951219512195121,1.0,1.6951219512195121
panel,ISBTAcquisition,Agent360Reverse,reverse,HybridNegotiator,hybrid time + utility,hybrid,first,2,0.8529411764705883,1.0,1.8529411764705883
panel,ISBTAcquisition,Agent360Reverse,reverse,HybridNegotiator,hybrid time + utility,hybrid,second,2,0.7926829268292683,1.0,1.792682926829268
panel,ISBTAcquisition,Agent360Reverse,reverse,RandomNegotiator,random rational offers,baseline,first,2,0.8366013071895425,0.5,1.3366013071895426
panel,ISBTAcquisition,Agent360Reverse,reverse,RandomNegotiator,random rational offers,baseline,second,2,0.9024390243902438,1.0,1.9024390243902438
panel,ISBTAcquisition,Agent360Reverse,reverse,FirstOfferOrientedTBNegotiator,anchors on first offer,oriented,first,2,0.696078431372549,1.0,1.696078431372549
panel,ISBTAcquisition,Agent360Reverse,reverse,FirstOfferOrientedTBNegotiator,anchors on first offer,oriented,second,2,0.6951219512195121,1.0,1.6951219512195121
panel,ISBTAcquisition,Agent360Reverse,reverse,LastOfferOrientedTBNegotiator,follows last offer,oriented,first,2,0.6928104575163399,1.0,1.6928104575163399
panel,ISBTAcquisition,Agent360Reverse,reverse,LastOfferOrientedTBNegotiator,follows last offer,oriented,second,2,0.6951219512195121,1.0,1.6951219512195121
panel,ISBTAcquisition,Agent360Reverse,reverse,BestOfferOrientedTBNegotiator,tracks best offer seen,oriented,first,2,0.784313725490196,1.0,1.784313725490196
panel,ISBTAcquisition,Agent360Reverse,reverse,BestOfferOrientedTBNegotiator,tracks best offer seen,oriented,second,2,0.6951219512195121,1.0,1.6951219512195121
panel,ISBTAcquisition,Agent360V2,v2,SimpleNegotiator,reverse-ufun + time concede,example,first,2,0.4836601307189543,0.5887864217978633,1.0724465525168176
panel,ISBTAcquisition,Agent360V2,v2,SimpleNegotiator,reverse-ufun + time concede,example,second,2,0.5182926829268292,0.5962634433279477,1.1145561262547767
panel,ISBTAcquisition,Agent360V2,v2,BOANeg,BOA: time offer + Smith + ACNext,example,first,2,0.6928104575163399,0.548343368996089,1.241153826512429
panel,ISBTAcquisition,Agent360V2,v2,BOANeg,BOA: time offer + Smith + ACNext,example,second,2,0.5121951219512194,1.0,1.5121951219512195
panel,ISBTAcquisition,Agent360V2,v2,MAPNeg,"MAP: same stack, acceptance_first",example,first,2,0.6666666666666667,0.5556728471790742,1.222339513845741
panel,ISBTAcquisition,Agent360V2,v2,MAPNeg,"MAP: same stack, acceptance_first",example,second,2,0.5121951219512194,1.0,1.5121951219512195
panel,ISBTAcquisition,Agent360V2,v2,BoulwareTBNegotiator,slow concession (Boulware),time-based,first,2,0.7254901960784313,1.0,1.7254901960784315
panel,ISBTAcquisition,Agent360V2,v2,BoulwareTBNegotiator,slow concession (Boulware),time-based,second,2,0.5121951219512194,1.0,1.5121951219512195
panel,ISBTAcquisition,Agent360V2,v2,ConcederTBNegotiator,fast concession,time-based,first,2,0.5228758169934641,1.0,1.522875816993464
panel,ISBTAcquisition,Agent360V2,v2,ConcederTBNegotiator,fast concession,time-based,second,2,0.6951219512195121,1.0,1.6951219512195121
panel,ISBTAcquisition,Agent360V2,v2,LinearTBNegotiator,linear time concession,time-based,first,2,0.5359477124183007,1.0,1.5359477124183007
panel,ISBTAcquisition,Agent360V2,v2,LinearTBNegotiator,linear time concession,time-based,second,2,0.5121951219512194,1.0,1.5121951219512195
panel,ISBTAcquisition,Agent360V2,v2,ToughNegotiator,"hard line, slow give",time-based,first,2,0.33986928104575165,1.0,1.3398692810457518
panel,ISBTAcquisition,Agent360V2,v2,ToughNegotiator,"hard line, slow give",time-based,second,2,0.5121951219512194,1.0,1.5121951219512195
panel,ISBTAcquisition,Agent360V2,v2,MiCRONegotiator,MiCRO (Genius-style),genius-style,first,2,0.5947712418300654,1.0,1.5947712418300655
panel,ISBTAcquisition,Agent360V2,v2,MiCRONegotiator,MiCRO (Genius-style),genius-style,second,2,0.5182926829268292,1.0,1.5182926829268293
panel,ISBTAcquisition,Agent360V2,v2,TimeBasedNegotiator,generic time-based,time-based,first,2,0.784313725490196,1.0,1.784313725490196
panel,ISBTAcquisition,Agent360V2,v2,TimeBasedNegotiator,generic time-based,time-based,second,2,0.5121951219512194,1.0,1.5121951219512195
panel,ISBTAcquisition,Agent360V2,v2,AspirationNegotiator,aspiration-based,time-based,first,2,0.6568627450980393,1.0,1.656862745098039
panel,ISBTAcquisition,Agent360V2,v2,AspirationNegotiator,aspiration-based,time-based,second,2,0.5121951219512194,1.0,1.5121951219512195
panel,ISBTAcquisition,Agent360V2,v2,HybridNegotiator,hybrid time + utility,hybrid,first,2,0.5980392156862746,1.0,1.5980392156862746
panel,ISBTAcquisition,Agent360V2,v2,HybridNegotiator,hybrid time + utility,hybrid,second,2,0.5121951219512194,1.0,1.5121951219512195
panel,ISBTAcquisition,Agent360V2,v2,RandomNegotiator,random rational offers,baseline,first,2,0.6209150326797386,0.5,1.1209150326797386
panel,ISBTAcquisition,Agent360V2,v2,RandomNegotiator,random rational offers,baseline,second,2,0.573170731707317,1.0,1.5731707317073171
panel,ISBTAcquisition,Agent360V2,v2,FirstOfferOrientedTBNegotiator,anchors on first offer,oriented,first,2,0.6928104575163399,1.0,1.6928104575163399
panel,ISBTAcquisition,Agent360V2,v2,FirstOfferOrientedTBNegotiator,anchors on first offer,oriented,second,2,0.5121951219512194,1.0,1.5121951219512195
panel,ISBTAcquisition,Agent360V2,v2,LastOfferOrientedTBNegotiator,follows last offer,oriented,first,2,0.696078431372549,1.0,1.696078431372549
panel,ISBTAcquisition,Agent360V2,v2,LastOfferOrientedTBNegotiator,follows last offer,oriented,second,2,0.5121951219512194,1.0,1.5121951219512195
panel,ISBTAcquisition,Agent360V2,v2,BestOfferOrientedTBNegotiator,tracks best offer seen,oriented,first,2,0.7156862745098038,1.0,1.7156862745098038
panel,ISBTAcquisition,Agent360V2,v2,BestOfferOrientedTBNegotiator,tracks best offer seen,oriented,second,2,0.5121951219512194,1.0,1.5121951219512195
panel,Laptop,Agent360,gradient,SimpleNegotiator,reverse-ufun + time concede,example,first,2,0.6292043934786449,0.33925178539959205,0.9684561788782369
panel,Laptop,Agent360,gradient,SimpleNegotiator,reverse-ufun + time concede,example,second,2,0.5911036168101367,0.6982172246927363,1.2893208415028727
panel,Laptop,Agent360,gradient,BOANeg,BOA: time offer + Smith + ACNext,example,first,2,0.5775524426410947,0.5448767005026405,1.1224291431437352
panel,Laptop,Agent360,gradient,BOANeg,BOA: time offer + Smith + ACNext,example,second,2,0.5136317604069089,0.5375168637420109,1.05114862414892
panel,Laptop,Agent360,gradient,MAPNeg,"MAP: same stack, acceptance_first",example,first,2,0.5775524426410947,0.5530168125122572,1.130569255153352
panel,Laptop,Agent360,gradient,MAPNeg,"MAP: same stack, acceptance_first",example,second,2,0.5136317604069089,0.5656595088701002,1.0792912692770091
panel,Laptop,Agent360,gradient,BoulwareTBNegotiator,slow concession (Boulware),time-based,first,2,0.5775524426410947,1.0,1.5775524426410947
panel,Laptop,Agent360,gradient,BoulwareTBNegotiator,slow concession (Boulware),time-based,second,2,0.5136317604069089,1.0,1.513631760406909
panel,Laptop,Agent360,gradient,ConcederTBNegotiator,fast concession,time-based,first,2,0.7262048717621604,0.5,1.2262048717621603
panel,Laptop,Agent360,gradient,ConcederTBNegotiator,fast concession,time-based,second,2,0.7568158802034546,1.0,1.7568158802034546
panel,Laptop,Agent360,gradient,LinearTBNegotiator,linear time concession,time-based,first,2,0.5775524426410947,1.0,1.5775524426410947
panel,Laptop,Agent360,gradient,LinearTBNegotiator,linear time concession,time-based,second,2,0.5911036168101367,1.0,1.5911036168101367
panel,Laptop,Agent360,gradient,ToughNegotiator,"hard line, slow give",time-based,first,2,0.5775524426410947,1.0,1.5775524426410947
panel,Laptop,Agent360,gradient,ToughNegotiator,"hard line, slow give",time-based,second,2,0.5136317604069089,1.0,1.513631760406909
panel,Laptop,Agent360,gradient,MiCRONegotiator,MiCRO (Genius-style),genius-style,first,2,0.5901592894242644,1.0,1.5901592894242644
panel,Laptop,Agent360,gradient,MiCRONegotiator,MiCRO (Genius-style),genius-style,second,2,0.8450562871935448,1.0,1.8450562871935448
panel,Laptop,Agent360,gradient,TimeBasedNegotiator,generic time-based,time-based,first,2,0.5775524426410947,1.0,1.5775524426410947
panel,Laptop,Agent360,gradient,TimeBasedNegotiator,generic time-based,time-based,second,2,0.5136317604069089,1.0,1.513631760406909
panel,Laptop,Agent360,gradient,AspirationNegotiator,aspiration-based,time-based,first,2,0.5775524426410947,1.0,1.5775524426410947
panel,Laptop,Agent360,gradient,AspirationNegotiator,aspiration-based,time-based,second,2,0.5136317604069089,1.0,1.513631760406909
panel,Laptop,Agent360,gradient,HybridNegotiator,hybrid time + utility,hybrid,first,2,0.5775524426410947,1.0,1.5775524426410947
panel,Laptop,Agent360,gradient,HybridNegotiator,hybrid time + utility,hybrid,second,2,0.6295484457681144,1.0,1.6295484457681144
panel,Laptop,Agent360,gradient,RandomNegotiator,random rational offers,baseline,first,2,0.34042817215809756,0.5,0.8404281721580975
panel,Laptop,Agent360,gradient,RandomNegotiator,random rational offers,baseline,second,2,0.8444740887062727,1.0,1.8444740887062727
panel,Laptop,Agent360,gradient,FirstOfferOrientedTBNegotiator,anchors on first offer,oriented,first,2,0.5775524426410947,1.0,1.5775524426410947
panel,Laptop,Agent360,gradient,FirstOfferOrientedTBNegotiator,anchors on first offer,oriented,second,2,0.5136317604069089,1.0,1.513631760406909
panel,Laptop,Agent360,gradient,LastOfferOrientedTBNegotiator,follows last offer,oriented,first,2,0.5775524426410947,1.0,1.5775524426410947
panel,Laptop,Agent360,gradient,LastOfferOrientedTBNegotiator,follows last offer,oriented,second,2,0.5136317604069089,1.0,1.513631760406909
panel,Laptop,Agent360,gradient,BestOfferOrientedTBNegotiator,tracks best offer seen,oriented,first,2,0.5775524426410947,1.0,1.5775524426410947
panel,Laptop,Agent360,gradient,BestOfferOrientedTBNegotiator,tracks best offer seen,oriented,second,2,0.5911036168101367,1.0,1.5911036168101367
panel,Laptop,Agent360Full,full,SimpleNegotiator,reverse-ufun + time concede,example,first,2,0.5775524426410947,0.6844358410163034,1.2619882836573981
panel,Laptop,Agent360Full,full,SimpleNegotiator,reverse-ufun + time concede,example,second,2,0.5136317604069089,0.695142104219393,1.208773864626302
panel,Laptop,Agent360Full,full,BOANeg,BOA: time offer + Smith + ACNext,example,first,2,0.5775524426410947,0.6001145382654516,1.1776669809065463
panel,Laptop,Agent360Full,full,BOANeg,BOA: time offer + Smith + ACNext,example,second,2,0.5136317604069089,0.7855887000604883,1.2992204604673971
panel,Laptop,Agent360Full,full,MAPNeg,"MAP: same stack, acceptance_first",example,first,2,0.5775524426410947,0.5821027751330292,1.159655217774124
panel,Laptop,Agent360Full,full,MAPNeg,"MAP: same stack, acceptance_first",example,second,2,0.5136317604069089,0.5749785585316438,1.0886103189385528
panel,Laptop,Agent360Full,full,BoulwareTBNegotiator,slow concession (Boulware),time-based,first,2,0.5775524426410947,1.0,1.5775524426410947
panel,Laptop,Agent360Full,full,BoulwareTBNegotiator,slow concession (Boulware),time-based,second,2,0.5136317604069089,1.0,1.513631760406909
panel,Laptop,Agent360Full,full,ConcederTBNegotiator,fast concession,time-based,first,2,0.6808563443161951,0.5,1.180856344316195
panel,Laptop,Agent360Full,full,ConcederTBNegotiator,fast concession,time-based,second,2,0.6787618253129548,1.0,1.6787618253129548
panel,Laptop,Agent360Full,full,LinearTBNegotiator,linear time concession,time-based,first,2,0.5775524426410947,1.0,1.5775524426410947
panel,Laptop,Agent360Full,full,LinearTBNegotiator,linear time concession,time-based,second,2,0.5136317604069089,1.0,1.513631760406909
panel,Laptop,Agent360Full,full,ToughNegotiator,"hard line, slow give",time-based,first,2,0.5775524426410947,1.0,1.5775524426410947
panel,Laptop,Agent360Full,full,ToughNegotiator,"hard line, slow give",time-based,second,2,0.5136317604069089,1.0,1.513631760406909
panel,Laptop,Agent360Full,full,MiCRONegotiator,MiCRO (Genius-style),genius-style,first,2,0.6745529209246102,1.0,1.6745529209246102
panel,Laptop,Agent360Full,full,MiCRONegotiator,MiCRO (Genius-style),genius-style,second,2,0.7568158802034546,1.0,1.7568158802034546
panel,Laptop,Agent360Full,full,TimeBasedNegotiator,generic time-based,time-based,first,2,0.5775524426410947,1.0,1.5775524426410947
panel,Laptop,Agent360Full,full,TimeBasedNegotiator,generic time-based,time-based,second,2,0.5136317604069089,1.0,1.513631760406909
panel,Laptop,Agent360Full,full,AspirationNegotiator,aspiration-based,time-based,first,2,0.5775524426410947,1.0,1.5775524426410947
panel,Laptop,Agent360Full,full,AspirationNegotiator,aspiration-based,time-based,second,2,0.5136317604069089,1.0,1.513631760406909
panel,Laptop,Agent360Full,full,HybridNegotiator,hybrid time + utility,hybrid,first,2,0.5775524426410947,1.0,1.5775524426410947
panel,Laptop,Agent360Full,full,HybridNegotiator,hybrid time + utility,hybrid,second,2,0.5911036168101367,1.0,1.5911036168101367
panel,Laptop,Agent360Full,full,RandomNegotiator,random rational offers,baseline,first,2,0.49999999999999994,0.5,1.0
panel,Laptop,Agent360Full,full,RandomNegotiator,random rational offers,baseline,second,2,0.6295484457681144,1.0,1.6295484457681144
panel,Laptop,Agent360Full,full,FirstOfferOrientedTBNegotiator,anchors on first offer,oriented,first,2,0.5775524426410947,1.0,1.5775524426410947
panel,Laptop,Agent360Full,full,FirstOfferOrientedTBNegotiator,anchors on first offer,oriented,second,2,0.5136317604069089,1.0,1.513631760406909
panel,Laptop,Agent360Full,full,LastOfferOrientedTBNegotiator,follows last offer,oriented,first,2,0.5775524426410947,0.5,1.0775524426410947
panel,Laptop,Agent360Full,full,LastOfferOrientedTBNegotiator,follows last offer,oriented,second,2,0.5136317604069089,1.0,1.513631760406909
panel,Laptop,Agent360Full,full,BestOfferOrientedTBNegotiator,tracks best offer seen,oriented,first,2,0.5775524426410947,1.0,1.5775524426410947
panel,Laptop,Agent360Full,full,BestOfferOrientedTBNegotiator,tracks best offer seen,oriented,second,2,0.5136317604069089,1.0,1.513631760406909
panel,Laptop,Agent360Reverse,reverse,SimpleNegotiator,reverse-ufun + time concede,example,first,2,0.8059990434329688,0.6771094406811734,1.4831084841141422
panel,Laptop,Agent360Reverse,reverse,SimpleNegotiator,reverse-ufun + time concede,example,second,2,1.0,0.7046979865771812,1.7046979865771812
panel,Laptop,Agent360Reverse,reverse,BOANeg,BOA: time offer + Smith + ACNext,example,first,2,0.7715533992081257,0.47611593707048294,1.2476693362786087
panel,Laptop,Agent360Reverse,reverse,BOANeg,BOA: time offer + Smith + ACNext,example,second,2,0.6685754732133643,0.5134155290632005,1.1819910022765647
panel,Laptop,Agent360Reverse,reverse,MAPNeg,"MAP: same stack, acceptance_first",example,first,2,0.7715533992081257,0.47686675546766955,1.2484201546757954
panel,Laptop,Agent360Reverse,reverse,MAPNeg,"MAP: same stack, acceptance_first",example,second,2,0.6685754732133643,0.511598064365934,1.1801735375792983
panel,Laptop,Agent360Reverse,reverse,BoulwareTBNegotiator,slow concession (Boulware),time-based,first,2,0.7715533992081257,1.0,1.7715533992081256
panel,Laptop,Agent360Reverse,reverse,BoulwareTBNegotiator,slow concession (Boulware),time-based,second,2,0.6685754732133643,1.0,1.6685754732133642
panel,Laptop,Agent360Reverse,reverse,ConcederTBNegotiator,fast concession,time-based,first,2,0.9999999999999999,1.0,2.0
panel,Laptop,Agent360Reverse,reverse,ConcederTBNegotiator,fast concession,time-based,second,2,1.0,1.0,2.0
panel,Laptop,Agent360Reverse,reverse,LinearTBNegotiator,linear time concession,time-based,first,2,0.8059990434329688,1.0,1.8059990434329687
panel,Laptop,Agent360Reverse,reverse,LinearTBNegotiator,linear time concession,time-based,second,2,0.8450562871935448,1.0,1.8450562871935448
panel,Laptop,Agent360Reverse,reverse,ToughNegotiator,"hard line, slow give",time-based,first,2,0.5775524426410947,1.0,1.5775524426410947
panel,Laptop,Agent360Reverse,reverse,ToughNegotiator,"hard line, slow give",time-based,second,2,0.5136317604069089,1.0,1.513631760406909
panel,Laptop,Agent360Reverse,reverse,MiCRONegotiator,MiCRO (Genius-style),genius-style,first,2,0.7715533992081257,1.0,1.7715533992081256
panel,Laptop,Agent360Reverse,reverse,MiCRONegotiator,MiCRO (Genius-style),genius-style,second,2,0.8450562871935448,1.0,1.8450562871935448
panel,Laptop,Agent360Reverse,reverse,TimeBasedNegotiator,generic time-based,time-based,first,2,0.7715533992081257,1.0,1.7715533992081256
panel,Laptop,Agent360Reverse,reverse,TimeBasedNegotiator,generic time-based,time-based,second,2,0.6685754732133643,1.0,1.6685754732133642
panel,Laptop,Agent360Reverse,reverse,AspirationNegotiator,aspiration-based,time-based,first,2,0.7715533992081257,1.0,1.7715533992081256
panel,Laptop,Agent360Reverse,reverse,AspirationNegotiator,aspiration-based,time-based,second,2,0.6685754732133643,1.0,1.6685754732133642
panel,Laptop,Agent360Reverse,reverse,HybridNegotiator,hybrid time + utility,hybrid,first,2,0.7715533992081257,1.0,1.7715533992081256
panel,Laptop,Agent360Reverse,reverse,HybridNegotiator,hybrid time + utility,hybrid,second,2,0.8450562871935448,1.0,1.8450562871935448
panel,Laptop,Agent360Reverse,reverse,RandomNegotiator,random rational offers,baseline,first,2,0.9093029451080692,0.5,1.4093029451080694
panel,Laptop,Agent360Reverse,reverse,RandomNegotiator,random rational offers,baseline,second,2,0.5,1.0,1.5
panel,Laptop,Agent360Reverse,reverse,FirstOfferOrientedTBNegotiator,anchors on first offer,oriented,first,2,0.7715533992081257,1.0,1.7715533992081256
panel,Laptop,Agent360Reverse,reverse,FirstOfferOrientedTBNegotiator,anchors on first offer,oriented,second,2,0.6685754732133643,1.0,1.6685754732133642
panel,Laptop,Agent360Reverse,reverse,LastOfferOrientedTBNegotiator,follows last offer,oriented,first,2,0.7715533992081257,1.0,1.7715533992081256
panel,Laptop,Agent360Reverse,reverse,LastOfferOrientedTBNegotiator,follows last offer,oriented,second,2,0.6685754732133643,1.0,1.6685754732133642
panel,Laptop,Agent360Reverse,reverse,BestOfferOrientedTBNegotiator,tracks best offer seen,oriented,first,2,0.7715533992081257,1.0,1.7715533992081256
panel,Laptop,Agent360Reverse,reverse,BestOfferOrientedTBNegotiator,tracks best offer seen,oriented,second,2,0.6685754732133643,1.0,1.6685754732133642
panel,Laptop,Agent360V2,v2,SimpleNegotiator,reverse-ufun + time concede,example,first,2,0.5775524426410947,0.6844358410163034,1.2619882836573981
panel,Laptop,Agent360V2,v2,SimpleNegotiator,reverse-ufun + time concede,example,second,2,0.5136317604069089,0.695142104219393,1.208773864626302
panel,Laptop,Agent360V2,v2,BOANeg,BOA: time offer + Smith + ACNext,example,first,2,0.5775524426410947,0.5807681859780038,1.1583206286190986
panel,Laptop,Agent360V2,v2,BOANeg,BOA: time offer + Smith + ACNext,example,second,2,0.5136317604069089,0.7728550351983019,1.2864867956052106
panel,Laptop,Agent360V2,v2,MAPNeg,"MAP: same stack, acceptance_first",example,first,2,0.5775524426410947,0.552923012522661,1.1304754551637557
panel,Laptop,Agent360V2,v2,MAPNeg,"MAP: same stack, acceptance_first",example,second,2,0.5136317604069089,0.779813674144059,1.2934454345509678
panel,Laptop,Agent360V2,v2,BoulwareTBNegotiator,slow concession (Boulware),time-based,first,2,0.5775524426410947,1.0,1.5775524426410947
panel,Laptop,Agent360V2,v2,BoulwareTBNegotiator,slow concession (Boulware),time-based,second,2,0.5136317604069089,1.0,1.513631760406909
panel,Laptop,Agent360V2,v2,ConcederTBNegotiator,fast concession,time-based,first,2,0.6808563443161951,1.0,1.680856344316195
panel,Laptop,Agent360V2,v2,ConcederTBNegotiator,fast concession,time-based,second,2,0.7670022323030451,1.0,1.767002232303045
panel,Laptop,Agent360V2,v2,LinearTBNegotiator,linear time concession,time-based,first,2,0.5322039151951294,1.0,1.5322039151951294
panel,Laptop,Agent360V2,v2,LinearTBNegotiator,linear time concession,time-based,second,2,0.5136317604069089,1.0,1.513631760406909
panel,Laptop,Agent360V2,v2,ToughNegotiator,"hard line, slow give",time-based,first,2,0.5775524426410947,1.0,1.5775524426410947
panel,Laptop,Agent360V2,v2,ToughNegotiator,"hard line, slow give",time-based,second,2,0.5136317604069089,1.0,1.513631760406909
panel,Laptop,Agent360V2,v2,MiCRONegotiator,MiCRO (Genius-style),genius-style,first,2,0.7715533992081257,1.0,1.7715533992081256
panel,Laptop,Agent360V2,v2,MiCRONegotiator,MiCRO (Genius-style),genius-style,second,2,0.6685754732133643,1.0,1.6685754732133642
panel,Laptop,Agent360V2,v2,TimeBasedNegotiator,generic time-based,time-based,first,2,0.5775524426410947,0.5,1.0775524426410947
panel,Laptop,Agent360V2,v2,TimeBasedNegotiator,generic time-based,time-based,second,2,0.5136317604069089,1.0,1.513631760406909
panel,Laptop,Agent360V2,v2,AspirationNegotiator,aspiration-based,time-based,first,2,0.5775524426410947,0.5,1.0775524426410947
panel,Laptop,Agent360V2,v2,AspirationNegotiator,aspiration-based,time-based,second,2,0.5136317604069089,1.0,1.513631760406909
panel,Laptop,Agent360V2,v2,HybridNegotiator,hybrid time + utility,hybrid,first,2,0.5775524426410947,1.0,1.5775524426410947
panel,Laptop,Agent360V2,v2,HybridNegotiator,hybrid time + utility,hybrid,second,2,0.6793440238002268,1.0,1.6793440238002268
panel,Laptop,Agent360V2,v2,RandomNegotiator,random rational offers,baseline,first,2,0.7153019885410381,0.5,1.215301988541038
panel,Laptop,Agent360V2,v2,RandomNegotiator,random rational offers,baseline,second,2,0.6325698107146543,1.0,1.6325698107146542
panel,Laptop,Agent360V2,v2,FirstOfferOrientedTBNegotiator,anchors on first offer,oriented,first,2,0.5775524426410947,1.0,1.5775524426410947
panel,Laptop,Agent360V2,v2,FirstOfferOrientedTBNegotiator,anchors on first offer,oriented,second,2,0.5136317604069089,1.0,1.513631760406909
panel,Laptop,Agent360V2,v2,LastOfferOrientedTBNegotiator,follows last offer,oriented,first,2,0.5775524426410947,1.0,1.5775524426410947
panel,Laptop,Agent360V2,v2,LastOfferOrientedTBNegotiator,follows last offer,oriented,second,2,0.5136317604069089,1.0,1.513631760406909
panel,Laptop,Agent360V2,v2,BestOfferOrientedTBNegotiator,tracks best offer seen,oriented,first,2,0.5775524426410947,1.0,1.5775524426410947
panel,Laptop,Agent360V2,v2,BestOfferOrientedTBNegotiator,tracks best offer seen,oriented,second,2,0.5136317604069089,1.0,1.513631760406909
panel,NiceOrDie,Agent360,gradient,SimpleNegotiator,reverse-ufun + time concede,example,first,2,0.1654761904761905,0.5,0.6654761904761906
panel,NiceOrDie,Agent360,gradient,SimpleNegotiator,reverse-ufun + time concede,example,second,2,0.1654761904761905,0.5,0.6654761904761906
panel,NiceOrDie,Agent360,gradient,BOANeg,BOA: time offer + Smith + ACNext,example,first,2,0.1654761904761905,0.55,0.7154761904761905
panel,NiceOrDie,Agent360,gradient,BOANeg,BOA: time offer + Smith + ACNext,example,second,2,0.1654761904761905,0.5,0.6654761904761906
panel,NiceOrDie,Agent360,gradient,MAPNeg,"MAP: same stack, acceptance_first",example,first,2,0.1654761904761905,0.55,0.7154761904761905
panel,NiceOrDie,Agent360,gradient,MAPNeg,"MAP: same stack, acceptance_first",example,second,2,0.1654761904761905,0.5,0.6654761904761906
panel,NiceOrDie,Agent360,gradient,BoulwareTBNegotiator,slow concession (Boulware),time-based,first,2,0.1654761904761905,1.0,1.1654761904761906
panel,NiceOrDie,Agent360,gradient,BoulwareTBNegotiator,slow concession (Boulware),time-based,second,2,0.1654761904761905,1.0,1.1654761904761906
panel,NiceOrDie,Agent360,gradient,ConcederTBNegotiator,fast concession,time-based,first,2,0.1654761904761905,1.0,1.1654761904761906
panel,NiceOrDie,Agent360,gradient,ConcederTBNegotiator,fast concession,time-based,second,2,0.1654761904761905,1.0,1.1654761904761906
panel,NiceOrDie,Agent360,gradient,LinearTBNegotiator,linear time concession,time-based,first,2,0.1654761904761905,1.0,1.1654761904761906
panel,NiceOrDie,Agent360,gradient,LinearTBNegotiator,linear time concession,time-based,second,2,0.1654761904761905,1.0,1.1654761904761906
panel,NiceOrDie,Agent360,gradient,ToughNegotiator,"hard line, slow give",time-based,first,2,0.0,1.0,1.0
panel,NiceOrDie,Agent360,gradient,ToughNegotiator,"hard line, slow give",time-based,second,2,0.0,1.0,1.0
panel,NiceOrDie,Agent360,gradient,MiCRONegotiator,MiCRO (Genius-style),genius-style,first,2,0.1654761904761905,1.0,1.1654761904761906
panel,NiceOrDie,Agent360,gradient,MiCRONegotiator,MiCRO (Genius-style),genius-style,second,2,0.1654761904761905,1.0,1.1654761904761906
panel,NiceOrDie,Agent360,gradient,TimeBasedNegotiator,generic time-based,time-based,first,2,0.1654761904761905,1.0,1.1654761904761906
panel,NiceOrDie,Agent360,gradient,TimeBasedNegotiator,generic time-based,time-based,second,2,0.1654761904761905,1.0,1.1654761904761906
panel,NiceOrDie,Agent360,gradient,AspirationNegotiator,aspiration-based,time-based,first,2,0.1654761904761905,1.0,1.1654761904761906
panel,NiceOrDie,Agent360,gradient,AspirationNegotiator,aspiration-based,time-based,second,2,0.1654761904761905,1.0,1.1654761904761906
panel,NiceOrDie,Agent360,gradient,HybridNegotiator,hybrid time + utility,hybrid,first,2,0.0,1.0,1.0
panel,NiceOrDie,Agent360,gradient,HybridNegotiator,hybrid time + utility,hybrid,second,2,0.0,1.0,1.0
panel,NiceOrDie,Agent360,gradient,RandomNegotiator,random rational offers,baseline,first,2,1.0,1.0,2.0
panel,NiceOrDie,Agent360,gradient,RandomNegotiator,random rational offers,baseline,second,2,0.1654761904761905,1.0,1.1654761904761906
panel,NiceOrDie,Agent360,gradient,FirstOfferOrientedTBNegotiator,anchors on first offer,oriented,first,2,0.1654761904761905,1.0,1.1654761904761906
panel,NiceOrDie,Agent360,gradient,FirstOfferOrientedTBNegotiator,anchors on first offer,oriented,second,2,0.1654761904761905,1.0,1.1654761904761906
panel,NiceOrDie,Agent360,gradient,LastOfferOrientedTBNegotiator,follows last offer,oriented,first,2,0.1654761904761905,1.0,1.1654761904761906
panel,NiceOrDie,Agent360,gradient,LastOfferOrientedTBNegotiator,follows last offer,oriented,second,2,0.1654761904761905,1.0,1.1654761904761906
panel,NiceOrDie,Agent360,gradient,BestOfferOrientedTBNegotiator,tracks best offer seen,oriented,first,2,0.1654761904761905,1.0,1.1654761904761906
panel,NiceOrDie,Agent360,gradient,BestOfferOrientedTBNegotiator,tracks best offer seen,oriented,second,2,0.1654761904761905,1.0,1.1654761904761906
panel,NiceOrDie,Agent360Full,full,SimpleNegotiator,reverse-ufun + time concede,example,first,2,0.1654761904761905,0.5,0.6654761904761906
panel,NiceOrDie,Agent360Full,full,SimpleNegotiator,reverse-ufun + time concede,example,second,2,0.1654761904761905,0.5,0.6654761904761906
panel,NiceOrDie,Agent360Full,full,BOANeg,BOA: time offer + Smith + ACNext,example,first,2,0.1654761904761905,0.5,0.6654761904761906
panel,NiceOrDie,Agent360Full,full,BOANeg,BOA: time offer + Smith + ACNext,example,second,2,0.1654761904761905,0.5,0.6654761904761906
panel,NiceOrDie,Agent360Full,full,MAPNeg,"MAP: same stack, acceptance_first",example,first,2,0.1654761904761905,0.5,0.6654761904761906
panel,NiceOrDie,Agent360Full,full,MAPNeg,"MAP: same stack, acceptance_first",example,second,2,0.1654761904761905,0.5,0.6654761904761906
panel,NiceOrDie,Agent360Full,full,BoulwareTBNegotiator,slow concession (Boulware),time-based,first,2,0.1654761904761905,1.0,1.1654761904761906
panel,NiceOrDie,Agent360Full,full,BoulwareTBNegotiator,slow concession (Boulware),time-based,second,2,0.1654761904761905,1.0,1.1654761904761906
panel,NiceOrDie,Agent360Full,full,ConcederTBNegotiator,fast concession,time-based,first,2,0.1654761904761905,1.0,1.1654761904761906
panel,NiceOrDie,Agent360Full,full,ConcederTBNegotiator,fast concession,time-based,second,2,0.1654761904761905,1.0,1.1654761904761906
panel,NiceOrDie,Agent360Full,full,LinearTBNegotiator,linear time concession,time-based,first,2,0.1654761904761905,1.0,1.1654761904761906
panel,NiceOrDie,Agent360Full,full,LinearTBNegotiator,linear time concession,time-based,second,2,0.1654761904761905,1.0,1.1654761904761906
panel,NiceOrDie,Agent360Full,full,ToughNegotiator,"hard line, slow give",time-based,first,2,0.0,1.0,1.0
panel,NiceOrDie,Agent360Full,full,ToughNegotiator,"hard line, slow give",time-based,second,2,0.0,1.0,1.0
panel,NiceOrDie,Agent360Full,full,MiCRONegotiator,MiCRO (Genius-style),genius-style,first,2,0.1654761904761905,1.0,1.1654761904761906
panel,NiceOrDie,Agent360Full,full,MiCRONegotiator,MiCRO (Genius-style),genius-style,second,2,0.1654761904761905,1.0,1.1654761904761906
panel,NiceOrDie,Agent360Full,full,TimeBasedNegotiator,generic time-based,time-based,first,2,0.1654761904761905,1.0,1.1654761904761906
panel,NiceOrDie,Agent360Full,full,TimeBasedNegotiator,generic time-based,time-based,second,2,0.1654761904761905,1.0,1.1654761904761906
panel,NiceOrDie,Agent360Full,full,AspirationNegotiator,aspiration-based,time-based,first,2,0.1654761904761905,1.0,1.1654761904761906
panel,NiceOrDie,Agent360Full,full,AspirationNegotiator,aspiration-based,time-based,second,2,0.1654761904761905,1.0,1.1654761904761906
panel,NiceOrDie,Agent360Full,full,HybridNegotiator,hybrid time + utility,hybrid,first,2,0.0,1.0,1.0
panel,NiceOrDie,Agent360Full,full,HybridNegotiator,hybrid time + utility,hybrid,second,2,0.0,1.0,1.0
panel,NiceOrDie,Agent360Full,full,RandomNegotiator,random rational offers,baseline,first,2,1.0,1.0,2.0
panel,NiceOrDie,Agent360Full,full,RandomNegotiator,random rational offers,baseline,second,2,1.0,1.0,2.0
panel,NiceOrDie,Agent360Full,full,FirstOfferOrientedTBNegotiator,anchors on first offer,oriented,first,2,0.1654761904761905,1.0,1.1654761904761906
panel,NiceOrDie,Agent360Full,full,FirstOfferOrientedTBNegotiator,anchors on first offer,oriented,second,2,0.1654761904761905,1.0,1.1654761904761906
panel,NiceOrDie,Agent360Full,full,LastOfferOrientedTBNegotiator,follows last offer,oriented,first,2,0.1654761904761905,1.0,1.1654761904761906
panel,NiceOrDie,Agent360Full,full,LastOfferOrientedTBNegotiator,follows last offer,oriented,second,2,0.1654761904761905,1.0,1.1654761904761906
panel,NiceOrDie,Agent360Full,full,BestOfferOrientedTBNegotiator,tracks best offer seen,oriented,first,2,0.1654761904761905,1.0,1.1654761904761906
panel,NiceOrDie,Agent360Full,full,BestOfferOrientedTBNegotiator,tracks best offer seen,oriented,second,2,0.1654761904761905,1.0,1.1654761904761906
panel,NiceOrDie,Agent360Reverse,reverse,SimpleNegotiator,reverse-ufun + time concede,example,first,2,0.1654761904761905,0.5,0.6654761904761906
panel,NiceOrDie,Agent360Reverse,reverse,SimpleNegotiator,reverse-ufun + time concede,example,second,2,0.1654761904761905,0.5,0.6654761904761906
panel,NiceOrDie,Agent360Reverse,reverse,BOANeg,BOA: time offer + Smith + ACNext,example,first,2,0.1654761904761905,0.5,0.6654761904761906
panel,NiceOrDie,Agent360Reverse,reverse,BOANeg,BOA: time offer + Smith + ACNext,example,second,2,0.1654761904761905,0.5,0.6654761904761906
panel,NiceOrDie,Agent360Reverse,reverse,MAPNeg,"MAP: same stack, acceptance_first",example,first,2,0.1654761904761905,0.5,0.6654761904761906
panel,NiceOrDie,Agent360Reverse,reverse,MAPNeg,"MAP: same stack, acceptance_first",example,second,2,0.1654761904761905,0.5,0.6654761904761906
panel,NiceOrDie,Agent360Reverse,reverse,BoulwareTBNegotiator,slow concession (Boulware),time-based,first,2,0.1654761904761905,1.0,1.1654761904761906
panel,NiceOrDie,Agent360Reverse,reverse,BoulwareTBNegotiator,slow concession (Boulware),time-based,second,2,0.1654761904761905,1.0,1.1654761904761906
panel,NiceOrDie,Agent360Reverse,reverse,ConcederTBNegotiator,fast concession,time-based,first,2,0.1654761904761905,1.0,1.1654761904761906
panel,NiceOrDie,Agent360Reverse,reverse,ConcederTBNegotiator,fast concession,time-based,second,2,0.1654761904761905,1.0,1.1654761904761906
panel,NiceOrDie,Agent360Reverse,reverse,LinearTBNegotiator,linear time concession,time-based,first,2,0.1654761904761905,1.0,1.1654761904761906
panel,NiceOrDie,Agent360Reverse,reverse,LinearTBNegotiator,linear time concession,time-based,second,2,0.1654761904761905,1.0,1.1654761904761906
panel,NiceOrDie,Agent360Reverse,reverse,ToughNegotiator,"hard line, slow give",time-based,first,2,0.0,1.0,1.0
panel,NiceOrDie,Agent360Reverse,reverse,ToughNegotiator,"hard line, slow give",time-based,second,2,0.0,1.0,1.0
panel,NiceOrDie,Agent360Reverse,reverse,MiCRONegotiator,MiCRO (Genius-style),genius-style,first,2,0.5827380952380953,1.0,1.5827380952380952
panel,NiceOrDie,Agent360Reverse,reverse,MiCRONegotiator,MiCRO (Genius-style),genius-style,second,2,0.1654761904761905,1.0,1.1654761904761906
panel,NiceOrDie,Agent360Reverse,reverse,TimeBasedNegotiator,generic time-based,time-based,first,2,0.1654761904761905,1.0,1.1654761904761906
panel,NiceOrDie,Agent360Reverse,reverse,TimeBasedNegotiator,generic time-based,time-based,second,2,0.1654761904761905,1.0,1.1654761904761906
panel,NiceOrDie,Agent360Reverse,reverse,AspirationNegotiator,aspiration-based,time-based,first,2,0.1654761904761905,1.0,1.1654761904761906
panel,NiceOrDie,Agent360Reverse,reverse,AspirationNegotiator,aspiration-based,time-based,second,2,0.1654761904761905,1.0,1.1654761904761906
panel,NiceOrDie,Agent360Reverse,reverse,HybridNegotiator,hybrid time + utility,hybrid,first,2,0.0,1.0,1.0
panel,NiceOrDie,Agent360Reverse,reverse,HybridNegotiator,hybrid time + utility,hybrid,second,2,0.0,1.0,1.0
panel,NiceOrDie,Agent360Reverse,reverse,RandomNegotiator,random rational offers,baseline,first,2,1.0,1.0,2.0
panel,NiceOrDie,Agent360Reverse,reverse,RandomNegotiator,random rational offers,baseline,second,2,0.5827380952380953,1.0,1.5827380952380952
panel,NiceOrDie,Agent360Reverse,reverse,FirstOfferOrientedTBNegotiator,anchors on first offer,oriented,first,2,0.1654761904761905,1.0,1.1654761904761906
panel,NiceOrDie,Agent360Reverse,reverse,FirstOfferOrientedTBNegotiator,anchors on first offer,oriented,second,2,0.1654761904761905,1.0,1.1654761904761906
panel,NiceOrDie,Agent360Reverse,reverse,LastOfferOrientedTBNegotiator,follows last offer,oriented,first,2,0.1654761904761905,1.0,1.1654761904761906
panel,NiceOrDie,Agent360Reverse,reverse,LastOfferOrientedTBNegotiator,follows last offer,oriented,second,2,0.1654761904761905,1.0,1.1654761904761906
panel,NiceOrDie,Agent360Reverse,reverse,BestOfferOrientedTBNegotiator,tracks best offer seen,oriented,first,2,0.1654761904761905,1.0,1.1654761904761906
panel,NiceOrDie,Agent360Reverse,reverse,BestOfferOrientedTBNegotiator,tracks best offer seen,oriented,second,2,0.1654761904761905,1.0,1.1654761904761906
panel,NiceOrDie,Agent360V2,v2,SimpleNegotiator,reverse-ufun + time concede,example,first,2,0.1654761904761905,0.5,0.6654761904761906
panel,NiceOrDie,Agent360V2,v2,SimpleNegotiator,reverse-ufun + time concede,example,second,2,0.1654761904761905,0.5,0.6654761904761906
panel,NiceOrDie,Agent360V2,v2,BOANeg,BOA: time offer + Smith + ACNext,example,first,2,0.1654761904761905,0.5,0.6654761904761906
panel,NiceOrDie,Agent360V2,v2,BOANeg,BOA: time offer + Smith + ACNext,example,second,2,0.1654761904761905,0.5120204102886728,0.6774966007648634
panel,NiceOrDie,Agent360V2,v2,MAPNeg,"MAP: same stack, acceptance_first",example,first,2,0.1654761904761905,0.5,0.6654761904761906
panel,NiceOrDie,Agent360V2,v2,MAPNeg,"MAP: same stack, acceptance_first",example,second,2,0.1654761904761905,0.5120204102886728,0.6774966007648634
panel,NiceOrDie,Agent360V2,v2,BoulwareTBNegotiator,slow concession (Boulware),time-based,first,2,0.1654761904761905,1.0,1.1654761904761906
panel,NiceOrDie,Agent360V2,v2,BoulwareTBNegotiator,slow concession (Boulware),time-based,second,2,0.1654761904761905,1.0,1.1654761904761906
panel,NiceOrDie,Agent360V2,v2,ConcederTBNegotiator,fast concession,time-based,first,2,0.1654761904761905,1.0,1.1654761904761906
panel,NiceOrDie,Agent360V2,v2,ConcederTBNegotiator,fast concession,time-based,second,2,0.1654761904761905,1.0,1.1654761904761906
panel,NiceOrDie,Agent360V2,v2,LinearTBNegotiator,linear time concession,time-based,first,2,0.1654761904761905,1.0,1.1654761904761906
panel,NiceOrDie,Agent360V2,v2,LinearTBNegotiator,linear time concession,time-based,second,2,0.1654761904761905,1.0,1.1654761904761906
panel,NiceOrDie,Agent360V2,v2,ToughNegotiator,"hard line, slow give",time-based,first,2,0.0,1.0,1.0
panel,NiceOrDie,Agent360V2,v2,ToughNegotiator,"hard line, slow give",time-based,second,2,0.0,1.0,1.0
panel,NiceOrDie,Agent360V2,v2,MiCRONegotiator,MiCRO (Genius-style),genius-style,first,2,0.1654761904761905,1.0,1.1654761904761906
panel,NiceOrDie,Agent360V2,v2,MiCRONegotiator,MiCRO (Genius-style),genius-style,second,2,0.1654761904761905,1.0,1.1654761904761906
panel,NiceOrDie,Agent360V2,v2,TimeBasedNegotiator,generic time-based,time-based,first,2,0.1654761904761905,1.0,1.1654761904761906
panel,NiceOrDie,Agent360V2,v2,TimeBasedNegotiator,generic time-based,time-based,second,2,0.1654761904761905,1.0,1.1654761904761906
panel,NiceOrDie,Agent360V2,v2,AspirationNegotiator,aspiration-based,time-based,first,2,0.1654761904761905,1.0,1.1654761904761906
panel,NiceOrDie,Agent360V2,v2,AspirationNegotiator,aspiration-based,time-based,second,2,0.1654761904761905,1.0,1.1654761904761906
panel,NiceOrDie,Agent360V2,v2,HybridNegotiator,hybrid time + utility,hybrid,first,2,0.0,1.0,1.0
panel,NiceOrDie,Agent360V2,v2,HybridNegotiator,hybrid time + utility,hybrid,second,2,0.0,1.0,1.0
panel,NiceOrDie,Agent360V2,v2,RandomNegotiator,random rational offers,baseline,first,2,0.1654761904761905,1.0,1.1654761904761906
panel,NiceOrDie,Agent360V2,v2,RandomNegotiator,random rational offers,baseline,second,2,1.0,1.0,2.0
panel,NiceOrDie,Agent360V2,v2,FirstOfferOrientedTBNegotiator,anchors on first offer,oriented,first,2,0.1654761904761905,1.0,1.1654761904761906
panel,NiceOrDie,Agent360V2,v2,FirstOfferOrientedTBNegotiator,anchors on first offer,oriented,second,2,0.1654761904761905,1.0,1.1654761904761906
panel,NiceOrDie,Agent360V2,v2,LastOfferOrientedTBNegotiator,follows last offer,oriented,first,2,0.1654761904761905,1.0,1.1654761904761906
panel,NiceOrDie,Agent360V2,v2,LastOfferOrientedTBNegotiator,follows last offer,oriented,second,2,0.1654761904761905,1.0,1.1654761904761906
panel,NiceOrDie,Agent360V2,v2,BestOfferOrientedTBNegotiator,tracks best offer seen,oriented,first,2,0.1654761904761905,1.0,1.1654761904761906
panel,NiceOrDie,Agent360V2,v2,BestOfferOrientedTBNegotiator,tracks best offer seen,oriented,second,2,0.1654761904761905,1.0,1.1654761904761906
head_to_head,Amsterdam,Agent360,gradient,Agent360Full,full,decoy,first,2,0.6431226765799256,0.4335661893958852,1.076688865975811
head_to_head,Amsterdam,Agent360Full,full,Agent360,gradient,decoy,second,2,0.5256849315068493,0.5664338106041149,1.0921187421109642
head_to_head,Amsterdam,Agent360,gradient,Agent360Full,full,decoy,second,2,0.583904109589041,0.4328853668706719,1.016789476459713
head_to_head,Amsterdam,Agent360Full,full,Agent360,gradient,decoy,first,2,0.5371747211895911,0.567114633129328,1.104289354318919
head_to_head,Amsterdam,Agent360,gradient,Agent360Reverse,reverse,decoy,first,2,0.6933085501858736,0.4876077741363458,1.1809163243222196
head_to_head,Amsterdam,Agent360Reverse,reverse,Agent360,gradient,decoy,second,2,0.8116438356164384,0.5123922258636542,1.3240360614800923
head_to_head,Amsterdam,Agent360,gradient,Agent360Reverse,reverse,decoy,second,2,0.6438356164383561,0.542392681515141,1.1862282979534973
head_to_head,Amsterdam,Agent360Reverse,reverse,Agent360,gradient,decoy,first,2,0.8661710037174721,0.4576073184848589,1.323778322202331
head_to_head,Amsterdam,Agent360,gradient,Agent360V2,v2,decoy,first,2,0.550185873605948,0.4148415220764593,0.9650273956824071
head_to_head,Amsterdam,Agent360V2,v2,Agent360,gradient,decoy,second,2,0.6181506849315068,0.5851584779235408,1.2033091628550476
head_to_head,Amsterdam,Agent360,gradient,Agent360V2,v2,decoy,second,2,0.7414383561643836,0.4404675476344434,1.1819059037988269
head_to_head,Amsterdam,Agent360V2,v2,Agent360,gradient,decoy,first,2,0.7342007434944238,0.5595324523655565,1.2937331958599803
head_to_head,Amsterdam,Agent360Full,full,Agent360Reverse,reverse,decoy,first,2,0.5185873605947955,0.6154047262721503,1.1339920868669457
head_to_head,Amsterdam,Agent360Reverse,reverse,Agent360Full,full,decoy,second,2,0.9126712328767124,0.38459527372784985,1.2972665066045623
head_to_head,Amsterdam,Agent360Full,full,Agent360Reverse,reverse,decoy,second,2,0.6044520547945205,0.8100379569118673,1.4144900117063877
head_to_head,Amsterdam,Agent360Reverse,reverse,Agent360Full,full,decoy,first,2,0.9107806691449813,0.18996204308813272,1.1007427122331142
head_to_head,Amsterdam,Agent360Full,full,Agent360V2,v2,decoy,first,2,0.516728624535316,0.49168541318987463,1.0084140377251907
head_to_head,Amsterdam,Agent360V2,v2,Agent360Full,full,decoy,second,2,0.5616438356164383,0.5083145868101253,1.0699584224265637
head_to_head,Amsterdam,Agent360Full,full,Agent360V2,v2,decoy,second,2,0.5547945205479452,0.47934363287965553,1.0341381534276006
head_to_head,Amsterdam,Agent360V2,v2,Agent360Full,full,decoy,first,2,0.6226765799256506,0.5206563671203446,1.1433329470459952
head_to_head,Amsterdam,Agent360Reverse,reverse,Agent360V2,v2,decoy,first,2,0.8661710037174721,0.35926400492172395,1.225435008639196
head_to_head,Amsterdam,Agent360V2,v2,Agent360Reverse,reverse,decoy,second,2,0.6438356164383561,0.640735995078276,1.2845716115166321
head_to_head,Amsterdam,Agent360Reverse,reverse,Agent360V2,v2,decoy,second,2,0.9246575342465754,0.3749395356792391,1.2995970699258144
head_to_head,Amsterdam,Agent360V2,v2,Agent360Reverse,reverse,decoy,first,2,0.5817843866171004,0.6250604643207609,1.2068448509378613
head_to_head,Camera,Agent360,gradient,Agent360Full,full,decoy,first,2,0.6574650732199967,0.4778906064151872,1.1353556796351838
head_to_head,Camera,Agent360Full,full,Agent360,gradient,decoy,second,2,0.5597350662334417,0.5221093935848129,1.0818444598182544
head_to_head,Camera,Agent360,gradient,Agent360Full,full,decoy,second,2,0.6279680079980006,0.7081501357153902,1.3361181437133907
head_to_head,Camera,Agent360Full,full,Agent360,gradient,decoy,first,2,0.5086685743140884,0.2918498642846097,0.8005184385986981
head_to_head,Camera,Agent360,gradient,Agent360Reverse,reverse,decoy,first,2,0.6570442686416428,0.5112779189654442,1.168322187607087
head_to_head,Camera,Agent360Reverse,reverse,Agent360,gradient,decoy,second,2,0.8600349912521871,0.48872208103455583,1.3487570722867428
head_to_head,Camera,Agent360,gradient,Agent360Reverse,reverse,decoy,second,2,0.5872281929517622,0.55175234393941,1.138980536891172
head_to_head,Camera,Agent360Reverse,reverse,Agent360,gradient,decoy,first,2,0.8871402120855075,0.44824765606059,1.3353878681460976
head_to_head,Camera,Agent360,gradient,Agent360V2,v2,decoy,first,2,0.6026763171183303,0.22615845021328732,0.8288347673316177
head_to_head,Camera,Agent360V2,v2,Agent360,gradient,decoy,second,2,0.5042489377655587,0.7738415497867127,1.2780904875522714
head_to_head,Camera,Agent360,gradient,Agent360V2,v2,decoy,second,2,0.5211197200699825,0.4757921696086441,0.9969118896786267
head_to_head,Camera,Agent360V2,v2,Agent360,gradient,decoy,first,2,0.4972226897828648,0.5242078303913559,1.0214305201742206
head_to_head,Camera,Agent360Full,full,Agent360Reverse,reverse,decoy,first,2,0.6496381080626157,0.5772795087172281,1.226917616779844
head_to_head,Camera,Agent360Reverse,reverse,Agent360Full,full,decoy,second,2,0.8345413646588353,0.422720491282772,1.2572618559416073
head_to_head,Camera,Agent360Full,full,Agent360Reverse,reverse,decoy,second,2,0.5568607848037992,0.786624699322233,1.3434854841260322
head_to_head,Camera,Agent360Reverse,reverse,Agent360Full,full,decoy,first,2,0.8868035684228246,0.21337530067776694,1.1001788691005916
head_to_head,Camera,Agent360Full,full,Agent360V2,v2,decoy,first,2,0.5019357010604275,0.26802847116910594,0.7699641722295335
head_to_head,Camera,Agent360V2,v2,Agent360Full,full,decoy,second,2,0.5968507873031742,0.7319715288308941,1.3288223161340684
head_to_head,Camera,Agent360Full,full,Agent360V2,v2,decoy,second,2,0.5666083479130217,0.7317003536347836,1.2983087015478054
head_to_head,Camera,Agent360V2,v2,Agent360Full,full,decoy,first,2,0.4825786904561521,0.26829964636521636,0.7508783368213684
head_to_head,Camera,Agent360Reverse,reverse,Agent360V2,v2,decoy,first,2,0.9251809459686922,0.2042518822128491,1.1294328281815413
head_to_head,Camera,Agent360V2,v2,Agent360Reverse,reverse,decoy,second,2,0.5883529117720571,0.7957481177871508,1.3841010295592078
head_to_head,Camera,Agent360Reverse,reverse,Agent360V2,v2,decoy,second,2,0.8399150212446889,0.40240251557438866,1.2423175368190775
head_to_head,Camera,Agent360V2,v2,Agent360Reverse,reverse,decoy,first,2,0.6064635583235145,0.5975974844256113,1.2040610427491258
head_to_head,Car,Agent360,gradient,Agent360Full,full,decoy,first,2,0.8801000000000001,0.2856761820979149,1.1657761820979151
head_to_head,Car,Agent360Full,full,Agent360,gradient,decoy,second,2,0.9359,0.7143238179020851,1.6502238179020852
head_to_head,Car,Agent360,gradient,Agent360Full,full,decoy,second,2,0.9159,1.0,1.9159000000000002
head_to_head,Car,Agent360Full,full,Agent360,gradient,decoy,first,2,0.5972500000000001,0.0,0.5972500000000001
head_to_head,Car,Agent360,gradient,Agent360Reverse,reverse,decoy,first,2,0.65285,0.5297539625123311,1.182603962512331
head_to_head,Car,Agent360Reverse,reverse,Agent360,gradient,decoy,second,2,0.9464000000000001,0.470246037487669,1.416646037487669
head_to_head,Car,Agent360,gradient,Agent360Reverse,reverse,decoy,second,2,0.7101000000000002,0.5294030630161822,1.2395030630161823
head_to_head,Car,Agent360Reverse,reverse,Agent360,gradient,decoy,first,2,0.9467500000000001,0.47059693698381777,1.4173469369838179
head_to_head,Car,Agent360,gradient,Agent360V2,v2,decoy,first,2,0.85535,0.2260145042691641,1.0813645042691642
head_to_head,Car,Agent360V2,v2,Agent360,gradient,decoy,second,2,0.9079,0.7739854957308359,1.681885495730836
head_to_head,Car,Agent360,gradient,Agent360V2,v2,decoy,second,2,0.9251,1.0,1.9251
head_to_head,Car,Agent360V2,v2,Agent360,gradient,decoy,first,2,0.77285,0.0,0.77285
head_to_head,Car,Agent360Full,full,Agent360Reverse,reverse,decoy,first,2,0.5626,0.5843132853790328,1.1469132853790327
head_to_head,Car,Agent360Reverse,reverse,Agent360Full,full,decoy,second,2,0.9843999999999999,0.4156867146209673,1.4000867146209672
head_to_head,Car,Agent360Full,full,Agent360Reverse,reverse,decoy,second,2,0.7010000000000001,0.5635904125924085,1.2645904125924083
head_to_head,Car,Agent360Reverse,reverse,Agent360Full,full,decoy,first,2,0.9551500000000002,0.4364095874075915,1.3915595874075917
head_to_head,Car,Agent360Full,full,Agent360V2,v2,decoy,first,2,0.74495,0.26166024887729167,1.006610248877292
head_to_head,Car,Agent360V2,v2,Agent360Full,full,decoy,second,2,0.9344000000000001,0.7383397511227083,1.6727397511227085
head_to_head,Car,Agent360Full,full,Agent360V2,v2,decoy,second,2,0.9424,0.7333163670432127,1.6757163670432127
head_to_head,Car,Agent360V2,v2,Agent360Full,full,decoy,first,2,0.91025,0.2666836329567873,1.1769336329567872
head_to_head,Car,Agent360Reverse,reverse,Agent360V2,v2,decoy,first,2,0.9673500000000002,0.40219245330224324,1.3695424533022433
head_to_head,Car,Agent360V2,v2,Agent360Reverse,reverse,decoy,second,2,0.6208,0.5978075466977568,1.2186075466977568
head_to_head,Car,Agent360Reverse,reverse,Agent360V2,v2,decoy,second,2,0.9763,0.43039015580903706,1.406690155809037
head_to_head,Car,Agent360V2,v2,Agent360Reverse,reverse,decoy,first,2,0.72865,0.5696098441909629,1.298259844190963
head_to_head,Grocery,Agent360,gradient,Agent360Full,full,decoy,first,2,0.6805555555555556,0.25052426520186016,0.9310798207574158
head_to_head,Grocery,Agent360Full,full,Agent360,gradient,decoy,second,2,0.49722222222222223,0.7494757347981399,1.2466979570203622
head_to_head,Grocery,Agent360,gradient,Agent360Full,full,decoy,second,2,0.7388888888888889,0.4875187152506124,1.2264076041395016
head_to_head,Grocery,Agent360Full,full,Agent360,gradient,decoy,first,2,0.7055555555555557,0.5124812847493876,1.218036840304943
head_to_head,Grocery,Agent360,gradient,Agent360Reverse,reverse,decoy,first,2,0.6833333333333335,0.5293902745388466,1.21272360787218
head_to_head,Grocery,Agent360Reverse,reverse,Agent360,gradient,decoy,second,2,0.8944444444444445,0.4706097254611535,1.365054169905598
head_to_head,Grocery,Agent360,gradient,Agent360Reverse,reverse,decoy,second,2,0.6277777777777778,0.561746770580777,1.189524548358555
head_to_head,Grocery,Agent360Reverse,reverse,Agent360,gradient,decoy,first,2,0.8583333333333334,0.4382532294192229,1.2965865627525563
head_to_head,Grocery,Agent360,gradient,Agent360V2,v2,decoy,first,2,0.588888888888889,0.4983806847568153,1.0872695736457043
head_to_head,Grocery,Agent360V2,v2,Agent360,gradient,decoy,second,2,0.5888888888888889,0.5016193152431847,1.0905082041320737
head_to_head,Grocery,Agent360,gradient,Agent360V2,v2,decoy,second,2,0.6472222222222224,0.4657490201727241,1.1129712423949463
head_to_head,Grocery,Agent360V2,v2,Agent360,gradient,decoy,first,2,0.702777777777778,0.5342509798272759,1.2370287576050538
head_to_head,Grocery,Agent360Full,full,Agent360Reverse,reverse,decoy,first,2,0.6611111111111112,0.5615153226524208,1.2226264337635318
head_to_head,Grocery,Agent360Reverse,reverse,Agent360Full,full,decoy,second,2,0.888888888888889,0.43848467734757934,1.327373566236468
head_to_head,Grocery,Agent360Full,full,Agent360Reverse,reverse,decoy,second,2,0.6194444444444445,0.5866444342331723,1.2060888786776167
head_to_head,Grocery,Agent360Reverse,reverse,Agent360Full,full,decoy,first,2,0.8166666666666668,0.41335556576682786,1.2300222324334946
head_to_head,Grocery,Agent360Full,full,Agent360V2,v2,decoy,first,2,0.5444444444444445,0.2757504719997185,0.8201949164441631
head_to_head,Grocery,Agent360V2,v2,Agent360Full,full,decoy,second,2,0.6694444444444445,0.7242495280002815,1.393693972444726
head_to_head,Grocery,Agent360Full,full,Agent360V2,v2,decoy,second,2,0.7527777777777778,0.7717712260923262,1.524549003870104
head_to_head,Grocery,Agent360V2,v2,Agent360Full,full,decoy,first,2,0.48888888888888893,0.22822877390767388,0.7171176627965629
head_to_head,Grocery,Agent360Reverse,reverse,Agent360V2,v2,decoy,first,2,0.8805555555555558,0.42095041947964906,1.3015059750352047
head_to_head,Grocery,Agent360V2,v2,Agent360Reverse,reverse,decoy,second,2,0.7416666666666667,0.579049580520351,1.3207162471870177
head_to_head,Grocery,Agent360Reverse,reverse,Agent360V2,v2,decoy,second,2,0.8861111111111112,0.457260463539361,1.3433715746504722
head_to_head,Grocery,Agent360V2,v2,Agent360Reverse,reverse,decoy,first,2,0.6055555555555556,0.542739536460639,1.1482950920161947
head_to_head,ISBTAcquisition,Agent360,gradient,Agent360Full,full,decoy,first,2,0.6372549019607843,0.0,0.6372549019607843
head_to_head,ISBTAcquisition,Agent360Full,full,Agent360,gradient,decoy,second,2,0.5548780487804877,1.0,1.5548780487804879
head_to_head,ISBTAcquisition,Agent360,gradient,Agent360Full,full,decoy,second,2,0.6036585365853657,0.44386248426039343,1.0475210208457593
head_to_head,ISBTAcquisition,Agent360Full,full,Agent360,gradient,decoy,first,2,0.6797385620915033,0.5561375157396067,1.23587607783111
head_to_head,ISBTAcquisition,Agent360,gradient,Agent360Reverse,reverse,decoy,first,2,0.6666666666666667,0.5068567143660102,1.1735233810326768
head_to_head,ISBTAcquisition,Agent360Reverse,reverse,Agent360,gradient,decoy,second,2,0.8536585365853658,0.4931432856339898,1.3468018222193556
head_to_head,ISBTAcquisition,Agent360,gradient,Agent360Reverse,reverse,decoy,second,2,0.6585365853658536,0.5427352490770243,1.2012718344428779
head_to_head,ISBTAcquisition,Agent360Reverse,reverse,Agent360,gradient,decoy,first,2,0.7941176470588236,0.45726475092297575,1.2513823979817993
head_to_head,ISBTAcquisition,Agent360,gradient,Agent360V2,v2,decoy,first,2,0.7091503267973858,0.19907170551317827,0.9082220323105641
head_to_head,ISBTAcquisition,Agent360V2,v2,Agent360,gradient,decoy,second,2,0.5853658536585364,0.8009282944868217,1.3862941481453581
head_to_head,ISBTAcquisition,Agent360,gradient,Agent360V2,v2,decoy,second,2,0.646341463414634,0.7508597000238106,1.3972011634384445
head_to_head,ISBTAcquisition,Agent360V2,v2,Agent360,gradient,decoy,first,2,0.5686274509803921,0.24914029997618936,0.8177677509565815
head_to_head,ISBTAcquisition,Agent360Full,full,Agent360Reverse,reverse,decoy,first,2,0.5294117647058824,0.2893304038677814,0.8187421685736638
head_to_head,ISBTAcquisition,Agent360Reverse,reverse,Agent360Full,full,decoy,second,2,0.847560975609756,0.7106695961322186,1.5582305717419747
head_to_head,ISBTAcquisition,Agent360Full,full,Agent360Reverse,reverse,decoy,second,2,0.646341463414634,1.0,1.646341463414634
head_to_head,ISBTAcquisition,Agent360Reverse,reverse,Agent360Full,full,decoy,first,2,0.8496732026143791,0.0,0.8496732026143791
head_to_head,ISBTAcquisition,Agent360Full,full,Agent360V2,v2,decoy,first,2,0.6928104575163399,0.2457643805660199,0.9385748380823598
head_to_head,ISBTAcquisition,Agent360V2,v2,Agent360Full,full,decoy,second,2,0.6585365853658536,0.7542356194339801,1.4127722047998337
head_to_head,ISBTAcquisition,Agent360Full,full,Agent360V2,v2,decoy,second,2,0.6585365853658536,0.498988649956107,1.1575252353219607
head_to_head,ISBTAcquisition,Agent360V2,v2,Agent360Full,full,decoy,first,2,0.6928104575163399,0.5010113500438931,1.193821807560233
head_to_head,ISBTAcquisition,Agent360Reverse,reverse,Agent360V2,v2,decoy,first,2,0.9215686274509803,0.1964854589008271,1.1180540863518074
head_to_head,ISBTAcquisition,Agent360V2,v2,Agent360Reverse,reverse,decoy,second,2,0.6158536585365852,0.8035145410991729,1.419368199635758
head_to_head,ISBTAcquisition,Agent360Reverse,reverse,Agent360V2,v2,decoy,second,2,0.8475609756097561,0.6891804429329251,1.536741418542681
head_to_head,ISBTAcquisition,Agent360V2,v2,Agent360Reverse,reverse,decoy,first,2,0.5751633986928104,0.3108195570670749,0.8859829557598854
head_to_head,Laptop,Agent360,gradient,Agent360Full,full,decoy,first,2,0.680856344316195,0.23117761860112734,0.9120339629173224
head_to_head,Laptop,Agent360Full,full,Agent360,gradient,decoy,second,2,0.8255427734709198,0.7688223813988726,1.5943651548697924
head_to_head,Laptop,Agent360,gradient,Agent360Full,full,decoy,second,2,0.7373023664808296,0.4674800225558432,1.204782389036673
head_to_head,Laptop,Agent360Full,full,Agent360,gradient,decoy,first,2,0.6980791664286166,0.5325199774441568,1.2305991438727735
head_to_head,Laptop,Agent360,gradient,Agent360Reverse,reverse,decoy,first,2,0.5775524426410947,0.23116864450742866,0.8087210871485234
head_to_head,Laptop,Agent360Reverse,reverse,Agent360,gradient,decoy,second,2,1.0,0.7688313554925713,1.7688313554925714
head_to_head,Laptop,Agent360,gradient,Agent360Reverse,reverse,decoy,second,2,0.5136317604069089,0.7718257575593321,1.285457517966241
head_to_head,Laptop,Agent360Reverse,reverse,Agent360,gradient,decoy,first,2,0.9999999999999999,0.22817424244066792,1.2281742424406679
head_to_head,Laptop,Agent360,gradient,Agent360V2,v2,decoy,first,2,0.7153019885410382,0.49845910161132834,1.2137610901523666
head_to_head,Laptop,Agent360V2,v2,Agent360,gradient,decoy,second,2,0.5905214183228646,0.5015408983886717,1.0920623167115364
head_to_head,Laptop,Agent360,gradient,Agent360V2,v2,decoy,second,2,0.9609729725547502,0.7257311383257214,1.6867041108804717
head_to_head,Laptop,Agent360V2,v2,Agent360,gradient,decoy,first,2,0.5322039151951294,0.2742688616742785,0.8064727768694079
head_to_head,Laptop,Agent360Full,full,Agent360Reverse,reverse,decoy,first,2,0.5322039151951294,0.28299782625798153,0.815201741453111
head_to_head,Laptop,Agent360Reverse,reverse,Agent360Full,full,decoy,second,2,0.9609729725547502,0.7170021737420185,1.6779751462967687
head_to_head,Laptop,Agent360Full,full,Agent360Reverse,reverse,decoy,second,2,0.5136317604069089,0.7991015716312488,1.312733332038158
head_to_head,Laptop,Agent360Reverse,reverse,Agent360Full,full,decoy,first,2,0.9999999999999999,0.20089842836875113,1.200898428368751
head_to_head,Laptop,Agent360Full,full,Agent360V2,v2,decoy,first,2,0.6808563443161951,0.27682978311567075,0.9576861274318658
head_to_head,Laptop,Agent360V2,v2,Agent360Full,full,decoy,second,2,0.7670022323030451,0.7231702168843293,1.4901724491873742
head_to_head,Laptop,Agent360Full,full,Agent360V2,v2,decoy,second,2,0.78651574602567,0.5038722818621618,1.2903880278878317
head_to_head,Laptop,Agent360V2,v2,Agent360Full,full,decoy,first,2,0.6355078168702297,0.4961277181378382,1.131635535008068
head_to_head,Laptop,Agent360Reverse,reverse,Agent360V2,v2,decoy,first,2,0.9999999999999999,0.20018149493511514,1.200181494935115
head_to_head,Laptop,Agent360V2,v2,Agent360Reverse,reverse,decoy,second,2,0.5136317604069089,0.7998185050648849,1.3134502654717939
head_to_head,Laptop,Agent360Reverse,reverse,Agent360V2,v2,decoy,second,2,0.9609729725547502,0.7078435910084128,1.6688165635631629
head_to_head,Laptop,Agent360V2,v2,Agent360Reverse,reverse,decoy,first,2,0.5322039151951294,0.2921564089915873,0.8243603241867167
head_to_head,NiceOrDie,Agent360,gradient,Agent360Full,full,decoy,first,2,0.1654761904761905,0.0,0.1654761904761905
head_to_head,NiceOrDie,Agent360Full,full,Agent360,gradient,decoy,second,2,0.1654761904761905,1.0,1.1654761904761906
head_to_head,NiceOrDie,Agent360,gradient,Agent360Full,full,decoy,second,2,0.1654761904761905,1.0,1.1654761904761906
head_to_head,NiceOrDie,Agent360Full,full,Agent360,gradient,decoy,first,2,0.1654761904761905,0.0,0.1654761904761905
head_to_head,NiceOrDie,Agent360,gradient,Agent360Reverse,reverse,decoy,first,2,0.1654761904761905,0.3224744871391589,0.4879506776153494
head_to_head,NiceOrDie,Agent360Reverse,reverse,Agent360,gradient,decoy,second,2,0.1654761904761905,0.6775255128608411,0.8430017033370316
head_to_head,NiceOrDie,Agent360,gradient,Agent360Reverse,reverse,decoy,second,2,0.1654761904761905,1.0,1.1654761904761906
head_to_head,NiceOrDie,Agent360Reverse,reverse,Agent360,gradient,decoy,first,2,0.1654761904761905,0.0,0.1654761904761905
head_to_head,NiceOrDie,Agent360,gradient,Agent360V2,v2,decoy,first,2,0.1654761904761905,0.0,0.1654761904761905
head_to_head,NiceOrDie,Agent360V2,v2,Agent360,gradient,decoy,second,2,0.1654761904761905,1.0,1.1654761904761906
head_to_head,NiceOrDie,Agent360,gradient,Agent360V2,v2,decoy,second,2,0.1654761904761905,1.0,1.1654761904761906
head_to_head,NiceOrDie,Agent360V2,v2,Agent360,gradient,decoy,first,2,0.1654761904761905,0.0,0.1654761904761905
head_to_head,NiceOrDie,Agent360Full,full,Agent360Reverse,reverse,decoy,first,2,0.1654761904761905,0.3224744871391589,0.4879506776153494
head_to_head,NiceOrDie,Agent360Reverse,reverse,Agent360Full,full,decoy,second,2,0.1654761904761905,0.6775255128608411,0.8430017033370316
head_to_head,NiceOrDie,Agent360Full,full,Agent360Reverse,reverse,decoy,second,2,0.1654761904761905,0.8224744871391589,0.9879506776153494
head_to_head,NiceOrDie,Agent360Reverse,reverse,Agent360Full,full,decoy,first,2,0.1654761904761905,0.1775255128608411,0.3430017033370316
head_to_head,NiceOrDie,Agent360Full,full,Agent360V2,v2,decoy,first,2,0.1654761904761905,0.0,0.1654761904761905
head_to_head,NiceOrDie,Agent360V2,v2,Agent360Full,full,decoy,second,2,0.1654761904761905,1.0,1.1654761904761906
head_to_head,NiceOrDie,Agent360Full,full,Agent360V2,v2,decoy,second,2,0.1654761904761905,1.0,1.1654761904761906
head_to_head,NiceOrDie,Agent360V2,v2,Agent360Full,full,decoy,first,2,0.1654761904761905,0.0,0.1654761904761905
head_to_head,NiceOrDie,Agent360Reverse,reverse,Agent360V2,v2,decoy,first,2,0.1654761904761905,0.0,0.1654761904761905
head_to_head,NiceOrDie,Agent360V2,v2,Agent360Reverse,reverse,decoy,second,2,0.1654761904761905,1.0,1.1654761904761906
head_to_head,NiceOrDie,Agent360Reverse,reverse,Agent360V2,v2,decoy,second,2,0.1654761904761905,0.6775255128608411,0.8430017033370316
head_to_head,NiceOrDie,Agent360V2,v2,Agent360Reverse,reverse,decoy,first,2,0.1654761904761905,0.3224744871391589,0.4879506776153494
