match_type,scenario,agent,agent_mode,opponent,opponent_mode,family,agent_first,runs,advantage,concealing,score
panel,Amsterdam,Agent360,gradient,SimpleNegotiator,reverse-ufun + time concede,example,first,2,0.6617100371747211,0.5573958031091523,1.2191058402838735
panel,Amsterdam,Agent360,gradient,SimpleNegotiator,reverse-ufun + time concede,example,second,2,0.809931506849315,0.5805425859483382,1.3904740927976533
panel,Amsterdam,Agent360,gradient,BOANeg,BOA: time offer + Smith + ACNext,example,first,2,0.7100371747211895,0.4644994872955389,1.1745366620167284
panel,Amsterdam,Agent360,gradient,BOANeg,BOA: time offer + Smith + ACNext,example,second,2,0.6198630136986301,0.4983075691029701,1.1181705828016002
panel,Amsterdam,Agent360,gradient,MAPNeg,"MAP: same stack, acceptance_first",example,first,2,0.7100371747211895,0.4663431500338422,1.1763803247550317
panel,Amsterdam,Agent360,gradient,MAPNeg,"MAP: same stack, acceptance_first",example,second,2,0.6780821917808219,0.48769417465276865,1.1657763664335905
panel,Amsterdam,Agent360,gradient,BoulwareTBNegotiator,slow concession (Boulware),time-based,first,2,0.7100371747211895,1.0,1.7100371747211895
panel,Amsterdam,Agent360,gradient,BoulwareTBNegotiator,slow concession (Boulware),time-based,second,2,0.6198630136986301,1.0,1.61986301369863
panel,Amsterdam,Agent360,gradient,ConcederTBNegotiator,fast concession,time-based,first,2,0.7546468401486989,1.0,1.7546468401486988
panel,Amsterdam,Agent360,gradient,ConcederTBNegotiator,fast concession,time-based,second,2,0.6267123287671232,1.0,1.6267123287671232
panel,Amsterdam,Agent360,gradient,LinearTBNegotiator,linear time concession,time-based,first,2,0.5520446096654275,1.0,1.5520446096654275
panel,Amsterdam,Agent360,gradient,LinearTBNegotiator,linear time concession,time-based,second,2,0.631849315068493,1.0,1.631849315068493
panel,Amsterdam,Agent360,gradient,ToughNegotiator,"hard line, slow give",time-based,first,2,0.30855018587360594,1.0,1.308550185873606
panel,Amsterdam,Agent360,gradient,ToughNegotiator,"hard line, slow give",time-based,second,2,0.47260273972602734,1.0,1.4726027397260273
panel,Amsterdam,Agent360,gradient,MiCRONegotiator,MiCRO (Genius-style),genius-style,first,2,0.5669144981412639,1.0,1.566914498141264
panel,Amsterdam,Agent360,gradient,MiCRONegotiator,MiCRO (Genius-style),genius-style,second,2,0.6592465753424657,1.0,1.6592465753424657
panel,Amsterdam,Agent360,gradient,TimeBasedNegotiator,generic time-based,time-based,first,2,0.7100371747211895,1.0,1.7100371747211895
panel,Amsterdam,Agent360,gradient,TimeBasedNegotiator,generic time-based,time-based,second,2,0.6198630136986301,1.0,1.61986301369863
panel,Amsterdam,Agent360,gradient,AspirationNegotiator,aspiration-based,time-based,first,2,0.7100371747211895,1.0,1.7100371747211895
panel,Amsterdam,Agent360,gradient,AspirationNegotiator,aspiration-based,time-based,second,2,0.6198630136986301,1.0,1.61986301369863
panel,Amsterdam,Agent360,gradient,HybridNegotiator,hybrid time + utility,hybrid,first,2,0.5836431226765799,1.0,1.58364312267658
panel,Amsterdam,Agent360,gradient,HybridNegotiator,hybrid time + utility,hybrid,second,2,0.5650684931506849,1.0,1.5650684931506849
panel,Amsterdam,Agent360,gradient,RandomNegotiator,random rational offers,baseline,first,2,0.2490706319702602,0.5,0.7490706319702602
panel,Amsterdam,Agent360,gradient,RandomNegotiator,random rational offers,baseline,second,2,0.6695205479452054,1.0,1.6695205479452055
panel,Amsterdam,Agent360,gradient,NaiveTitForTatNegotiator,tit-for-tat,behavioral,first,2,0.7620817843866171,0.5491064919080011,1.311188276294618
panel,Amsterdam,Agent360,gradient,NaiveTitForTatNegotiator,tit-for-tat,behavioral,second,2,0.6421232876712328,0.5619781390189438,1.2041014266901766
panel,Amsterdam,Agent360,gradient,SimpleTitForTatNegotiator,simple tit-for-tat,behavioral,first,2,0.671003717472119,0.5483313635255272,1.2193350809976462
panel,Amsterdam,Agent360,gradient,SimpleTitForTatNegotiator,simple tit-for-tat,behavioral,second,2,0.75,0.5583440360445874,1.3083440360445873
panel,Amsterdam,Agent360,gradient,FirstOfferOrientedTBNegotiator,anchors on first offer,oriented,first,2,0.7100371747211895,1.0,1.7100371747211895
panel,Amsterdam,Agent360,gradient,FirstOfferOrientedTBNegotiator,anchors on first offer,oriented,second,2,0.6198630136986301,1.0,1.61986301369863
panel,Amsterdam,Agent360,gradient,LastOfferOrientedTBNegotiator,follows last offer,oriented,first,2,0.7100371747211895,1.0,1.7100371747211895
panel,Amsterdam,Agent360,gradient,LastOfferOrientedTBNegotiator,follows last offer,oriented,second,2,0.6198630136986301,1.0,1.61986301369863
panel,Amsterdam,Agent360,gradient,BestOfferOrientedTBNegotiator,tracks best offer seen,oriented,first,2,0.7100371747211895,1.0,1.7100371747211895
panel,Amsterdam,Agent360,gradient,BestOfferOrientedTBNegotiator,tracks best offer seen,oriented,second,2,0.6198630136986301,1.0,1.61986301369863
panel,Amsterdam,Agent360Full,full,SimpleNegotiator,reverse-ufun + time concede,example,first,2,0.6133828996282528,0.5574548477874919,1.1708377474157445
panel,Amsterdam,Agent360Full,full,SimpleNegotiator,reverse-ufun + time concede,example,second,2,0.5462328767123287,0.5698730029119848,1.1161058796243135
panel,Amsterdam,Agent360Full,full,BOANeg,BOA: time offer + Smith + ACNext,example,first,2,0.7100371747211895,0.516749662540849,1.2267868372620385
panel,Amsterdam,Agent360Full,full,BOANeg,BOA: time offer + Smith + ACNext,example,second,2,0.6198630136986301,0.540805476165372,1.160668489864002
panel,Amsterdam,Agent360Full,full,MAPNeg,"MAP: same stack, acceptance_first",example,first,2,0.7100371747211895,0.5198087479643976,1.2298459226855871
panel,Amsterdam,Agent360Full,full,MAPNeg,"MAP: same stack, acceptance_first",example,second,2,0.6198630136986301,0.5423371943678048,1.1622002080664349
panel,Amsterdam,Agent360Full,full,BoulwareTBNegotiator,slow concession (Boulware),time-based,first,2,0.7100371747211895,1.0,1.7100371747211895
panel,Amsterdam,Agent360Full,full,BoulwareTBNegotiator,slow concession (Boulware),time-based,second,2,0.6198630136986301,1.0,1.61986301369863
panel,Amsterdam,Agent360Full,full,ConcederTBNegotiator,fast concession,time-based,first,2,0.7546468401486989,1.0,1.7546468401486988
panel,Amsterdam,Agent360Full,full,ConcederTBNegotiator,fast concession,time-based,second,2,0.6267123287671232,1.0,1.6267123287671232
panel,Amsterdam,Agent360Full,full,LinearTBNegotiator,linear time concession,time-based,first,2,0.6133828996282528,1.0,1.6133828996282529
panel,Amsterdam,Agent360Full,full,LinearTBNegotiator,linear time concession,time-based,second,2,0.631849315068493,1.0,1.631849315068493
panel,Amsterdam,Agent360Full,full,ToughNegotiator,"hard line, slow give",time-based,first,2,0.30855018587360594,1.0,1.308550185873606
panel,Amsterdam,Agent360Full,full,ToughNegotiator,"hard line, slow give",time-based,second,2,0.47260273972602734,1.0,1.4726027397260273
panel,Amsterdam,Agent360Full,full,MiCRONegotiator,MiCRO (Genius-style),genius-style,first,2,0.6059479553903345,1.0,1.6059479553903344
panel,Amsterdam,Agent360Full,full,MiCRONegotiator,MiCRO (Genius-style),genius-style,second,2,0.5821917808219177,1.0,1.5821917808219177
panel,Amsterdam,Agent360Full,full,TimeBasedNegotiator,generic time-based,time-based,first,2,0.7100371747211895,1.0,1.7100371747211895
panel,Amsterdam,Agent360Full,full,TimeBasedNegotiator,generic time-based,time-based,second,2,0.6198630136986301,1.0,1.61986301369863
panel,Amsterdam,Agent360Full,full,AspirationNegotiator,aspiration-based,time-based,first,2,0.7100371747211895,1.0,1.7100371747211895
panel,Amsterdam,Agent360Full,full,AspirationNegotiator,aspiration-based,time-based,second,2,0.6198630136986301,1.0,1.61986301369863
panel,Amsterdam,Agent360Full,full,HybridNegotiator,hybrid time + utility,hybrid,first,2,0.5111524163568772,1.0,1.5111524163568772
panel,Amsterdam,Agent360Full,full,HybridNegotiator,hybrid time + utility,hybrid,second,2,0.571917808219178,1.0,1.571917808219178
panel,Amsterdam,Agent360Full,full,RandomNegotiator,random rational offers,baseline,first,2,0.2732342007434944,1.0,1.2732342007434945
panel,Amsterdam,Agent360Full,full,RandomNegotiator,random rational offers,baseline,second,2,0.7791095890410958,1.0,1.779109589041096
panel,Amsterdam,Agent360Full,full,NaiveTitForTatNegotiator,tit-for-tat,behavioral,first,2,0.5464684014869888,0.5456166176401251,1.092085019127114
panel,Amsterdam,Agent360Full,full,NaiveTitForTatNegotiator,tit-for-tat,behavioral,second,2,0.5856164383561644,0.5605692553927728,1.1461856937489372
panel,Amsterdam,Agent360Full,full,SimpleTitForTatNegotiator,simple tit-for-tat,behavioral,first,2,0.4795539033457249,0.548451467372875,1.0280053707185999
panel,Amsterdam,Agent360Full,full,SimpleTitForTatNegotiator,simple tit-for-tat,behavioral,second,2,0.6797945205479452,0.5492361097722476,1.2290306303201928
panel,Amsterdam,Agent360Full,full,FirstOfferOrientedTBNegotiator,anchors on first offer,oriented,first,2,0.7100371747211895,1.0,1.7100371747211895
panel,Amsterdam,Agent360Full,full,FirstOfferOrientedTBNegotiator,anchors on first offer,oriented,second,2,0.6678082191780821,1.0,1.6678082191780823
panel,Amsterdam,Agent360Full,full,LastOfferOrientedTBNegotiator,follows last offer,oriented,first,2,0.7100371747211895,1.0,1.7100371747211895
panel,Amsterdam,Agent360Full,full,LastOfferOrientedTBNegotiator,follows last offer,oriented,second,2,0.6198630136986301,1.0,1.61986301369863
panel,Amsterdam,Agent360Full,full,BestOfferOrientedTBNegotiator,tracks best offer seen,oriented,first,2,0.7100371747211895,1.0,1.7100371747211895
panel,Amsterdam,Agent360Full,full,BestOfferOrientedTBNegotiator,tracks best offer seen,oriented,second,2,0.6198630136986301,1.0,1.61986301369863
panel,Amsterdam,Agent360Reverse,reverse,SimpleNegotiator,reverse-ufun + time concede,example,first,2,0.7769516728624535,0.548134679425247,1.3250863522877006
panel,Amsterdam,Agent360Reverse,reverse,SimpleNegotiator,reverse-ufun + time concede,example,second,2,0.9349315068493151,0.5843817710369545,1.5193132778862697
panel,Amsterdam,Agent360Reverse,reverse,BOANeg,BOA: time offer + Smith + ACNext,example,first,2,0.7100371747211895,0.46535597695495046,1.17539315167614
panel,Amsterdam,Agent360Reverse,reverse,BOANeg,BOA: time offer + Smith + ACNext,example,second,2,0.6900684931506849,0.5036023078242017,1.1936708009748864
panel,Amsterdam,Agent360Reverse,reverse,MAPNeg,"MAP: same stack, acceptance_first",example,first,2,0.7100371747211895,0.467530123129534,1.1775672978507234
panel,Amsterdam,Agent360Reverse,reverse,MAPNeg,"MAP: same stack, acceptance_first",example,second,2,0.6815068493150684,0.5059660023589969,1.1874728516740651
panel,Amsterdam,Agent360Reverse,reverse,BoulwareTBNegotiator,slow concession (Boulware),time-based,first,2,0.7100371747211895,1.0,1.7100371747211895
panel,Amsterdam,Agent360Reverse,reverse,BoulwareTBNegotiator,slow concession (Boulware),time-based,second,2,0.6541095890410957,1.0,1.654109589041096
panel,Amsterdam,Agent360Reverse,reverse,ConcederTBNegotiator,fast concession,time-based,first,2,0.8903345724907064,0.5,1.3903345724907064
panel,Amsterdam,Agent360Reverse,reverse,ConcederTBNegotiator,fast concession,time-based,second,2,0.9246575342465754,1.0,1.9246575342465753
panel,Amsterdam,Agent360Reverse,reverse,LinearTBNegotiator,linear time concession,time-based,first,2,0.8438661710037174,1.0,1.8438661710037176
panel,Amsterdam,Agent360Reverse,reverse,LinearTBNegotiator,linear time concession,time-based,second,2,0.9349315068493151,1.0,1.9349315068493151
panel,Amsterdam,Agent360Reverse,reverse,ToughNegotiator,"hard line, slow give",time-based,first,2,0.30855018587360594,1.0,1.308550185873606
panel,Amsterdam,Agent360Reverse,reverse,ToughNegotiator,"hard line, slow give",time-based,second,2,0.47260273972602734,1.0,1.4726027397260273
panel,Amsterdam,Agent360Reverse,reverse,MiCRONegotiator,MiCRO (Genius-style),genius-style,first,2,0.6914498141263941,1.0,1.691449814126394
panel,Amsterdam,Agent360Reverse,reverse,MiCRONegotiator,MiCRO (Genius-style),genius-style,second,2,0.7363013698630136,1.0,1.7363013698630136
panel,Amsterdam,Agent360Reverse,reverse,TimeBasedNegotiator,generic time-based,time-based,first,2,0.7100371747211895,1.0,1.7100371747211895
panel,Amsterdam,Agent360Reverse,reverse,TimeBasedNegotiator,generic time-based,time-based,second,2,0.6198630136986301,1.0,1.61986301369863
panel,Amsterdam,Agent360Reverse,reverse,AspirationNegotiator,aspiration-based,time-based,first,2,0.7100371747211895,1.0,1.7100371747211895
panel,Amsterdam,Agent360Reverse,reverse,AspirationNegotiator,aspiration-based,time-based,second,2,0.6558219178082191,1.0,1.6558219178082192
panel,Amsterdam,Agent360Reverse,reverse,HybridNegotiator,hybrid time + utility,hybrid,first,2,0.8438661710037175,1.0,1.8438661710037176
panel,Amsterdam,Agent360Reverse,reverse,HybridNegotiator,hybrid time + utility,hybrid,second,2,0.7671232876712328,1.0,1.7671232876712328
panel,Amsterdam,Agent360Reverse,reverse,RandomNegotiator,random rational offers,baseline,first,2,0.9349442379182156,1.0,1.9349442379182156
panel,Amsterdam,Agent360Reverse,reverse,RandomNegotiator,random rational offers,baseline,second,2,0.9126712328767124,1.0,1.9126712328767121
panel,Amsterdam,Agent360Reverse,reverse,NaiveTitForTatNegotiator,tit-for-tat,behavioral,first,2,0.9107806691449815,0.548451467372875,1.4592321365178564
panel,Amsterdam,Agent360Reverse,reverse,NaiveTitForTatNegotiator,tit-for-tat,behavioral,second,2,0.9246575342465754,0.5597446972950233,1.4844022315415986
panel,Amsterdam,Agent360Reverse,reverse,SimpleTitForTatNegotiator,simple tit-for-tat,behavioral,first,2,0.9107806691449815,0.5418438071812071,1.4526244763261886
panel,Amsterdam,Agent360Reverse,reverse,SimpleTitForTatNegotiator,simple tit-for-tat,behavioral,second,2,0.9332191780821918,0.5618596823126938,1.4950788603948855
panel,Amsterdam,Agent360Reverse,reverse,FirstOfferOrientedTBNegotiator,anchors on first offer,oriented,first,2,0.7100371747211895,1.0,1.7100371747211895
panel,Amsterdam,Agent360Reverse,reverse,FirstOfferOrientedTBNegotiator,anchors on first offer,oriented,second,2,0.6541095890410957,1.0,1.654109589041096
panel,Amsterdam,Agent360Reverse,reverse,LastOfferOrientedTBNegotiator,follows last offer,oriented,first,2,0.7100371747211895,1.0,1.7100371747211895
panel,Amsterdam,Agent360Reverse,reverse,LastOfferOrientedTBNegotiator,follows last offer,oriented,second,2,0.6198630136986301,1.0,1.61986301369863
panel,Amsterdam,Agent360Reverse,reverse,BestOfferOrientedTBNegotiator,tracks best offer seen,oriented,first,2,0.7100371747211895,1.0,1.7100371747211895
panel,Amsterdam,Agent360Reverse,reverse,BestOfferOrientedTBNegotiator,tracks best offer seen,oriented,second,2,0.6198630136986301,1.0,1.61986301369863
panel,Amsterdam,Agent360V2,v2,SimpleNegotiator,reverse-ufun + time concede,example,first,2,0.4851301115241635,0.5572900263455407,1.0424201378697042
panel,Amsterdam,Agent360V2,v2,SimpleNegotiator,reverse-ufun + time concede,example,second,2,0.631849315068493,0.5741448747925301,1.2059941898610231
panel,Amsterdam,Agent360V2,v2,BOANeg,BOA: time offer + Smith + ACNext,example,first,2,0.7100371747211895,0.5420419020461428,1.2520790767673322
panel,Amsterdam,Agent360V2,v2,BOANeg,BOA: time offer + Smith + ACNext,example,second,2,0.6198630136986301,0.5720759309190679,1.1919389446176978
panel,Amsterdam,Agent360V2,v2,MAPNeg,"MAP: same stack, acceptance_first",example,first,2,0.7007434944237918,0.5439945137643101,1.2447380081881019
panel,Amsterdam,Agent360V2,v2,MAPNeg,"MAP: same stack, acceptance_first",example,second,2,0.6198630136986301,0.5716086527916009,1.191471666490231
panel,Amsterdam,Agent360V2,v2,BoulwareTBNegotiator,slow concession (Boulware),time-based,first,2,0.7100371747211895,1.0,1.7100371747211895
panel,Amsterdam,Agent360V2,v2,BoulwareTBNegotiator,slow concession (Boulware),time-based,second,2,0.6198630136986301,1.0,1.61986301369863
panel,Amsterdam,Agent360V2,v2,ConcederTBNegotiator,fast concession,time-based,first,2,0.7546468401486989,1.0,1.7546468401486988
panel,Amsterdam,Agent360V2,v2,ConcederTBNegotiator,fast concession,time-based,second,2,0.6267123287671232,1.0,1.6267123287671232
panel,Amsterdam,Agent360V2,v2,LinearTBNegotiator,linear time concession,time-based,first,2,0.6133828996282528,1.0,1.6133828996282529
panel,Amsterdam,Agent360V2,v2,LinearTBNegotiator,linear time concession,time-based,second,2,0.5462328767123287,1.0,1.5462328767123288
panel,Amsterdam,Agent360V2,v2,ToughNegotiator,"hard line, slow give",time-based,first,2,0.30855018587360594,1.0,1.308550185873606
panel,Amsterdam,Agent360V2,v2,ToughNegotiator,"hard line, slow give",time-based,second,2,0.47260273972602734,1.0,1.4726027397260273
panel,Amsterdam,Agent360V2,v2,MiCRONegotiator,MiCRO (Genius-style),genius-style,first,2,0.6059479553903345,1.0,1.6059479553903344
panel,Amsterdam,Agent360V2,v2,MiCRONegotiator,MiCRO (Genius-style),genius-style,second,2,0.5821917808219177,1.0,1.5821917808219177
panel,Amsterdam,Agent360V2,v2,TimeBasedNegotiator,generic time-based,time-based,first,2,0.7100371747211895,1.0,1.7100371747211895
panel,Amsterdam,Agent360V2,v2,TimeBasedNegotiator,generic time-based,time-based,second,2,0.6198630136986301,1.0,1.61986301369863
panel,Amsterdam,Agent360V2,v2,AspirationNegotiator,aspiration-based,time-based,first,2,0.7100371747211895,1.0,1.7100371747211895
panel,Amsterdam,Agent360V2,v2,AspirationNegotiator,aspiration-based,time-based,second,2,0.6198630136986301,1.0,1.61986301369863
panel,Amsterdam,Agent360V2,v2,HybridNegotiator,hybrid time + utility,hybrid,first,2,0.6003717472118959,1.0,1.600371747211896
panel,Amsterdam,Agent360V2,v2,HybridNegotiator,hybrid time + utility,hybrid,second,2,0.5393835616438356,1.0,1.5393835616438356
panel,Amsterdam,Agent360V2,v2,RandomNegotiator,random rational offers,baseline,first,2,0.516728624535316,1.0,1.516728624535316
panel,Amsterdam,Agent360V2,v2,RandomNegotiator,random rational offers,baseline,second,2,0.7157534246575343,1.0,1.7157534246575343
panel,Amsterdam,Agent360V2,v2,NaiveTitForTatNegotiator,tit-for-tat,behavioral,first,2,0.550185873605948,0.5490849301035665,1.0992708037095142
panel,Amsterdam,Agent360V2,v2,NaiveTitForTatNegotiator,tit-for-tat,behavioral,second,2,0.5667808219178082,0.5671422920603953,1.1339231139782036
panel,Amsterdam,Agent360V2,v2,SimpleTitForTatNegotiator,simple tit-for-tat,behavioral,first,2,0.4795539033457249,0.5443685381806151,1.0239224415263402
panel,Amsterdam,Agent360V2,v2,SimpleTitForTatNegotiator,simple tit-for-tat,behavioral,second,2,0.5222602739726027,0.5628223329961901,1.0850826069687929
panel,Amsterdam,Agent360V2,v2,FirstOfferOrientedTBNegotiator,anchors on first offer,oriented,first,2,0.7100371747211895,1.0,1.7100371747211895
panel,Amsterdam,Agent360V2,v2,FirstOfferOrientedTBNegotiator,anchors on first offer,oriented,second,2,0.6592465753424657,1.0,1.6592465753424657
panel,Amsterdam,Agent360V2,v2,LastOfferOrientedTBNegotiator,follows last offer,oriented,first,2,0.7100371747211895,1.0,1.7100371747211895
panel,Amsterdam,Agent360V2,v2,LastOfferOrientedTBNegotiator,follows last offer,oriented,second,2,0.6198630136986301,1.0,1.61986301369863
panel,Amsterdam,Agent360V2,v2,BestOfferOrientedTBNegotiator,tracks best offer seen,oriented,first,2,0.7100371747211895,1.0,1.7100371747211895
panel,Amsterdam,Agent360V2,v2,BestOfferOrientedTBNegotiator,tracks best offer seen,oriented,second,2,0.6198630136986301,1.0,1.61986301369863
panel,Amsterdam,Agent360V2Adaptive,v2.adaptive,SimpleNegotiator,reverse-ufun + time concede,example,first,2,0.4851301115241635,0.5572900263455407,1.0424201378697042
panel,Amsterdam,Agent360V2Adaptive,v2.adaptive,SimpleNegotiator,reverse-ufun + time concede,example,second,2,0.5462328767123287,0.5698730029119848,1.1161058796243135
panel,Amsterdam,Agent360V2Adaptive,v2.adaptive,BOANeg,BOA: time offer + Smith + ACNext,example,first,2,0.7007434944237918,0.5415930450227044,1.2423365394464962
panel,Amsterdam,Agent360V2Adaptive,v2.adaptive,BOANeg,BOA: time offer + Smith + ACNext,example,second,2,0.6198630136986301,0.5670211300918706,1.1868841437905007
panel,Amsterdam,Agent360V2Adaptive,v2.adaptive,MAPNeg,"MAP: same stack, acceptance_first",example,first,2,0.7100371747211895,0.5433059414374097,1.2533431161585993
panel,Amsterdam,Agent360V2Adaptive,v2.adaptive,MAPNeg,"MAP: same stack, acceptance_first",example,second,2,0.6198630136986301,0.569625343220405,1.189488356919035
panel,Amsterdam,Agent360V2Adaptive,v2.adaptive,BoulwareTBNegotiator,slow concession (Boulware),time-based,first,2,0.7100371747211895,1.0,1.7100371747211895
panel,Amsterdam,Agent360V2Adaptive,v2.adaptive,BoulwareTBNegotiator,slow concession (Boulware),time-based,second,2,0.6198630136986301,1.0,1.61986301369863
panel,Amsterdam,Agent360V2Adaptive,v2.adaptive,ConcederTBNegotiator,fast concession,time-based,first,2,0.7546468401486989,1.0,1.7546468401486988
panel,Amsterdam,Agent360V2Adaptive,v2.adaptive,ConcederTBNegotiator,fast concession,time-based,second,2,0.5941780821917808,1.0,1.5941780821917808
panel,Amsterdam,Agent360V2Adaptive,v2.adaptive,LinearTBNegotiator,linear time concession,time-based,first,2,0.5464684014869888,1.0,1.546468401486989
panel,Amsterdam,Agent360V2Adaptive,v2.adaptive,LinearTBNegotiator,linear time concession,time-based,second,2,0.5462328767123287,1.0,1.5462328767123288
panel,Amsterdam,Agent360V2Adaptive,v2.adaptive,ToughNegotiator,"hard line, slow give",time-based,first,2,0.30855018587360594,1.0,1.308550185873606
panel,Amsterdam,Agent360V2Adaptive,v2.adaptive,ToughNegotiator,"hard line, slow give",time-based,second,2,0.47260273972602734,1.0,1.4726027397260273
panel,Amsterdam,Agent360V2Adaptive,v2.adaptive,MiCRONegotiator,MiCRO (Genius-style),genius-style,first,2,0.6059479553903345,1.0,1.6059479553903344
panel,Amsterdam,Agent360V2Adaptive,v2.adaptive,MiCRONegotiator,MiCRO (Genius-style),genius-style,second,2,0.5342465753424657,1.0,1.5342465753424657
panel,Amsterdam,Agent360V2Adaptive,v2.adaptive,TimeBasedNegotiator,generic time-based,time-based,first,2,0.7100371747211895,1.0,1.7100371747211895
panel,Amsterdam,Agent360V2Adaptive,v2.adaptive,TimeBasedNegotiator,generic time-based,time-based,second,2,0.6198630136986301,1.0,1.61986301369863
panel,Amsterdam,Agent360V2Adaptive,v2.adaptive,AspirationNegotiator,aspiration-based,time-based,first,2,0.7100371747211895,1.0,1.7100371747211895
panel,Amsterdam,Agent360V2Adaptive,v2.adaptive,AspirationNegotiator,aspiration-based,time-based,second,2,0.6558219178082191,1.0,1.6558219178082192
panel,Amsterdam,Agent360V2Adaptive,v2.adaptive,HybridNegotiator,hybrid time + utility,hybrid,first,2,0.5799256505576208,1.0,1.579925650557621
panel,Amsterdam,Agent360V2Adaptive,v2.adaptive,HybridNegotiator,hybrid time + utility,hybrid,second,2,0.5496575342465753,1.0,1.5496575342465753
panel,Amsterdam,Agent360V2Adaptive,v2.adaptive,RandomNegotiator,random rational offers,baseline,first,2,0.5669144981412639,1.0,1.566914498141264
panel,Amsterdam,Agent360V2Adaptive,v2.adaptive,RandomNegotiator,random rational offers,baseline,second,2,0.3476027397260274,1.0,1.3476027397260273
panel,Amsterdam,Agent360V2Adaptive,v2.adaptive,NaiveTitForTatNegotiator,tit-for-tat,behavioral,first,2,0.5520446096654275,0.5481941206197001,1.1002387302851275
panel,Amsterdam,Agent360V2Adaptive,v2.adaptive,NaiveTitForTatNegotiator,tit-for-tat,behavioral,second,2,0.5770547945205479,0.5636515798980742,1.140706374418622
panel,Amsterdam,Agent360V2Adaptive,v2.adaptive,SimpleTitForTatNegotiator,simple tit-for-tat,behavioral,first,2,0.5520446096654275,0.5535264476084155,1.105571057273843
panel,Amsterdam,Agent360V2Adaptive,v2.adaptive,SimpleTitForTatNegotiator,simple tit-for-tat,behavioral,second,2,0.5633561643835616,0.5682092536380212,1.1315654180215828
panel,Amsterdam,Agent360V2Adaptive,v2.adaptive,FirstOfferOrientedTBNegotiator,anchors on first offer,oriented,first,2,0.7100371747211895,1.0,1.7100371747211895
panel,Amsterdam,Agent360V2Adaptive,v2.adaptive,FirstOfferOrientedTBNegotiator,anchors on first offer,oriented,second,2,0.6267123287671232,1.0,1.6267123287671232
panel,Amsterdam,Agent360V2Adaptive,v2.adaptive,LastOfferOrientedTBNegotiator,follows last offer,oriented,first,2,0.7100371747211895,1.0,1.7100371747211895
panel,Amsterdam,Agent360V2Adaptive,v2.adaptive,LastOfferOrientedTBNegotiator,follows last offer,oriented,second,2,0.6198630136986301,1.0,1.61986301369863
panel,Amsterdam,Agent360V2Adaptive,v2.adaptive,BestOfferOrientedTBNegotiator,tracks best offer seen,oriented,first,2,0.7100371747211895,1.0,1.7100371747211895
panel,Amsterdam,Agent360V2Adaptive,v2.adaptive,BestOfferOrientedTBNegotiator,tracks best offer seen,oriented,second,2,0.6198630136986301,1.0,1.61986301369863
panel,Camera,Agent360,gradient,SimpleNegotiator,reverse-ufun + time concede,example,first,2,0.6241373506143746,0.6192829402465182,1.2434202908608927
panel,Camera,Agent360,gradient,SimpleNegotiator,reverse-ufun + time concede,example,second,2,0.522369407648088,0.6169174284300588,1.139286836078147
panel,Camera,Agent360,gradient,BOANeg,BOA: time offer + Smith + ACNext,example,first,2,0.6204342703248611,0.4731772666199252,1.0936115369447863
panel,Camera,Agent360,gradient,BOANeg,BOA: time offer + Smith + ACNext,example,second,2,0.6653336665833542,0.4900049602575009,1.1553386268408552
panel,Camera,Agent360,gradient,MAPNeg,"MAP: same stack, acceptance_first",example,first,2,0.6204342703248611,0.4729713108271558,1.093405581152017
panel,Camera,Agent360,gradient,MAPNeg,"MAP: same stack, acceptance_first",example,second,2,0.6653336665833542,0.4914443076958387,1.156777974279193
panel,Camera,Agent360,gradient,BoulwareTBNegotiator,slow concession (Boulware),time-based,first,2,0.6204342703248611,1.0,1.620434270324861
panel,Camera,Agent360,gradient,BoulwareTBNegotiator,slow concession (Boulware),time-based,second,2,0.6653336665833542,1.0,1.6653336665833542
panel,Camera,Agent360,gradient,ConcederTBNegotiator,fast concession,time-based,first,2,0.7803400100993099,1.0,1.7803400100993099
panel,Camera,Agent360,gradient,ConcederTBNegotiator,fast concession,time-based,second,2,0.6430892276930769,1.0,1.6430892276930766
panel,Camera,Agent360,gradient,LinearTBNegotiator,linear time concession,time-based,first,2,0.6241373506143746,1.0,1.6241373506143746
panel,Camera,Agent360,gradient,LinearTBNegotiator,linear time concession,time-based,second,2,0.598850287428143,1.0,1.598850287428143
panel,Camera,Agent360,gradient,ToughNegotiator,"hard line, slow give",time-based,first,2,0.26931493014644,1.0,1.26931493014644
panel,Camera,Agent360,gradient,ToughNegotiator,"hard line, slow give",time-based,second,2,0.4558860284928768,1.0,1.4558860284928767
panel,Camera,Agent360,gradient,MiCRONegotiator,MiCRO (Genius-style),genius-style,first,2,0.5293721595690961,1.0,1.5293721595690961
panel,Camera,Agent360,gradient,MiCRONegotiator,MiCRO (Genius-style),genius-style,second,2,0.6044738815296177,1.0,1.6044738815296178
panel,Camera,Agent360,gradient,TimeBasedNegotiator,generic time-based,time-based,first,2,0.6204342703248611,1.0,1.620434270324861
panel,Camera,Agent360,gradient,TimeBasedNegotiator,generic time-based,time-based,second,2,0.6653336665833542,1.0,1.6653336665833542
panel,Camera,Agent360,gradient,AspirationNegotiator,aspiration-based,time-based,first,2,0.6805251641137855,1.0,1.6805251641137855
panel,Camera,Agent360,gradient,AspirationNegotiator,aspiration-based,time-based,second,2,0.6653336665833542,1.0,1.6653336665833542
panel,Camera,Agent360,gradient,HybridNegotiator,hybrid time + utility,hybrid,first,2,0.7286652078774617,1.0,1.7286652078774618
panel,Camera,Agent360,gradient,HybridNegotiator,hybrid time + utility,hybrid,second,2,0.5881029742564359,1.0,1.588102974256436
panel,Camera,Agent360,gradient,RandomNegotiator,random rational offers,baseline,first,2,0.6865847500420804,0.0,0.6865847500420804
panel,Camera,Agent360,gradient,RandomNegotiator,random rational offers,baseline,second,2,0.34203949012746815,1.0,1.3420394901274681
panel,Camera,Agent360,gradient,NaiveTitForTatNegotiator,tit-for-tat,behavioral,first,2,0.548224204679347,0.6217559741603237,1.1699801788396706
panel,Camera,Agent360,gradient,NaiveTitForTatNegotiator,tit-for-tat,behavioral,second,2,0.6678330417395653,0.6089178195481608,1.276750861287726
panel,Camera,Agent360,gradient,SimpleTitForTatNegotiator,simple tit-for-tat,behavioral,first,2,0.5823093755260058,0.6212695242403017,1.2035788997663075
panel,Camera,Agent360,gradient,SimpleTitForTatNegotiator,simple tit-for-tat,behavioral,second,2,0.618970257435641,0.6146851641635032,1.2336554215991442
panel,Camera,Agent360,gradient,FirstOfferOrientedTBNegotiator,anchors on first offer,oriented,first,2,0.6204342703248611,1.0,1.620434270324861
panel,Camera,Agent360,gradient,FirstOfferOrientedTBNegotiator,anchors on first offer,oriented,second,2,0.6653336665833542,1.0,1.6653336665833542
panel,Camera,Agent360,gradient,LastOfferOrientedTBNegotiator,follows last offer,oriented,first,2,0.6204342703248611,1.0,1.620434270324861
panel,Camera,Agent360,gradient,LastOfferOrientedTBNegotiator,follows last offer,oriented,second,2,0.6653336665833542,1.0,1.6653336665833542
panel,Camera,Agent360,gradient,BestOfferOrientedTBNegotiator,tracks best offer seen,oriented,first,2,0.6204342703248611,1.0,1.620434270324861
panel,Camera,Agent360,gradient,BestOfferOrientedTBNegotiator,tracks best offer seen,oriented,second,2,0.6653336665833542,1.0,1.6653336665833542
panel,Camera,Agent360Full,full,SimpleNegotiator,reverse-ufun + time concede,example,first,2,0.6241373506143746,0.6192829402465182,1.2434202908608927
panel,Camera,Agent360Full,full,SimpleNegotiator,reverse-ufun + time concede,example,second,2,0.5266183454136466,0.6149705512211918,1.1415888966348384
panel,Camera,Agent360Full,full,BOANeg,BOA: time offer + Smith + ACNext,example,first,2,0.6204342703248611,0.5318525025265315,1.1522867728513926
panel,Camera,Agent360Full,full,BOANeg,BOA: time offer + Smith + ACNext,example,second,2,0.6653336665833542,0.5111850997445958,1.1765187663279502
panel,Camera,Agent360Full,full,MAPNeg,"MAP: same stack, acceptance_first",example,first,2,0.6204342703248611,0.5312496255444654,1.1516838958693265
panel,Camera,Agent360Full,full,MAPNeg,"MAP: same stack, acceptance_first",example,second,2,0.6653336665833542,0.5091428489725369,1.1744765155558912
panel,Camera,Agent360Full,full,BoulwareTBNegotiator,slow concession (Boulware),time-based,first,2,0.6204342703248611,1.0,1.620434270324861
panel,Camera,Agent360Full,full,BoulwareTBNegotiator,slow concession (Boulware),time-based,second,2,0.6653336665833542,1.0,1.6653336665833542
panel,Camera,Agent360Full,full,ConcederTBNegotiator,fast concession,time-based,first,2,0.8845312236997138,1.0,1.8845312236997138
panel,Camera,Agent360Full,full,ConcederTBNegotiator,fast concession,time-based,second,2,0.49462634341414646,1.0,1.4946263434141465
panel,Camera,Agent360Full,full,LinearTBNegotiator,linear time concession,time-based,first,2,0.6241373506143746,1.0,1.6241373506143746
panel,Camera,Agent360Full,full,LinearTBNegotiator,linear time concession,time-based,second,2,0.522369407648088,1.0,1.522369407648088
panel,Camera,Agent360Full,full,ToughNegotiator,"hard line, slow give",time-based,first,2,0.26931493014644,1.0,1.26931493014644
panel,Camera,Agent360Full,full,ToughNegotiator,"hard line, slow give",time-based,second,2,0.4558860284928768,1.0,1.4558860284928767
panel,Camera,Agent360Full,full,MiCRONegotiator,MiCRO (Genius-style),genius-style,first,2,0.3913482578690456,1.0,1.3913482578690457
panel,Camera,Agent360Full,full,MiCRONegotiator,MiCRO (Genius-style),genius-style,second,2,0.5841039740064985,1.0,1.5841039740064984
panel,Camera,Agent360Full,full,TimeBasedNegotiator,generic time-based,time-based,first,2,0.6204342703248611,1.0,1.620434270324861
panel,Camera,Agent360Full,full,TimeBasedNegotiator,generic time-based,time-based,second,2,0.6653336665833542,1.0,1.6653336665833542
panel,Camera,Agent360Full,full,AspirationNegotiator,aspiration-based,time-based,first,2,0.6805251641137855,1.0,1.6805251641137855
panel,Camera,Agent360Full,full,AspirationNegotiator,aspiration-based,time-based,second,2,0.6653336665833542,1.0,1.6653336665833542
panel,Camera,Agent360Full,full,HybridNegotiator,hybrid time + utility,hybrid,first,2,0.5515064803905065,1.0,1.5515064803905065
panel,Camera,Agent360Full,full,HybridNegotiator,hybrid time + utility,hybrid,second,2,0.5841039740064985,1.0,1.5841039740064984
panel,Camera,Agent360Full,full,RandomNegotiator,random rational offers,baseline,first,2,0.517337148628177,1.0,1.517337148628177
panel,Camera,Agent360Full,full,RandomNegotiator,random rational offers,baseline,second,2,0.7048237940514872,1.0,1.7048237940514872
panel,Camera,Agent360Full,full,NaiveTitForTatNegotiator,tit-for-tat,behavioral,first,2,0.48443023060090884,0.6187996924994035,1.1032299231003124
panel,Camera,Agent360Full,full,NaiveTitForTatNegotiator,tit-for-tat,behavioral,second,2,0.5957260684828793,0.6241729535405729,1.2198990220234522
panel,Camera,Agent360Full,full,SimpleTitForTatNegotiator,simple tit-for-tat,behavioral,first,2,0.48443023060090884,0.6193193417024183,1.103749572303327
panel,Camera,Agent360Full,full,SimpleTitForTatNegotiator,simple tit-for-tat,behavioral,second,2,0.5824793801549613,0.620122237878412,1.2026016180333734
panel,Camera,Agent360Full,full,FirstOfferOrientedTBNegotiator,anchors on first offer,oriented,first,2,0.6204342703248611,1.0,1.620434270324861
panel,Camera,Agent360Full,full,FirstOfferOrientedTBNegotiator,anchors on first offer,oriented,second,2,0.6653336665833542,1.0,1.6653336665833542
panel,Camera,Agent360Full,full,LastOfferOrientedTBNegotiator,follows last offer,oriented,first,2,0.6204342703248611,1.0,1.620434270324861
panel,Camera,Agent360Full,full,LastOfferOrientedTBNegotiator,follows last offer,oriented,second,2,0.6653336665833542,1.0,1.6653336665833542
panel,Camera,Agent360Full,full,BestOfferOrientedTBNegotiator,tracks best offer seen,oriented,first,2,0.6204342703248611,1.0,1.620434270324861
panel,Camera,Agent360Full,full,BestOfferOrientedTBNegotiator,tracks best offer seen,oriented,second,2,0.6653336665833542,1.0,1.6653336665833542
panel,Camera,Agent360Reverse,reverse,SimpleNegotiator,reverse-ufun + time concede,example,first,2,0.8643326039387308,0.6236118603865918,1.4879444643253226
panel,Camera,Agent360Reverse,reverse,SimpleNegotiator,reverse-ufun + time concede,example,second,2,0.7758060484878782,0.6373241840051729,1.413130232493051
panel,Camera,Agent360Reverse,reverse,BOANeg,BOA: time offer + Smith + ACNext,example,first,2,0.6204342703248611,0.48717824142989263,1.1076125117547537
panel,Camera,Agent360Reverse,reverse,BOANeg,BOA: time offer + Smith + ACNext,example,second,2,0.6653336665833542,0.49185079801717424,1.1571844646005285
panel,Camera,Agent360Reverse,reverse,MAPNeg,"MAP: same stack, acceptance_first",example,first,2,0.6204342703248611,0.4863671565669694,1.1068014268918305
panel,Camera,Agent360Reverse,reverse,MAPNeg,"MAP: same stack, acceptance_first",example,second,2,0.6653336665833542,0.49361102442317273,1.158944691006527
panel,Camera,Agent360Reverse,reverse,BoulwareTBNegotiator,slow concession (Boulware),time-based,first,2,0.6896145430062279,1.0,1.689614543006228
panel,Camera,Agent360Reverse,reverse,BoulwareTBNegotiator,slow concession (Boulware),time-based,second,2,0.6653336665833542,1.0,1.6653336665833542
panel,Camera,Agent360Reverse,reverse,ConcederTBNegotiator,fast concession,time-based,first,2,0.885877798350446,1.0,1.885877798350446
panel,Camera,Agent360Reverse,reverse,ConcederTBNegotiator,fast concession,time-based,second,2,0.928517870532367,1.0,1.9285178705323671
panel,Camera,Agent360Reverse,reverse,LinearTBNegotiator,linear time concession,time-based,first,2,0.8643326039387308,1.0,1.8643326039387307
panel,Camera,Agent360Reverse,reverse,LinearTBNegotiator,linear time concession,time-based,second,2,0.8390402399400151,1.0,1.8390402399400152
panel,Camera,Agent360Reverse,reverse,ToughNegotiator,"hard line, slow give",time-based,first,2,0.26931493014644,1.0,1.26931493014644
panel,Camera,Agent360Reverse,reverse,ToughNegotiator,"hard line, slow give",time-based,second,2,0.4558860284928768,1.0,1.4558860284928767
panel,Camera,Agent360Reverse,reverse,MiCRONegotiator,MiCRO (Genius-style),genius-style,first,2,0.3145093418616394,1.0,1.3145093418616394
panel,Camera,Agent360Reverse,reverse,MiCRONegotiator,MiCRO (Genius-style),genius-style,second,2,0.7530617345663585,1.0,1.7530617345663586
panel,Camera,Agent360Reverse,reverse,TimeBasedNegotiator,generic time-based,time-based,first,2,0.6204342703248611,1.0,1.620434270324861
panel,Camera,Agent360Reverse,reverse,TimeBasedNegotiator,generic time-based,time-based,second,2,0.6653336665833542,1.0,1.6653336665833542
panel,Camera,Agent360Reverse,reverse,AspirationNegotiator,aspiration-based,time-based,first,2,0.7311058744319138,1.0,1.7311058744319139
panel,Camera,Agent360Reverse,reverse,AspirationNegotiator,aspiration-based,time-based,second,2,0.6653336665833542,1.0,1.6653336665833542
panel,Camera,Agent360Reverse,reverse,HybridNegotiator,hybrid time + utility,hybrid,first,2,0.8193065140548729,1.0,1.819306514054873
panel,Camera,Agent360Reverse,reverse,HybridNegotiator,hybrid time + utility,hybrid,second,2,0.7641839540114972,1.0,1.7641839540114974
panel,Camera,Agent360Reverse,reverse,RandomNegotiator,random rational offers,baseline,first,2,0.947231105874432,1.0,1.947231105874432
panel,Camera,Agent360Reverse,reverse,RandomNegotiator,random rational offers,baseline,second,2,0.4526368407898026,1.0,1.4526368407898027
panel,Camera,Agent360Reverse,reverse,NaiveTitForTatNegotiator,tit-for-tat,behavioral,first,2,0.868204006059586,0.6132763436105597,1.4814803496701459
panel,Camera,Agent360Reverse,reverse,NaiveTitForTatNegotiator,tit-for-tat,behavioral,second,2,0.9250187453136717,0.62088086813814,1.5458996134518117
panel,Camera,Agent360Reverse,reverse,SimpleTitForTatNegotiator,simple tit-for-tat,behavioral,first,2,0.8878134994108737,0.6186419638770133,1.506455463287887
panel,Camera,Agent360Reverse,reverse,SimpleTitForTatNegotiator,simple tit-for-tat,behavioral,second,2,0.8811547113221696,0.6407973609771266,1.521952072299296
panel,Camera,Agent360Reverse,reverse,FirstOfferOrientedTBNegotiator,anchors on first offer,oriented,first,2,0.6204342703248611,1.0,1.620434270324861
panel,Camera,Agent360Reverse,reverse,FirstOfferOrientedTBNegotiator,anchors on first offer,oriented,second,2,0.6653336665833542,1.0,1.6653336665833542
panel,Camera,Agent360Reverse,reverse,LastOfferOrientedTBNegotiator,follows last offer,oriented,first,2,0.6204342703248611,1.0,1.620434270324861
panel,Camera,Agent360Reverse,reverse,LastOfferOrientedTBNegotiator,follows last offer,oriented,second,2,0.6653336665833542,1.0,1.6653336665833542
panel,Camera,Agent360Reverse,reverse,BestOfferOrientedTBNegotiator,tracks best offer seen,oriented,first,2,0.6204342703248611,1.0,1.620434270324861
panel,Camera,Agent360Reverse,reverse,BestOfferOrientedTBNegotiator,tracks best offer seen,oriented,second,2,0.6653336665833542,1.0,1.6653336665833542
panel,Camera,Agent360V2,v2,SimpleNegotiator,reverse-ufun + time concede,example,first,2,0.6241373506143746,0.6192829402465182,1.2434202908608927
panel,Camera,Agent360V2,v2,SimpleNegotiator,reverse-ufun + time concede,example,second,2,0.61184703824044,0.6315000314330543,1.2433470696734943
panel,Camera,Agent360V2,v2,BOANeg,BOA: time offer + Smith + ACNext,example,first,2,0.6204342703248611,0.5484839738591683,1.1689182441840293
panel,Camera,Agent360V2,v2,BOANeg,BOA: time offer + Smith + ACNext,example,second,2,0.61184703824044,0.5307572214997232,1.142604259740163
panel,Camera,Agent360V2,v2,MAPNeg,"MAP: same stack, acceptance_first",example,first,2,0.7442349772765526,0.5483791295478839,1.2926141068244368
panel,Camera,Agent360V2,v2,MAPNeg,"MAP: same stack, acceptance_first",example,second,2,0.6044738815296177,0.5603695002220703,1.164843381751688
panel,Camera,Agent360V2,v2,BoulwareTBNegotiator,slow concession (Boulware),time-based,first,2,0.6204342703248611,1.0,1.620434270324861
panel,Camera,Agent360V2,v2,BoulwareTBNegotiator,slow concession (Boulware),time-based,second,2,0.6377155711072233,1.0,1.6377155711072233
panel,Camera,Agent360V2,v2,ConcederTBNegotiator,fast concession,time-based,first,2,0.8845312236997138,1.0,1.8845312236997138
panel,Camera,Agent360V2,v2,ConcederTBNegotiator,fast concession,time-based,second,2,0.5934766308422894,1.0,1.5934766308422894
panel,Camera,Agent360V2,v2,LinearTBNegotiator,linear time concession,time-based,first,2,0.6241373506143746,1.0,1.6241373506143746
panel,Camera,Agent360V2,v2,LinearTBNegotiator,linear time concession,time-based,second,2,0.5606098475381156,1.0,1.5606098475381156
panel,Camera,Agent360V2,v2,ToughNegotiator,"hard line, slow give",time-based,first,2,0.26931493014644,1.0,1.26931493014644
panel,Camera,Agent360V2,v2,ToughNegotiator,"hard line, slow give",time-based,second,2,0.4558860284928768,1.0,1.4558860284928767
panel,Camera,Agent360V2,v2,MiCRONegotiator,MiCRO (Genius-style),genius-style,first,2,0.3356337316950008,1.0,1.3356337316950009
panel,Camera,Agent360V2,v2,MiCRONegotiator,MiCRO (Genius-style),genius-style,second,2,0.5841039740064985,1.0,1.5841039740064984
panel,Camera,Agent360V2,v2,TimeBasedNegotiator,generic time-based,time-based,first,2,0.6204342703248611,1.0,1.620434270324861
panel,Camera,Agent360V2,v2,TimeBasedNegotiator,generic time-based,time-based,second,2,0.5988502874281431,1.0,1.5988502874281432
panel,Camera,Agent360V2,v2,AspirationNegotiator,aspiration-based,time-based,first,2,0.6805251641137855,1.0,1.6805251641137855
panel,Camera,Agent360V2,v2,AspirationNegotiator,aspiration-based,time-based,second,2,0.5971007248187954,1.0,1.5971007248187954
panel,Camera,Agent360V2,v2,HybridNegotiator,hybrid time + utility,hybrid,first,2,0.5412388486786737,1.0,1.5412388486786737
panel,Camera,Agent360V2,v2,HybridNegotiator,hybrid time + utility,hybrid,second,2,0.5841039740064985,1.0,1.5841039740064984
panel,Camera,Agent360V2,v2,RandomNegotiator,random rational offers,baseline,first,2,0.5292038377377546,0.5,1.0292038377377546
panel,Camera,Agent360V2,v2,RandomNegotiator,random rational offers,baseline,second,2,0.5843539115221195,1.0,1.5843539115221197
panel,Camera,Agent360V2,v2,NaiveTitForTatNegotiator,tit-for-tat,behavioral,first,2,0.4807271503113953,0.6212695242403017,1.101996674551697
panel,Camera,Agent360V2,v2,NaiveTitForTatNegotiator,tit-for-tat,behavioral,second,2,0.5818545363659087,0.6097223670233846,1.1915769033892931
panel,Camera,Agent360V2,v2,SimpleTitForTatNegotiator,simple tit-for-tat,behavioral,first,2,0.5940077428042417,0.6167010844029108,1.2107088272071524
panel,Camera,Agent360V2,v2,SimpleTitForTatNegotiator,simple tit-for-tat,behavioral,second,2,0.6364658835291178,0.6237293550656615,1.2601952385947794
panel,Camera,Agent360V2,v2,FirstOfferOrientedTBNegotiator,anchors on first offer,oriented,first,2,0.6204342703248611,1.0,1.620434270324861
panel,Camera,Agent360V2,v2,FirstOfferOrientedTBNegotiator,anchors on first offer,oriented,second,2,0.6377155711072233,1.0,1.6377155711072233
panel,Camera,Agent360V2,v2,LastOfferOrientedTBNegotiator,follows last offer,oriented,first,2,0.6204342703248611,1.0,1.620434270324861
panel,Camera,Agent360V2,v2,LastOfferOrientedTBNegotiator,follows last offer,oriented,second,2,0.6247188202949263,1.0,1.6247188202949263
panel,Camera,Agent360V2,v2,BestOfferOrientedTBNegotiator,tracks best offer seen,oriented,first,2,0.6204342703248611,1.0,1.620434270324861
panel,Camera,Agent360V2,v2,BestOfferOrientedTBNegotiator,tracks best offer seen,oriented,second,2,0.6174706323419146,1.0,1.6174706323419146
panel,Camera,Agent360V2Adaptive,v2.adaptive,SimpleNegotiator,reverse-ufun + time concede,example,first,2,0.6241373506143746,0.6192829402465182,1.2434202908608927
panel,Camera,Agent360V2Adaptive,v2.adaptive,SimpleNegotiator,reverse-ufun + time concede,example,second,2,0.5308672831792052,0.6189136636314623,1.1497809468106677
panel,Camera,Agent360V2Adaptive,v2.adaptive,BOANeg,BOA: time offer + Smith + ACNext,example,first,2,0.6204342703248611,0.5436597287423419,1.164093999067203
panel,Camera,Agent360V2Adaptive,v2.adaptive,BOANeg,BOA: time offer + Smith + ACNext,example,second,2,0.5539865033741566,0.5602605021988978,1.1142470055730544
panel,Camera,Agent360V2Adaptive,v2.adaptive,MAPNeg,"MAP: same stack, acceptance_first",example,first,2,0.6222858104696178,0.5465123822074728,1.1687981926770905
panel,Camera,Agent360V2Adaptive,v2.adaptive,MAPNeg,"MAP: same stack, acceptance_first",example,second,2,0.5971007248187954,0.5577296674350787,1.154830392253874
panel,Camera,Agent360V2Adaptive,v2.adaptive,BoulwareTBNegotiator,slow concession (Boulware),time-based,first,2,0.6204342703248611,1.0,1.620434270324861
panel,Camera,Agent360V2Adaptive,v2.adaptive,BoulwareTBNegotiator,slow concession (Boulware),time-based,second,2,0.6653336665833542,1.0,1.6653336665833542
panel,Camera,Agent360V2Adaptive,v2.adaptive,ConcederTBNegotiator,fast concession,time-based,first,2,0.8845312236997138,1.0,1.8845312236997138
panel,Camera,Agent360V2Adaptive,v2.adaptive,ConcederTBNegotiator,fast concession,time-based,second,2,0.6543364158960261,1.0,1.654336415896026
panel,Camera,Agent360V2Adaptive,v2.adaptive,LinearTBNegotiator,linear time concession,time-based,first,2,0.6241373506143746,1.0,1.6241373506143746
panel,Camera,Agent360V2Adaptive,v2.adaptive,LinearTBNegotiator,linear time concession,time-based,second,2,0.5606098475381156,1.0,1.5606098475381156
panel,Camera,Agent360V2Adaptive,v2.adaptive,ToughNegotiator,"hard line, slow give",time-based,first,2,0.26931493014644,1.0,1.26931493014644
panel,Camera,Agent360V2Adaptive,v2.adaptive,ToughNegotiator,"hard line, slow give",time-based,second,2,0.4558860284928768,1.0,1.4558860284928767
panel,Camera,Agent360V2Adaptive,v2.adaptive,MiCRONegotiator,MiCRO (Genius-style),genius-style,first,2,0.44260225551253995,1.0,1.44260225551254
panel,Camera,Agent360V2Adaptive,v2.adaptive,MiCRONegotiator,MiCRO (Genius-style),genius-style,second,2,0.5841039740064985,1.0,1.5841039740064984
panel,Camera,Agent360V2Adaptive,v2.adaptive,TimeBasedNegotiator,generic time-based,time-based,first,2,0.6896145430062279,1.0,1.689614543006228
panel,Camera,Agent360V2Adaptive,v2.adaptive,TimeBasedNegotiator,generic time-based,time-based,second,2,0.6044738815296177,1.0,1.6044738815296178
panel,Camera,Agent360V2Adaptive,v2.adaptive,AspirationNegotiator,aspiration-based,time-based,first,2,0.6805251641137855,1.0,1.6805251641137855
panel,Camera,Agent360V2Adaptive,v2.adaptive,AspirationNegotiator,aspiration-based,time-based,second,2,0.6247188202949263,1.0,1.6247188202949263
panel,Camera,Agent360V2Adaptive,v2.adaptive,HybridNegotiator,hybrid time + utility,hybrid,first,2,0.5668237670425853,1.0,1.5668237670425853
panel,Camera,Agent360V2Adaptive,v2.adaptive,HybridNegotiator,hybrid time + utility,hybrid,second,2,0.5841039740064985,1.0,1.5841039740064984
panel,Camera,Agent360V2Adaptive,v2.adaptive,RandomNegotiator,random rational offers,baseline,first,2,0.2952364921730349,1.0,1.2952364921730348
panel,Camera,Agent360V2Adaptive,v2.adaptive,RandomNegotiator,random rational offers,baseline,second,2,0.2659335166208448,1.0,1.2659335166208447
panel,Camera,Agent360V2Adaptive,v2.adaptive,NaiveTitForTatNegotiator,tit-for-tat,behavioral,first,2,0.5884531223699714,0.6180106574950647,1.206463779865036
panel,Camera,Agent360V2Adaptive,v2.adaptive,NaiveTitForTatNegotiator,tit-for-tat,behavioral,second,2,0.4988752811797051,0.6160453484407502,1.1149206296204555
panel,Camera,Agent360V2Adaptive,v2.adaptive,SimpleTitForTatNegotiator,simple tit-for-tat,behavioral,first,2,0.4807271503113953,0.6187996924994035,1.099526842810799
panel,Camera,Agent360V2Adaptive,v2.adaptive,SimpleTitForTatNegotiator,simple tit-for-tat,behavioral,second,2,0.5649837540614846,0.6184790318591455,1.1834627859206301
panel,Camera,Agent360V2Adaptive,v2.adaptive,FirstOfferOrientedTBNegotiator,anchors on first offer,oriented,first,2,0.6204342703248611,1.0,1.620434270324861
panel,Camera,Agent360V2Adaptive,v2.adaptive,FirstOfferOrientedTBNegotiator,anchors on first offer,oriented,second,2,0.6320919770057487,1.0,1.6320919770057487
panel,Camera,Agent360V2Adaptive,v2.adaptive,LastOfferOrientedTBNegotiator,follows last offer,oriented,first,2,0.6204342703248611,1.0,1.620434270324861
panel,Camera,Agent360V2Adaptive,v2.adaptive,LastOfferOrientedTBNegotiator,follows last offer,oriented,second,2,0.6653336665833542,1.0,1.6653336665833542
panel,Camera,Agent360V2Adaptive,v2.adaptive,BestOfferOrientedTBNegotiator,tracks best offer seen,oriented,first,2,0.6204342703248611,1.0,1.620434270324861
panel,Camera,Agent360V2Adaptive,v2.adaptive,BestOfferOrientedTBNegotiator,tracks best offer seen,oriented,second,2,0.6100974756310923,1.0,1.6100974756310924
panel,Car,Agent360,gradient,SimpleNegotiator,reverse-ufun + time concede,example,first,2,0.7379,0.24399304475156652,0.9818930447515666
panel,Car,Agent360,gradient,SimpleNegotiator,reverse-ufun + time concede,example,second,2,0.7946000000000001,0.5092064749745562,1.3038064749745564
panel,Car,Agent360,gradient,BOANeg,BOA: time offer + Smith + ACNext,example,first,2,0.8519000000000001,0.50066624322772,1.3525662432277201
panel,Car,Agent360,gradient,BOANeg,BOA: time offer + Smith + ACNext,example,second,2,0.8616000000000001,0.49425341374755094,1.355853413747551
panel,Car,Agent360,gradient,MAPNeg,"MAP: same stack, acceptance_first",example,first,2,0.8519000000000001,0.49478602702195007,1.34668602702195
panel,Car,Agent360,gradient,MAPNeg,"MAP: same stack, acceptance_first",example,second,2,0.8616000000000001,0.5030160937507405,1.3646160937507408
panel,Car,Agent360,gradient,BoulwareTBNegotiator,slow concession (Boulware),time-based,first,2,0.8519000000000001,1.0,1.8519
panel,Car,Agent360,gradient,BoulwareTBNegotiator,slow concession (Boulware),time-based,second,2,0.7518000000000001,1.0,1.7518000000000002
panel,Car,Agent360,gradient,ConcederTBNegotiator,fast concession,time-based,first,2,0.8155500000000001,0.0,0.8155500000000001
panel,Car,Agent360,gradient,ConcederTBNegotiator,fast concession,time-based,second,2,0.9787999999999999,1.0,1.9788
panel,Car,Agent360,gradient,LinearTBNegotiator,linear time concession,time-based,first,2,0.7328000000000001,1.0,1.7328000000000001
panel,Car,Agent360,gradient,LinearTBNegotiator,linear time concession,time-based,second,2,0.8223000000000001,1.0,1.8223000000000003
panel,Car,Agent360,gradient,ToughNegotiator,"hard line, slow give",time-based,first,2,0.0,1.0,1.0
panel,Car,Agent360,gradient,ToughNegotiator,"hard line, slow give",time-based,second,2,0.0,1.0,1.0
panel,Car,Agent360,gradient,MiCRONegotiator,MiCRO (Genius-style),genius-style,first,2,0.5899000000000001,1.0,1.5899
panel,Car,Agent360,gradient,MiCRONegotiator,MiCRO (Genius-style),genius-style,second,2,0.7060000000000002,1.0,1.706
panel,Car,Agent360,gradient,TimeBasedNegotiator,generic time-based,time-based,first,2,0.8519000000000001,1.0,1.8519
panel,Car,Agent360,gradient,TimeBasedNegotiator,generic time-based,time-based,second,2,0.8616000000000001,1.0,1.8616000000000001
panel,Car,Agent360,gradient,AspirationNegotiator,aspiration-based,time-based,first,2,0.8774,1.0,1.8774
panel,Car,Agent360,gradient,AspirationNegotiator,aspiration-based,time-based,second,2,0.8716000000000002,1.0,1.8716000000000002
panel,Car,Agent360,gradient,HybridNegotiator,hybrid time + utility,hybrid,first,2,0.7070000000000001,1.0,1.707
panel,Car,Agent360,gradient,HybridNegotiator,hybrid time + utility,hybrid,second,2,0.7938000000000001,1.0,1.7938
panel,Car,Agent360,gradient,RandomNegotiator,random rational offers,baseline,first,2,0.93805,1.0,1.93805
panel,Car,Agent360,gradient,RandomNegotiator,random rational offers,baseline,second,2,0.0,1.0,1.0
panel,Car,Agent360,gradient,NaiveTitForTatNegotiator,tit-for-tat,behavioral,first,2,0.7842,0.48566529047784424,1.2698652904778442
panel,Car,Agent360,gradient,NaiveTitForTatNegotiator,tit-for-tat,behavioral,second,2,0.8294999999999999,0.48309934942574717,1.312599349425747
panel,Car,Agent360,gradient,SimpleTitForTatNegotiator,simple tit-for-tat,behavioral,first,2,0.6970500000000001,0.48566529047784424,1.1827152904778444
panel,Car,Agent360,gradient,SimpleTitForTatNegotiator,simple tit-for-tat,behavioral,second,2,0.8489000000000001,0.4919636673487162,1.3408636673487164
panel,Car,Agent360,gradient,FirstOfferOrientedTBNegotiator,anchors on first offer,oriented,first,2,0.8519000000000001,1.0,1.8519
panel,Car,Agent360,gradient,FirstOfferOrientedTBNegotiator,anchors on first offer,oriented,second,2,0.8616000000000001,1.0,1.8616000000000001
panel,Car,Agent360,gradient,LastOfferOrientedTBNegotiator,follows last offer,oriented,first,2,0.8519000000000001,1.0,1.8519
panel,Car,Agent360,gradient,LastOfferOrientedTBNegotiator,follows last offer,oriented,second,2,0.8616000000000001,1.0,1.8616000000000001
panel,Car,Agent360,gradient,BestOfferOrientedTBNegotiator,tracks best offer seen,oriented,first,2,0.8519000000000001,1.0,1.8519
panel,Car,Agent360,gradient,BestOfferOrientedTBNegotiator,tracks best offer seen,oriented,second,2,0.8616000000000001,1.0,1.8616000000000001
panel,Car,Agent360Full,full,SimpleNegotiator,reverse-ufun + time concede,example,first,2,0.7144,0.0,0.7144
panel,Car,Agent360Full,full,SimpleNegotiator,reverse-ufun + time concede,example,second,2,0.8993,0.4919636673487162,1.3912636673487162
panel,Car,Agent360Full,full,BOANeg,BOA: time offer + Smith + ACNext,example,first,2,0.8519000000000001,0.5723875971275583,1.4242875971275584
panel,Car,Agent360Full,full,BOANeg,BOA: time offer + Smith + ACNext,example,second,2,0.7598000000000001,0.5651567163938878,1.324956716393888
panel,Car,Agent360Full,full,MAPNeg,"MAP: same stack, acceptance_first",example,first,2,0.8519000000000001,0.5729149813083783,1.4248149813083784
panel,Car,Agent360Full,full,MAPNeg,"MAP: same stack, acceptance_first",example,second,2,0.7598000000000001,0.5557323570407342,1.3155323570407342
panel,Car,Agent360Full,full,BoulwareTBNegotiator,slow concession (Boulware),time-based,first,2,0.8519000000000001,1.0,1.8519
panel,Car,Agent360Full,full,BoulwareTBNegotiator,slow concession (Boulware),time-based,second,2,0.8616000000000001,1.0,1.8616000000000001
panel,Car,Agent360Full,full,ConcederTBNegotiator,fast concession,time-based,first,2,0.7523000000000002,0.0,0.7523000000000002
panel,Car,Agent360Full,full,ConcederTBNegotiator,fast concession,time-based,second,2,0.9787999999999999,1.0,1.9788
panel,Car,Agent360Full,full,LinearTBNegotiator,linear time concession,time-based,first,2,0.7371000000000001,1.0,1.7370999999999999
panel,Car,Agent360Full,full,LinearTBNegotiator,linear time concession,time-based,second,2,0.8390000000000002,1.0,1.839
panel,Car,Agent360Full,full,ToughNegotiator,"hard line, slow give",time-based,first,2,0.0,1.0,1.0
panel,Car,Agent360Full,full,ToughNegotiator,"hard line, slow give",time-based,second,2,0.0,1.0,1.0
panel,Car,Agent360Full,full,MiCRONegotiator,MiCRO (Genius-style),genius-style,first,2,0.5899000000000001,1.0,1.5899
panel,Car,Agent360Full,full,MiCRONegotiator,MiCRO (Genius-style),genius-style,second,2,0.7860000000000001,1.0,1.786
panel,Car,Agent360Full,full,TimeBasedNegotiator,generic time-based,time-based,first,2,0.8519000000000001,1.0,1.8519
panel,Car,Agent360Full,full,TimeBasedNegotiator,generic time-based,time-based,second,2,0.8616000000000001,1.0,1.8616000000000001
panel,Car,Agent360Full,full,AspirationNegotiator,aspiration-based,time-based,first,2,0.8774,1.0,1.8774
panel,Car,Agent360Full,full,AspirationNegotiator,aspiration-based,time-based,second,2,0.8716000000000002,1.0,1.8716000000000002
panel,Car,Agent360Full,full,HybridNegotiator,hybrid time + utility,hybrid,first,2,0.7290000000000001,1.0,1.729
panel,Car,Agent360Full,full,HybridNegotiator,hybrid time + utility,hybrid,second,2,0.7658000000000001,1.0,1.7658
panel,Car,Agent360Full,full,RandomNegotiator,random rational offers,baseline,first,2,0.69255,1.0,1.69255
panel,Car,Agent360Full,full,RandomNegotiator,random rational offers,baseline,second,2,0.8488,1.0,1.8488
panel,Car,Agent360Full,full,NaiveTitForTatNegotiator,tit-for-tat,behavioral,first,2,0.729,0.48566529047784424,1.214665290477844
panel,Car,Agent360Full,full,NaiveTitForTatNegotiator,tit-for-tat,behavioral,second,2,0.8778000000000001,0.4919636673487162,1.3697636673487164
panel,Car,Agent360Full,full,SimpleTitForTatNegotiator,simple tit-for-tat,behavioral,first,2,0.791,0.48566529047784424,1.2766652904778444
panel,Car,Agent360Full,full,SimpleTitForTatNegotiator,simple tit-for-tat,behavioral,second,2,0.9428000000000001,0.4919636673487162,1.4347636673487163
panel,Car,Agent360Full,full,FirstOfferOrientedTBNegotiator,anchors on first offer,oriented,first,2,0.8519000000000001,1.0,1.8519
panel,Car,Agent360Full,full,FirstOfferOrientedTBNegotiator,anchors on first offer,oriented,second,2,0.8616000000000001,1.0,1.8616000000000001
panel,Car,Agent360Full,full,LastOfferOrientedTBNegotiator,follows last offer,oriented,first,2,0.8519000000000001,1.0,1.8519
panel,Car,Agent360Full,full,LastOfferOrientedTBNegotiator,follows last offer,oriented,second,2,0.8616000000000001,1.0,1.8616000000000001
panel,Car,Agent360Full,full,BestOfferOrientedTBNegotiator,tracks best offer seen,oriented,first,2,0.8519000000000001,1.0,1.8519
panel,Car,Agent360Full,full,BestOfferOrientedTBNegotiator,tracks best offer seen,oriented,second,2,0.7518000000000001,1.0,1.7518000000000002
panel,Car,Agent360Reverse,reverse,SimpleNegotiator,reverse-ufun + time concede,example,first,2,0.9312,0.49892369104149403,1.430123691041494
panel,Car,Agent360Reverse,reverse,SimpleNegotiator,reverse-ufun + time concede,example,second,2,0.9188000000000002,0.51924849854101,1.43804849854101
panel,Car,Agent360Reverse,reverse,BOANeg,BOA: time offer + Smith + ACNext,example,first,2,0.8519000000000001,0.4806355614697022,1.3325355614697023
panel,Car,Agent360Reverse,reverse,BOANeg,BOA: time offer + Smith + ACNext,example,second,2,0.8616000000000001,0.5069726659434592,1.3685726659434594
panel,Car,Agent360Reverse,reverse,MAPNeg,"MAP: same stack, acceptance_first",example,first,2,0.8519000000000001,0.4813086244788183,1.3332086244788184
panel,Car,Agent360Reverse,reverse,MAPNeg,"MAP: same stack, acceptance_first",example,second,2,0.8616000000000001,0.5087271163882723,1.3703271163882724
panel,Car,Agent360Reverse,reverse,BoulwareTBNegotiator,slow concession (Boulware),time-based,first,2,0.8519000000000001,1.0,1.8519
panel,Car,Agent360Reverse,reverse,BoulwareTBNegotiator,slow concession (Boulware),time-based,second,2,0.8616000000000001,1.0,1.8616000000000001
panel,Car,Agent360Reverse,reverse,ConcederTBNegotiator,fast concession,time-based,first,2,0.9855000000000002,1.0,1.9855
panel,Car,Agent360Reverse,reverse,ConcederTBNegotiator,fast concession,time-based,second,2,0.9738000000000001,1.0,1.9738000000000002
panel,Car,Agent360Reverse,reverse,LinearTBNegotiator,linear time concession,time-based,first,2,0.9312,1.0,1.9312
panel,Car,Agent360Reverse,reverse,LinearTBNegotiator,linear time concession,time-based,second,2,0.9707999999999999,1.0,1.9707999999999999
panel,Car,Agent360Reverse,reverse,ToughNegotiator,"hard line, slow give",time-based,first,2,0.0,1.0,1.0
panel,Car,Agent360Reverse,reverse,ToughNegotiator,"hard line, slow give",time-based,second,2,0.0,1.0,1.0
panel,Car,Agent360Reverse,reverse,MiCRONegotiator,MiCRO (Genius-style),genius-style,first,2,0.6086000000000001,1.0,1.6086
panel,Car,Agent360Reverse,reverse,MiCRONegotiator,MiCRO (Genius-style),genius-style,second,2,0.7860000000000001,1.0,1.786
panel,Car,Agent360Reverse,reverse,TimeBasedNegotiator,generic time-based,time-based,first,2,0.8519000000000001,1.0,1.8519
panel,Car,Agent360Reverse,reverse,TimeBasedNegotiator,generic time-based,time-based,second,2,0.8616000000000001,1.0,1.8616000000000001
panel,Car,Agent360Reverse,reverse,AspirationNegotiator,aspiration-based,time-based,first,2,0.8774,1.0,1.8774
panel,Car,Agent360Reverse,reverse,AspirationNegotiator,aspiration-based,time-based,second,2,0.8716000000000002,1.0,1.8716000000000002
panel,Car,Agent360Reverse,reverse,HybridNegotiator,hybrid time + utility,hybrid,first,2,0.9680500000000001,1.0,1.96805
panel,Car,Agent360Reverse,reverse,HybridNegotiator,hybrid time + utility,hybrid,second,2,0.9397000000000001,1.0,1.9397000000000002
panel,Car,Agent360Reverse,reverse,RandomNegotiator,random rational offers,baseline,first,2,0.9815000000000002,1.0,1.9815
panel,Car,Agent360Reverse,reverse,RandomNegotiator,random rational offers,baseline,second,2,0.9955,1.0,1.9955
panel,Car,Agent360Reverse,reverse,NaiveTitForTatNegotiator,tit-for-tat,behavioral,first,2,0.9850000000000001,0.4853532026972238,1.470353202697224
panel,Car,Agent360Reverse,reverse,NaiveTitForTatNegotiator,tit-for-tat,behavioral,second,2,0.9837999999999999,0.4569907899097333,1.4407907899097332
panel,Car,Agent360Reverse,reverse,SimpleTitForTatNegotiator,simple tit-for-tat,behavioral,first,2,0.97295,0.46735071061865985,1.4403007106186598
panel,Car,Agent360Reverse,reverse,SimpleTitForTatNegotiator,simple tit-for-tat,behavioral,second,2,0.9678,0.46648621966143167,1.4342862196614317
panel,Car,Agent360Reverse,reverse,FirstOfferOrientedTBNegotiator,anchors on first offer,oriented,first,2,0.8519000000000001,1.0,1.8519
panel,Car,Agent360Reverse,reverse,FirstOfferOrientedTBNegotiator,anchors on first offer,oriented,second,2,0.8616000000000001,1.0,1.8616000000000001
panel,Car,Agent360Reverse,reverse,LastOfferOrientedTBNegotiator,follows last offer,oriented,first,2,0.8519000000000001,1.0,1.8519
panel,Car,Agent360Reverse,reverse,LastOfferOrientedTBNegotiator,follows last offer,oriented,second,2,0.8616000000000001,1.0,1.8616000000000001
panel,Car,Agent360Reverse,reverse,BestOfferOrientedTBNegotiator,tracks best offer seen,oriented,first,2,0.8519000000000001,1.0,1.8519
panel,Car,Agent360Reverse,reverse,BestOfferOrientedTBNegotiator,tracks best offer seen,oriented,second,2,0.8616000000000001,1.0,1.8616000000000001
panel,Car,Agent360V2,v2,SimpleNegotiator,reverse-ufun + time concede,example,first,2,0.7755000000000001,0.0,0.7755000000000001
panel,Car,Agent360V2,v2,SimpleNegotiator,reverse-ufun + time concede,example,second,2,0.7693000000000001,0.4919636673487162,1.2612636673487163
panel,Car,Agent360V2,v2,BOANeg,BOA: time offer + Smith + ACNext,example,first,2,0.7392000000000001,0.5533263094408358,1.2925263094408357
panel,Car,Agent360V2,v2,BOANeg,BOA: time offer + Smith + ACNext,example,second,2,0.8616000000000001,0.5668221448741805,1.4284221448741805
panel,Car,Agent360V2,v2,MAPNeg,"MAP: same stack, acceptance_first",example,first,2,0.8519000000000001,0.5778055285260978,1.4297055285260978
panel,Car,Agent360V2,v2,MAPNeg,"MAP: same stack, acceptance_first",example,second,2,0.7438000000000001,0.5888936570783357,1.3326936570783359
panel,Car,Agent360V2,v2,BoulwareTBNegotiator,slow concession (Boulware),time-based,first,2,0.7642,1.0,1.7642
panel,Car,Agent360V2,v2,BoulwareTBNegotiator,slow concession (Boulware),time-based,second,2,0.7598000000000001,1.0,1.7598000000000003
panel,Car,Agent360V2,v2,ConcederTBNegotiator,fast concession,time-based,first,2,0.62605,0.0,0.62605
panel,Car,Agent360V2,v2,ConcederTBNegotiator,fast concession,time-based,second,2,0.9787999999999999,1.0,1.9788
panel,Car,Agent360V2,v2,LinearTBNegotiator,linear time concession,time-based,first,2,0.7354,1.0,1.7354
panel,Car,Agent360V2,v2,LinearTBNegotiator,linear time concession,time-based,second,2,0.6328,1.0,1.6328
panel,Car,Agent360V2,v2,ToughNegotiator,"hard line, slow give",time-based,first,2,0.0,1.0,1.0
panel,Car,Agent360V2,v2,ToughNegotiator,"hard line, slow give",time-based,second,2,0.0,1.0,1.0
panel,Car,Agent360V2,v2,MiCRONegotiator,MiCRO (Genius-style),genius-style,first,2,0.5899000000000001,1.0,1.5899
panel,Car,Agent360V2,v2,MiCRONegotiator,MiCRO (Genius-style),genius-style,second,2,0.7860000000000001,1.0,1.786
panel,Car,Agent360V2,v2,TimeBasedNegotiator,generic time-based,time-based,first,2,0.8519000000000001,1.0,1.8519
panel,Car,Agent360V2,v2,TimeBasedNegotiator,generic time-based,time-based,second,2,0.8616000000000001,1.0,1.8616000000000001
panel,Car,Agent360V2,v2,AspirationNegotiator,aspiration-based,time-based,first,2,0.8774,1.0,1.8774
panel,Car,Agent360V2,v2,AspirationNegotiator,aspiration-based,time-based,second,2,0.8716000000000002,1.0,1.8716000000000002
panel,Car,Agent360V2,v2,HybridNegotiator,hybrid time + utility,hybrid,first,2,0.6690500000000001,1.0,1.66905
panel,Car,Agent360V2,v2,HybridNegotiator,hybrid time + utility,hybrid,second,2,0.6806000000000001,1.0,1.6806
panel,Car,Agent360V2,v2,RandomNegotiator,random rational offers,baseline,first,2,0.91195,1.0,1.91195
panel,Car,Agent360V2,v2,RandomNegotiator,random rational offers,baseline,second,2,0.7932000000000001,1.0,1.7932000000000001
panel,Car,Agent360V2,v2,NaiveTitForTatNegotiator,tit-for-tat,behavioral,first,2,0.71685,0.48566529047784424,1.2025152904778442
panel,Car,Agent360V2,v2,NaiveTitForTatNegotiator,tit-for-tat,behavioral,second,2,0.8092000000000001,0.4919636673487162,1.3011636673487161
panel,Car,Agent360V2,v2,SimpleTitForTatNegotiator,simple tit-for-tat,behavioral,first,2,0.74995,0.48566529047784424,1.2356152904778441
panel,Car,Agent360V2,v2,SimpleTitForTatNegotiator,simple tit-for-tat,behavioral,second,2,0.8924000000000001,0.4919636673487162,1.3843636673487163
panel,Car,Agent360V2,v2,FirstOfferOrientedTBNegotiator,anchors on first offer,oriented,first,2,0.7813500000000001,1.0,1.7813500000000002
panel,Car,Agent360V2,v2,FirstOfferOrientedTBNegotiator,anchors on first offer,oriented,second,2,0.7698,1.0,1.7698
panel,Car,Agent360V2,v2,LastOfferOrientedTBNegotiator,follows last offer,oriented,first,2,0.80805,1.0,1.8080500000000002
panel,Car,Agent360V2,v2,LastOfferOrientedTBNegotiator,follows last offer,oriented,second,2,0.8616000000000001,1.0,1.8616000000000001
panel,Car,Agent360V2,v2,BestOfferOrientedTBNegotiator,tracks best offer seen,oriented,first,2,0.7775000000000001,1.0,1.7775
panel,Car,Agent360V2,v2,BestOfferOrientedTBNegotiator,tracks best offer seen,oriented,second,2,0.8616000000000001,1.0,1.8616000000000001
panel,Car,Agent360V2Adaptive,v2.adaptive,SimpleNegotiator,reverse-ufun + time concede,example,first,2,0.9414,0.0,0.9414
panel,Car,Agent360V2Adaptive,v2.adaptive,SimpleNegotiator,reverse-ufun + time concede,example,second,2,0.6464000000000001,0.4919636673487162,1.1383636673487163
panel,Car,Agent360V2Adaptive,v2.adaptive,BOANeg,BOA: time offer + Smith + ACNext,example,first,2,0.67705,0.5755030260716141,1.2525530260716142
panel,Car,Agent360V2Adaptive,v2.adaptive,BOANeg,BOA: time offer + Smith + ACNext,example,second,2,0.8616000000000001,0.5543832308343254,1.4159832308343254
panel,Car,Agent360V2Adaptive,v2.adaptive,MAPNeg,"MAP: same stack, acceptance_first",example,first,2,0.7392000000000001,0.5768334872026686,1.3160334872026687
panel,Car,Agent360V2Adaptive,v2.adaptive,MAPNeg,"MAP: same stack, acceptance_first",example,second,2,0.7636000000000001,0.5625918982374727,1.326191898237473
panel,Car,Agent360V2Adaptive,v2.adaptive,BoulwareTBNegotiator,slow concession (Boulware),time-based,first,2,0.7392000000000001,1.0,1.7392
panel,Car,Agent360V2Adaptive,v2.adaptive,BoulwareTBNegotiator,slow concession (Boulware),time-based,second,2,0.7698,1.0,1.7698
panel,Car,Agent360V2Adaptive,v2.adaptive,ConcederTBNegotiator,fast concession,time-based,first,2,0.627,0.0,0.627
panel,Car,Agent360V2Adaptive,v2.adaptive,ConcederTBNegotiator,fast concession,time-based,second,2,0.9787999999999999,1.0,1.9788
panel,Car,Agent360V2Adaptive,v2.adaptive,LinearTBNegotiator,linear time concession,time-based,first,2,0.65575,1.0,1.65575
panel,Car,Agent360V2Adaptive,v2.adaptive,LinearTBNegotiator,linear time concession,time-based,second,2,0.6580000000000001,1.0,1.6580000000000001
panel,Car,Agent360V2Adaptive,v2.adaptive,ToughNegotiator,"hard line, slow give",time-based,first,2,0.0,1.0,1.0
panel,Car,Agent360V2Adaptive,v2.adaptive,ToughNegotiator,"hard line, slow give",time-based,second,2,0.0,1.0,1.0
panel,Car,Agent360V2Adaptive,v2.adaptive,MiCRONegotiator,MiCRO (Genius-style),genius-style,first,2,0.5899000000000001,1.0,1.5899
panel,Car,Agent360V2Adaptive,v2.adaptive,MiCRONegotiator,MiCRO (Genius-style),genius-style,second,2,0.7140000000000002,1.0,1.714
panel,Car,Agent360V2Adaptive,v2.adaptive,TimeBasedNegotiator,generic time-based,time-based,first,2,0.7375,1.0,1.7375
panel,Car,Agent360V2Adaptive,v2.adaptive,TimeBasedNegotiator,generic time-based,time-based,second,2,0.8616000000000001,1.0,1.8616000000000001
panel,Car,Agent360V2Adaptive,v2.adaptive,AspirationNegotiator,aspiration-based,time-based,first,2,0.79665,1.0,1.79665
panel,Car,Agent360V2Adaptive,v2.adaptive,AspirationNegotiator,aspiration-based,time-based,second,2,0.7488000000000001,1.0,1.7488000000000001
panel,Car,Agent360V2Adaptive,v2.adaptive,HybridNegotiator,hybrid time + utility,hybrid,first,2,0.7583,1.0,1.7583
panel,Car,Agent360V2Adaptive,v2.adaptive,HybridNegotiator,hybrid time + utility,hybrid,second,2,0.7448000000000001,1.0,1.7448000000000001
panel,Car,Agent360V2Adaptive,v2.adaptive,RandomNegotiator,random rational offers,baseline,first,2,0.0,0.5,0.5
panel,Car,Agent360V2Adaptive,v2.adaptive,RandomNegotiator,random rational offers,baseline,second,2,0.8525,1.0,1.8525
panel,Car,Agent360V2Adaptive,v2.adaptive,NaiveTitForTatNegotiator,tit-for-tat,behavioral,first,2,0.8026,0.48566529047784424,1.2882652904778444
panel,Car,Agent360V2Adaptive,v2.adaptive,NaiveTitForTatNegotiator,tit-for-tat,behavioral,second,2,0.7852000000000001,0.4919636673487162,1.2771636673487163
panel,Car,Agent360V2Adaptive,v2.adaptive,SimpleTitForTatNegotiator,simple tit-for-tat,behavioral,first,2,0.6948500000000001,0.48566529047784424,1.1805152904778442
panel,Car,Agent360V2Adaptive,v2.adaptive,SimpleTitForTatNegotiator,simple tit-for-tat,behavioral,second,2,0.8307000000000001,0.4919636673487162,1.3226636673487162
panel,Car,Agent360V2Adaptive,v2.adaptive,FirstOfferOrientedTBNegotiator,anchors on first offer,oriented,first,2,0.8519000000000001,1.0,1.8519
panel,Car,Agent360V2Adaptive,v2.adaptive,FirstOfferOrientedTBNegotiator,anchors on first offer,oriented,second,2,0.7698,1.0,1.7698
panel,Car,Agent360V2Adaptive,v2.adaptive,LastOfferOrientedTBNegotiator,follows last offer,oriented,first,2,0.7813500000000001,1.0,1.7813500000000002
panel,Car,Agent360V2Adaptive,v2.adaptive,LastOfferOrientedTBNegotiator,follows last offer,oriented,second,2,0.7698,1.0,1.7698
panel,Car,Agent360V2Adaptive,v2.adaptive,BestOfferOrientedTBNegotiator,tracks best offer seen,oriented,first,2,0.7775000000000001,1.0,1.7775
panel,Car,Agent360V2Adaptive,v2.adaptive,BestOfferOrientedTBNegotiator,tracks best offer seen,oriented,second,2,0.8616000000000001,1.0,1.8616000000000001
panel,Grocery,Agent360,gradient,SimpleNegotiator,reverse-ufun + time concede,example,first,2,0.588888888888889,0.6285025257883223,1.2173914146772113
panel,Grocery,Agent360,gradient,SimpleNegotiator,reverse-ufun + time concede,example,second,2,0.8416666666666668,0.6474069509389773,1.489073617605644
panel,Grocery,Agent360,gradient,BOANeg,BOA: time offer + Smith + ACNext,example,first,2,0.7055555555555557,0.4655896828203937,1.1711452383759493
panel,Grocery,Agent360,gradient,BOANeg,BOA: time offer + Smith + ACNext,example,second,2,0.7500000000000001,0.5077915012643304,1.2577915012643306
panel,Grocery,Agent360,gradient,MAPNeg,"MAP: same stack, acceptance_first",example,first,2,0.7055555555555557,0.4703373659174802,1.1758929214730358
panel,Grocery,Agent360,gradient,MAPNeg,"MAP: same stack, acceptance_first",example,second,2,0.7500000000000001,0.5039452948424316,1.2539452948424317
panel,Grocery,Agent360,gradient,BoulwareTBNegotiator,slow concession (Boulware),time-based,first,2,0.7083333333333335,1.0,1.7083333333333335
panel,Grocery,Agent360,gradient,BoulwareTBNegotiator,slow concession (Boulware),time-based,second,2,0.7500000000000001,1.0,1.75
panel,Grocery,Agent360,gradient,ConcederTBNegotiator,fast concession,time-based,first,2,0.6055555555555556,1.0,1.6055555555555556
panel,Grocery,Agent360,gradient,ConcederTBNegotiator,fast concession,time-based,second,2,0.638888888888889,1.0,1.6388888888888888
panel,Grocery,Agent360,gradient,LinearTBNegotiator,linear time concession,time-based,first,2,0.6055555555555556,1.0,1.6055555555555556
panel,Grocery,Agent360,gradient,LinearTBNegotiator,linear time concession,time-based,second,2,0.7750000000000001,1.0,1.775
panel,Grocery,Agent360,gradient,ToughNegotiator,"hard line, slow give",time-based,first,2,0.38888888888888895,1.0,1.3888888888888888
panel,Grocery,Agent360,gradient,ToughNegotiator,"hard line, slow give",time-based,second,2,0.47222222222222227,1.0,1.4722222222222223
panel,Grocery,Agent360,gradient,MiCRONegotiator,MiCRO (Genius-style),genius-style,first,2,0.5333333333333334,1.0,1.5333333333333334
panel,Grocery,Agent360,gradient,MiCRONegotiator,MiCRO (Genius-style),genius-style,second,2,0.7500000000000001,1.0,1.75
panel,Grocery,Agent360,gradient,TimeBasedNegotiator,generic time-based,time-based,first,2,0.7055555555555557,1.0,1.7055555555555557
panel,Grocery,Agent360,gradient,TimeBasedNegotiator,generic time-based,time-based,second,2,0.7500000000000001,1.0,1.75
panel,Grocery,Agent360,gradient,AspirationNegotiator,aspiration-based,time-based,first,2,0.8222222222222224,1.0,1.8222222222222224
panel,Grocery,Agent360,gradient,AspirationNegotiator,aspiration-based,time-based,second,2,0.7500000000000001,1.0,1.75
panel,Grocery,Agent360,gradient,HybridNegotiator,hybrid time + utility,hybrid,first,2,0.6972222222222224,1.0,1.6972222222222224
panel,Grocery,Agent360,gradient,HybridNegotiator,hybrid time + utility,hybrid,second,2,0.6527777777777778,1.0,1.6527777777777777
panel,Grocery,Agent360,gradient,RandomNegotiator,random rational offers,baseline,first,2,0.6027777777777779,1.0,1.6027777777777779
panel,Grocery,Agent360,gradient,RandomNegotiator,random rational offers,baseline,second,2,0.7138888888888889,1.0,1.713888888888889
panel,Grocery,Agent360,gradient,NaiveTitForTatNegotiator,tit-for-tat,behavioral,first,2,0.6944444444444445,0.6261949369252471,1.3206393813696915
panel,Grocery,Agent360,gradient,NaiveTitForTatNegotiator,tit-for-tat,behavioral,second,2,0.6333333333333334,0.6378248147218084,1.2711581480551417
panel,Grocery,Agent360,gradient,SimpleTitForTatNegotiator,simple tit-for-tat,behavioral,first,2,0.6027777777777779,0.629168888811219,1.2319466665889969
panel,Grocery,Agent360,gradient,SimpleTitForTatNegotiator,simple tit-for-tat,behavioral,second,2,0.763888888888889,0.6410849020339815,1.4049737909228706
panel,Grocery,Agent360,gradient,FirstOfferOrientedTBNegotiator,anchors on first offer,oriented,first,2,0.713888888888889,1.0,1.713888888888889
panel,Grocery,Agent360,gradient,FirstOfferOrientedTBNegotiator,anchors on first offer,oriented,second,2,0.7500000000000001,1.0,1.75
panel,Grocery,Agent360,gradient,LastOfferOrientedTBNegotiator,follows last offer,oriented,first,2,0.7055555555555557,1.0,1.7055555555555557
panel,Grocery,Agent360,gradient,LastOfferOrientedTBNegotiator,follows last offer,oriented,second,2,0.7500000000000001,1.0,1.75
panel,Grocery,Agent360,gradient,BestOfferOrientedTBNegotiator,tracks best offer seen,oriented,first,2,0.7638888888888891,1.0,1.763888888888889
panel,Grocery,Agent360,gradient,BestOfferOrientedTBNegotiator,tracks best offer seen,oriented,second,2,0.7500000000000001,1.0,1.75
panel,Grocery,Agent360Full,full,SimpleNegotiator,reverse-ufun + time concede,example,first,2,0.588888888888889,0.6285025257883223,1.2173914146772113
panel,Grocery,Agent360Full,full,SimpleNegotiator,reverse-ufun + time concede,example,second,2,0.7500000000000001,0.6421345180823227,1.3921345180823228
panel,Grocery,Agent360Full,full,BOANeg,BOA: time offer + Smith + ACNext,example,first,2,0.7055555555555557,0.4864158150535989,1.1919713706091546
panel,Grocery,Agent360Full,full,BOANeg,BOA: time offer + Smith + ACNext,example,second,2,0.7500000000000001,0.5283807265059758,1.278380726505976
panel,Grocery,Agent360Full,full,MAPNeg,"MAP: same stack, acceptance_first",example,first,2,0.7055555555555557,0.47716861762673407,1.1827241731822897
panel,Grocery,Agent360Full,full,MAPNeg,"MAP: same stack, acceptance_first",example,second,2,0.7500000000000001,0.5340697839666875,1.2840697839666877
panel,Grocery,Agent360Full,full,BoulwareTBNegotiator,slow concession (Boulware),time-based,first,2,0.7055555555555557,1.0,1.7055555555555557
panel,Grocery,Agent360Full,full,BoulwareTBNegotiator,slow concession (Boulware),time-based,second,2,0.7500000000000001,1.0,1.75
panel,Grocery,Agent360Full,full,ConcederTBNegotiator,fast concession,time-based,first,2,0.6055555555555556,1.0,1.6055555555555556
panel,Grocery,Agent360Full,full,ConcederTBNegotiator,fast concession,time-based,second,2,0.638888888888889,1.0,1.6388888888888888
panel,Grocery,Agent360Full,full,LinearTBNegotiator,linear time concession,time-based,first,2,0.588888888888889,1.0,1.588888888888889
panel,Grocery,Agent360Full,full,LinearTBNegotiator,linear time concession,time-based,second,2,0.7500000000000001,1.0,1.75
panel,Grocery,Agent360Full,full,ToughNegotiator,"hard line, slow give",time-based,first,2,0.38888888888888895,1.0,1.3888888888888888
panel,Grocery,Agent360Full,full,ToughNegotiator,"hard line, slow give",time-based,second,2,0.47222222222222227,1.0,1.4722222222222223
panel,Grocery,Agent360Full,full,MiCRONegotiator,MiCRO (Genius-style),genius-style,first,2,0.5333333333333334,1.0,1.5333333333333334
panel,Grocery,Agent360Full,full,MiCRONegotiator,MiCRO (Genius-style),genius-style,second,2,0.7500000000000001,1.0,1.75
panel,Grocery,Agent360Full,full,TimeBasedNegotiator,generic time-based,time-based,first,2,0.7055555555555557,1.0,1.7055555555555557
panel,Grocery,Agent360Full,full,TimeBasedNegotiator,generic time-based,time-based,second,2,0.7500000000000001,1.0,1.75
panel,Grocery,Agent360Full,full,AspirationNegotiator,aspiration-based,time-based,first,2,0.8222222222222224,1.0,1.8222222222222224
panel,Grocery,Agent360Full,full,AspirationNegotiator,aspiration-based,time-based,second,2,0.7500000000000001,1.0,1.75
panel,Grocery,Agent360Full,full,HybridNegotiator,hybrid time + utility,hybrid,first,2,0.4916666666666667,1.0,1.4916666666666667
panel,Grocery,Agent360Full,full,HybridNegotiator,hybrid time + utility,hybrid,second,2,0.7333333333333334,1.0,1.7333333333333334
panel,Grocery,Agent360Full,full,RandomNegotiator,random rational offers,baseline,first,2,0.5305555555555557,1.0,1.5305555555555557
panel,Grocery,Agent360Full,full,RandomNegotiator,random rational offers,baseline,second,2,0.7194444444444446,1.0,1.7194444444444446
panel,Grocery,Agent360Full,full,NaiveTitForTatNegotiator,tit-for-tat,behavioral,first,2,0.49722222222222223,0.6192184239800804,1.1164406462023027
panel,Grocery,Agent360Full,full,NaiveTitForTatNegotiator,tit-for-tat,behavioral,second,2,0.55,0.6436977260377701,1.1936977260377701
panel,Grocery,Agent360Full,full,SimpleTitForTatNegotiator,simple tit-for-tat,behavioral,first,2,0.5083333333333334,0.6310334495845635,1.139366782917897
panel,Grocery,Agent360Full,full,SimpleTitForTatNegotiator,simple tit-for-tat,behavioral,second,2,0.6166666666666667,0.6375668583789207,1.2542335250455874
panel,Grocery,Agent360Full,full,FirstOfferOrientedTBNegotiator,anchors on first offer,oriented,first,2,0.7055555555555557,1.0,1.7055555555555557
panel,Grocery,Agent360Full,full,FirstOfferOrientedTBNegotiator,anchors on first offer,oriented,second,2,0.7500000000000001,1.0,1.75
panel,Grocery,Agent360Full,full,LastOfferOrientedTBNegotiator,follows last offer,oriented,first,2,0.7055555555555557,1.0,1.7055555555555557
panel,Grocery,Agent360Full,full,LastOfferOrientedTBNegotiator,follows last offer,oriented,second,2,0.7500000000000001,1.0,1.75
panel,Grocery,Agent360Full,full,BestOfferOrientedTBNegotiator,tracks best offer seen,oriented,first,2,0.7055555555555557,1.0,1.7055555555555557
panel,Grocery,Agent360Full,full,BestOfferOrientedTBNegotiator,tracks best offer seen,oriented,second,2,0.7500000000000001,1.0,1.75
panel,Grocery,Agent360Reverse,reverse,SimpleNegotiator,reverse-ufun + time concede,example,first,2,0.8722222222222223,0.6285909353933783,1.5008131576156005
panel,Grocery,Agent360Reverse,reverse,SimpleNegotiator,reverse-ufun + time concede,example,second,2,0.8833333333333334,0.6427744303442611,1.5261077636775946
panel,Grocery,Agent360Reverse,reverse,BOANeg,BOA: time offer + Smith + ACNext,example,first,2,0.7055555555555557,0.4771735726448263,1.182729128200382
panel,Grocery,Agent360Reverse,reverse,BOANeg,BOA: time offer + Smith + ACNext,example,second,2,0.7500000000000001,0.5120289762971818,1.262028976297182
panel,Grocery,Agent360Reverse,reverse,MAPNeg,"MAP: same stack, acceptance_first",example,first,2,0.7055555555555557,0.4753128355806482,1.180868391136204
panel,Grocery,Agent360Reverse,reverse,MAPNeg,"MAP: same stack, acceptance_first",example,second,2,0.7500000000000001,0.5105794774092054,1.2605794774092056
panel,Grocery,Agent360Reverse,reverse,BoulwareTBNegotiator,slow concession (Boulware),time-based,first,2,0.7055555555555557,1.0,1.7055555555555557
panel,Grocery,Agent360Reverse,reverse,BoulwareTBNegotiator,slow concession (Boulware),time-based,second,2,0.7500000000000001,1.0,1.75
panel,Grocery,Agent360Reverse,reverse,ConcederTBNegotiator,fast concession,time-based,first,2,0.8138888888888891,1.0,1.813888888888889
panel,Grocery,Agent360Reverse,reverse,ConcederTBNegotiator,fast concession,time-based,second,2,0.888888888888889,1.0,1.8888888888888888
panel,Grocery,Agent360Reverse,reverse,LinearTBNegotiator,linear time concession,time-based,first,2,0.8472222222222223,1.0,1.8472222222222223
panel,Grocery,Agent360Reverse,reverse,LinearTBNegotiator,linear time concession,time-based,second,2,0.9000000000000001,1.0,1.9
panel,Grocery,Agent360Reverse,reverse,ToughNegotiator,"hard line, slow give",time-based,first,2,0.38888888888888895,1.0,1.3888888888888888
panel,Grocery,Agent360Reverse,reverse,ToughNegotiator,"hard line, slow give",time-based,second,2,0.47222222222222227,1.0,1.4722222222222223
panel,Grocery,Agent360Reverse,reverse,MiCRONegotiator,MiCRO (Genius-style),genius-style,first,2,0.8222222222222224,1.0,1.8222222222222224
panel,Grocery,Agent360Reverse,reverse,MiCRONegotiator,MiCRO (Genius-style),genius-style,second,2,0.8833333333333334,1.0,1.8833333333333333
panel,Grocery,Agent360Reverse,reverse,TimeBasedNegotiator,generic time-based,time-based,first,2,0.7055555555555557,1.0,1.7055555555555557
panel,Grocery,Agent360Reverse,reverse,TimeBasedNegotiator,generic time-based,time-based,second,2,0.7500000000000001,1.0,1.75
panel,Grocery,Agent360Reverse,reverse,AspirationNegotiator,aspiration-based,time-based,first,2,0.8222222222222224,1.0,1.8222222222222224
panel,Grocery,Agent360Reverse,reverse,AspirationNegotiator,aspiration-based,time-based,second,2,0.7500000000000001,1.0,1.75
panel,Grocery,Agent360Reverse,reverse,HybridNegotiator,hybrid time + utility,hybrid,first,2,0.8888888888888891,1.0,1.888888888888889
panel,Grocery,Agent360Reverse,reverse,HybridNegotiator,hybrid time + utility,hybrid,second,2,0.8833333333333334,1.0,1.8833333333333333
panel,Grocery,Agent360Reverse,reverse,RandomNegotiator,random rational offers,baseline,first,2,0.9222222222222224,1.0,1.9222222222222223
panel,Grocery,Agent360Reverse,reverse,RandomNegotiator,random rational offers,baseline,second,2,0.9166666666666667,1.0,1.9166666666666665
panel,Grocery,Agent360Reverse,reverse,NaiveTitForTatNegotiator,tit-for-tat,behavioral,first,2,0.913888888888889,0.6260297235569168,1.539918612445806
panel,Grocery,Agent360Reverse,reverse,NaiveTitForTatNegotiator,tit-for-tat,behavioral,second,2,0.8694444444444445,0.6419664675152617,1.5114109119597061
panel,Grocery,Agent360Reverse,reverse,SimpleTitForTatNegotiator,simple tit-for-tat,behavioral,first,2,0.8722222222222223,0.6272587843374213,1.4994810065596438
panel,Grocery,Agent360Reverse,reverse,SimpleTitForTatNegotiator,simple tit-for-tat,behavioral,second,2,0.8944444444444446,0.6252176966646265,1.519662141109071
panel,Grocery,Agent360Reverse,reverse,FirstOfferOrientedTBNegotiator,anchors on first offer,oriented,first,2,0.7055555555555557,1.0,1.7055555555555557
panel,Grocery,Agent360Reverse,reverse,FirstOfferOrientedTBNegotiator,anchors on first offer,oriented,second,2,0.7500000000000001,1.0,1.75
panel,Grocery,Agent360Reverse,reverse,LastOfferOrientedTBNegotiator,follows last offer,oriented,first,2,0.7055555555555557,1.0,1.7055555555555557
panel,Grocery,Agent360Reverse,reverse,LastOfferOrientedTBNegotiator,follows last offer,oriented,second,2,0.7500000000000001,1.0,1.75
panel,Grocery,Agent360Reverse,reverse,BestOfferOrientedTBNegotiator,tracks best offer seen,oriented,first,2,0.7055555555555557,1.0,1.7055555555555557
panel,Grocery,Agent360Reverse,reverse,BestOfferOrientedTBNegotiator,tracks best offer seen,oriented,second,2,0.7500000000000001,1.0,1.75
panel,Grocery,Agent360V2,v2,SimpleNegotiator,reverse-ufun + time concede,example,first,2,0.5222222222222224,0.6297679876864429,1.1519902099086652
panel,Grocery,Agent360V2,v2,SimpleNegotiator,reverse-ufun + time concede,example,second,2,0.7500000000000001,0.6421345180823227,1.3921345180823228
panel,Grocery,Agent360V2,v2,BOANeg,BOA: time offer + Smith + ACNext,example,first,2,0.6472222222222224,0.5229228556885103,1.1701450779107327
panel,Grocery,Agent360V2,v2,BOANeg,BOA: time offer + Smith + ACNext,example,second,2,0.7500000000000001,0.5748703030213032,1.3248703030213032
panel,Grocery,Agent360V2,v2,MAPNeg,"MAP: same stack, acceptance_first",example,first,2,0.6472222222222224,0.5167173131638958,1.1639395353861182
panel,Grocery,Agent360V2,v2,MAPNeg,"MAP: same stack, acceptance_first",example,second,2,0.7500000000000001,0.5611513386273171,1.3111513386273173
panel,Grocery,Agent360V2,v2,BoulwareTBNegotiator,slow concession (Boulware),time-based,first,2,0.5666666666666668,1.0,1.5666666666666669
panel,Grocery,Agent360V2,v2,BoulwareTBNegotiator,slow concession (Boulware),time-based,second,2,0.7500000000000001,1.0,1.75
panel,Grocery,Agent360V2,v2,ConcederTBNegotiator,fast concession,time-based,first,2,0.6055555555555556,1.0,1.6055555555555556
panel,Grocery,Agent360V2,v2,ConcederTBNegotiator,fast concession,time-based,second,2,0.638888888888889,1.0,1.6388888888888888
panel,Grocery,Agent360V2,v2,LinearTBNegotiator,linear time concession,time-based,first,2,0.588888888888889,1.0,1.588888888888889
panel,Grocery,Agent360V2,v2,LinearTBNegotiator,linear time concession,time-based,second,2,0.7500000000000001,1.0,1.75
panel,Grocery,Agent360V2,v2,ToughNegotiator,"hard line, slow give",time-based,first,2,0.38888888888888895,1.0,1.3888888888888888
panel,Grocery,Agent360V2,v2,ToughNegotiator,"hard line, slow give",time-based,second,2,0.47222222222222227,1.0,1.4722222222222223
panel,Grocery,Agent360V2,v2,MiCRONegotiator,MiCRO (Genius-style),genius-style,first,2,0.588888888888889,1.0,1.588888888888889
panel,Grocery,Agent360V2,v2,MiCRONegotiator,MiCRO (Genius-style),genius-style,second,2,0.7500000000000001,1.0,1.75
panel,Grocery,Agent360V2,v2,TimeBasedNegotiator,generic time-based,time-based,first,2,0.6472222222222224,1.0,1.6472222222222224
panel,Grocery,Agent360V2,v2,TimeBasedNegotiator,generic time-based,time-based,second,2,0.7500000000000001,1.0,1.75
panel,Grocery,Agent360V2,v2,AspirationNegotiator,aspiration-based,time-based,first,2,0.8222222222222224,1.0,1.8222222222222224
panel,Grocery,Agent360V2,v2,AspirationNegotiator,aspiration-based,time-based,second,2,0.7500000000000001,1.0,1.75
panel,Grocery,Agent360V2,v2,HybridNegotiator,hybrid time + utility,hybrid,first,2,0.513888888888889,1.0,1.513888888888889
panel,Grocery,Agent360V2,v2,HybridNegotiator,hybrid time + utility,hybrid,second,2,0.6361111111111112,1.0,1.636111111111111
panel,Grocery,Agent360V2,v2,RandomNegotiator,random rational offers,baseline,first,2,0.26388888888888895,1.0,1.2638888888888888
panel,Grocery,Agent360V2,v2,RandomNegotiator,random rational offers,baseline,second,2,0.5833333333333333,1.0,1.5833333333333335
panel,Grocery,Agent360V2,v2,NaiveTitForTatNegotiator,tit-for-tat,behavioral,first,2,0.5583333333333333,0.6223361929368056,1.180669526270139
panel,Grocery,Agent360V2,v2,NaiveTitForTatNegotiator,tit-for-tat,behavioral,second,2,0.6166666666666667,0.6392928555975081,1.2559595222641748
panel,Grocery,Agent360V2,v2,SimpleTitForTatNegotiator,simple tit-for-tat,behavioral,first,2,0.5,0.6301089662847109,1.130108966284711
panel,Grocery,Agent360V2,v2,SimpleTitForTatNegotiator,simple tit-for-tat,behavioral,second,2,0.788888888888889,0.6414093897547386,1.4302982786436276
panel,Grocery,Agent360V2,v2,FirstOfferOrientedTBNegotiator,anchors on first offer,oriented,first,2,0.6555555555555557,1.0,1.6555555555555557
panel,Grocery,Agent360V2,v2,FirstOfferOrientedTBNegotiator,anchors on first offer,oriented,second,2,0.7500000000000001,1.0,1.75
panel,Grocery,Agent360V2,v2,LastOfferOrientedTBNegotiator,follows last offer,oriented,first,2,0.7638888888888891,1.0,1.763888888888889
panel,Grocery,Agent360V2,v2,LastOfferOrientedTBNegotiator,follows last offer,oriented,second,2,0.7500000000000001,1.0,1.75
panel,Grocery,Agent360V2,v2,BestOfferOrientedTBNegotiator,tracks best offer seen,oriented,first,2,0.6472222222222224,1.0,1.6472222222222224
panel,Grocery,Agent360V2,v2,BestOfferOrientedTBNegotiator,tracks best offer seen,oriented,second,2,0.7500000000000001,1.0,1.75
panel,Grocery,Agent360V2Adaptive,v2.adaptive,SimpleNegotiator,reverse-ufun + time concede,example,first,2,0.588888888888889,0.6285025257883223,1.2173914146772113
panel,Grocery,Agent360V2Adaptive,v2.adaptive,SimpleNegotiator,reverse-ufun + time concede,example,second,2,0.7500000000000001,0.6421345180823227,1.3921345180823228
panel,Grocery,Agent360V2Adaptive,v2.adaptive,BOANeg,BOA: time offer + Smith + ACNext,example,first,2,0.6472222222222224,0.5195198820124094,1.1667421042346318
panel,Grocery,Agent360V2Adaptive,v2.adaptive,BOANeg,BOA: time offer + Smith + ACNext,example,second,2,0.7500000000000001,0.549386793245936,1.2993867932459362
panel,Grocery,Agent360V2Adaptive,v2.adaptive,MAPNeg,"MAP: same stack, acceptance_first",example,first,2,0.6472222222222224,0.5192287889055531,1.1664510111277755
panel,Grocery,Agent360V2Adaptive,v2.adaptive,MAPNeg,"MAP: same stack, acceptance_first",example,second,2,0.7500000000000001,0.5672270116818153,1.3172270116818154
panel,Grocery,Agent360V2Adaptive,v2.adaptive,BoulwareTBNegotiator,slow concession (Boulware),time-based,first,2,0.6277777777777779,1.0,1.6277777777777778
panel,Grocery,Agent360V2Adaptive,v2.adaptive,BoulwareTBNegotiator,slow concession (Boulware),time-based,second,2,0.7500000000000001,1.0,1.75
panel,Grocery,Agent360V2Adaptive,v2.adaptive,ConcederTBNegotiator,fast concession,time-based,first,2,0.6055555555555556,1.0,1.6055555555555556
panel,Grocery,Agent360V2Adaptive,v2.adaptive,ConcederTBNegotiator,fast concession,time-based,second,2,0.6916666666666668,1.0,1.6916666666666667
panel,Grocery,Agent360V2Adaptive,v2.adaptive,LinearTBNegotiator,linear time concession,time-based,first,2,0.588888888888889,1.0,1.588888888888889
panel,Grocery,Agent360V2Adaptive,v2.adaptive,LinearTBNegotiator,linear time concession,time-based,second,2,0.7500000000000001,1.0,1.75
panel,Grocery,Agent360V2Adaptive,v2.adaptive,ToughNegotiator,"hard line, slow give",time-based,first,2,0.38888888888888895,1.0,1.3888888888888888
panel,Grocery,Agent360V2Adaptive,v2.adaptive,ToughNegotiator,"hard line, slow give",time-based,second,2,0.47222222222222227,1.0,1.4722222222222223
panel,Grocery,Agent360V2Adaptive,v2.adaptive,MiCRONegotiator,MiCRO (Genius-style),genius-style,first,2,0.588888888888889,1.0,1.588888888888889
panel,Grocery,Agent360V2Adaptive,v2.adaptive,MiCRONegotiator,MiCRO (Genius-style),genius-style,second,2,0.7500000000000001,1.0,1.75
panel,Grocery,Agent360V2Adaptive,v2.adaptive,TimeBasedNegotiator,generic time-based,time-based,first,2,0.7055555555555557,1.0,1.7055555555555557
panel,Grocery,Agent360V2Adaptive,v2.adaptive,TimeBasedNegotiator,generic time-based,time-based,second,2,0.7500000000000001,1.0,1.75
panel,Grocery,Agent360V2Adaptive,v2.adaptive,AspirationNegotiator,aspiration-based,time-based,first,2,0.6833333333333335,1.0,1.6833333333333336
panel,Grocery,Agent360V2Adaptive,v2.adaptive,AspirationNegotiator,aspiration-based,time-based,second,2,0.7500000000000001,1.0,1.75
panel,Grocery,Agent360V2Adaptive,v2.adaptive,HybridNegotiator,hybrid time + utility,hybrid,first,2,0.6222222222222222,1.0,1.6222222222222222
panel,Grocery,Agent360V2Adaptive,v2.adaptive,HybridNegotiator,hybrid time + utility,hybrid,second,2,0.7833333333333333,1.0,1.7833333333333332
panel,Grocery,Agent360V2Adaptive,v2.adaptive,RandomNegotiator,random rational offers,baseline,first,2,0.5111111111111111,0.5,1.011111111111111
panel,Grocery,Agent360V2Adaptive,v2.adaptive,RandomNegotiator,random rational offers,baseline,second,2,0.2416666666666667,1.0,1.2416666666666667
panel,Grocery,Agent360V2Adaptive,v2.adaptive,NaiveTitForTatNegotiator,tit-for-tat,behavioral,first,2,0.45277777777777783,0.6263151409149617,1.0790929186927394
panel,Grocery,Agent360V2Adaptive,v2.adaptive,NaiveTitForTatNegotiator,tit-for-tat,behavioral,second,2,0.638888888888889,0.6371125175042561,1.276001406393145
panel,Grocery,Agent360V2Adaptive,v2.adaptive,SimpleTitForTatNegotiator,simple tit-for-tat,behavioral,first,2,0.5,0.6310334495845635,1.1310334495845635
panel,Grocery,Agent360V2Adaptive,v2.adaptive,SimpleTitForTatNegotiator,simple tit-for-tat,behavioral,second,2,0.5944444444444443,0.6448071119585956,1.23925155640304
panel,Grocery,Agent360V2Adaptive,v2.adaptive,FirstOfferOrientedTBNegotiator,anchors on first offer,oriented,first,2,0.6472222222222224,1.0,1.6472222222222224
panel,Grocery,Agent360V2Adaptive,v2.adaptive,FirstOfferOrientedTBNegotiator,anchors on first offer,oriented,second,2,0.7500000000000001,1.0,1.75
panel,Grocery,Agent360V2Adaptive,v2.adaptive,LastOfferOrientedTBNegotiator,follows last offer,oriented,first,2,0.588888888888889,1.0,1.588888888888889
panel,Grocery,Agent360V2Adaptive,v2.adaptive,LastOfferOrientedTBNegotiator,follows last offer,oriented,second,2,0.7500000000000001,1.0,1.75
panel,Grocery,Agent360V2Adaptive,v2.adaptive,BestOfferOrientedTBNegotiator,tracks best offer seen,oriented,first,2,0.588888888888889,1.0,1.588888888888889
panel,Grocery,Agent360V2Adaptive,v2.adaptive,BestOfferOrientedTBNegotiator,tracks best offer seen,oriented,second,2,0.7500000000000001,1.0,1.75
panel,ISBTAcquisition,Agent360,gradient,SimpleNegotiator,reverse-ufun + time concede,example,first,2,0.6111111111111112,0.29449383603314844,0.9056049471442597
panel,ISBTAcquisition,Agent360,gradient,SimpleNegotiator,reverse-ufun + time concede,example,second,2,0.6280487804878048,0.6010724976014863,1.229121278089291
panel,ISBTAcquisition,Agent360,gradient,BOANeg,BOA: time offer + Smith + ACNext,example,first,2,0.7352941176470588,0.4662217501616146,1.2015158678086735
panel,ISBTAcquisition,Agent360,gradient,BOANeg,BOA: time offer + Smith + ACNext,example,second,2,0.5121951219512194,0.5290461517576407,1.04124127370886
panel,ISBTAcquisition,Agent360,gradient,MAPNeg,"MAP: same stack, acceptance_first",example,first,2,0.7352941176470588,0.4636500966117106,1.1989442142587694
panel,ISBTAcquisition,Agent360,gradient,MAPNeg,"MAP: same stack, acceptance_first",example,second,2,0.5121951219512194,0.5281080725325009,1.0403031944837204
panel,ISBTAcquisition,Agent360,gradient,BoulwareTBNegotiator,slow concession (Boulware),time-based,first,2,0.7352941176470588,1.0,1.7352941176470589
panel,ISBTAcquisition,Agent360,gradient,BoulwareTBNegotiator,slow concession (Boulware),time-based,second,2,0.5121951219512194,1.0,1.5121951219512195
panel,ISBTAcquisition,Agent360,gradient,ConcederTBNegotiator,fast concession,time-based,first,2,0.6274509803921569,0.5,1.1274509803921569
panel,ISBTAcquisition,Agent360,gradient,ConcederTBNegotiator,fast concession,time-based,second,2,0.6402439024390243,1.0,1.6402439024390243
panel,ISBTAcquisition,Agent360,gradient,LinearTBNegotiator,linear time concession,time-based,first,2,0.5359477124183007,1.0,1.5359477124183007
panel,ISBTAcquisition,Agent360,gradient,LinearTBNegotiator,linear time concession,time-based,second,2,0.5731707317073169,1.0,1.5731707317073171
panel,ISBTAcquisition,Agent360,gradient,ToughNegotiator,"hard line, slow give",time-based,first,2,0.33986928104575165,1.0,1.3398692810457518
panel,ISBTAcquisition,Agent360,gradient,ToughNegotiator,"hard line, slow give",time-based,second,2,0.5121951219512194,1.0,1.5121951219512195
panel,ISBTAcquisition,Agent360,gradient,MiCRONegotiator,MiCRO (Genius-style),genius-style,first,2,0.6764705882352942,1.0,1.6764705882352942
panel,ISBTAcquisition,Agent360,gradient,MiCRONegotiator,MiCRO (Genius-style),genius-style,second,2,0.5243902439024389,1.0,1.524390243902439
panel,ISBTAcquisition,Agent360,gradient,TimeBasedNegotiator,generic time-based,time-based,first,2,0.7352941176470588,1.0,1.7352941176470589
panel,ISBTAcquisition,Agent360,gradient,TimeBasedNegotiator,generic time-based,time-based,second,2,0.5121951219512194,1.0,1.5121951219512195
panel,ISBTAcquisition,Agent360,gradient,AspirationNegotiator,aspiration-based,time-based,first,2,0.7352941176470588,1.0,1.7352941176470589
panel,ISBTAcquisition,Agent360,gradient,AspirationNegotiator,aspiration-based,time-based,second,2,0.5121951219512194,1.0,1.5121951219512195
panel,ISBTAcquisition,Agent360,gradient,HybridNegotiator,hybrid time + utility,hybrid,first,2,0.8627450980392157,1.0,1.8627450980392157
panel,ISBTAcquisition,Agent360,gradient,HybridNegotiator,hybrid time + utility,hybrid,second,2,0.548780487804878,1.0,1.548780487804878
panel,ISBTAcquisition,Agent360,gradient,RandomNegotiator,random rational offers,baseline,first,2,0.6993464052287582,1.0,1.6993464052287583
panel,ISBTAcquisition,Agent360,gradient,RandomNegotiator,random rational offers,baseline,second,2,0.6951219512195121,1.0,1.6951219512195121
panel,ISBTAcquisition,Agent360,gradient,NaiveTitForTatNegotiator,tit-for-tat,behavioral,first,2,0.7320261437908496,0.594201867045749,1.3262280108365985
panel,ISBTAcquisition,Agent360,gradient,NaiveTitForTatNegotiator,tit-for-tat,behavioral,second,2,0.7926829268292683,0.5927066198560269,1.3853895466852952
panel,ISBTAcquisition,Agent360,gradient,SimpleTitForTatNegotiator,simple tit-for-tat,behavioral,first,2,0.7450980392156863,0.5924754081720989,1.337573447387785
panel,ISBTAcquisition,Agent360,gradient,SimpleTitForTatNegotiator,simple tit-for-tat,behavioral,second,2,0.6036585365853657,0.5964173630080392,1.2000758995934049
panel,ISBTAcquisition,Agent360,gradient,FirstOfferOrientedTBNegotiator,anchors on first offer,oriented,first,2,0.7254901960784313,1.0,1.7254901960784315
panel,ISBTAcquisition,Agent360,gradient,FirstOfferOrientedTBNegotiator,anchors on first offer,oriented,second,2,0.5121951219512194,1.0,1.5121951219512195
panel,ISBTAcquisition,Agent360,gradient,LastOfferOrientedTBNegotiator,follows last offer,oriented,first,2,0.784313725490196,1.0,1.784313725490196
panel,ISBTAcquisition,Agent360,gradient,LastOfferOrientedTBNegotiator,follows last offer,oriented,second,2,0.5121951219512194,1.0,1.5121951219512195
panel,ISBTAcquisition,Agent360,gradient,BestOfferOrientedTBNegotiator,tracks best offer seen,oriented,first,2,0.6601307189542485,1.0,1.6601307189542485
panel,ISBTAcquisition,Agent360,gradient,BestOfferOrientedTBNegotiator,tracks best offer seen,oriented,second,2,0.5121951219512194,1.0,1.5121951219512195
panel,ISBTAcquisition,Agent360Full,full,SimpleNegotiator,reverse-ufun + time concede,example,first,2,0.5032679738562091,0.2943433242410247,0.7976112980972339
panel,ISBTAcquisition,Agent360Full,full,SimpleNegotiator,reverse-ufun + time concede,example,second,2,0.5182926829268292,0.5962634433279477,1.1145561262547767
panel,ISBTAcquisition,Agent360Full,full,BOANeg,BOA: time offer + Smith + ACNext,example,first,2,0.6764705882352942,0.5322190779807761,1.2086896662160702
panel,ISBTAcquisition,Agent360Full,full,BOANeg,BOA: time offer + Smith + ACNext,example,second,2,0.5121951219512194,0.619338592609253,1.1315337145604722
panel,ISBTAcquisition,Agent360Full,full,MAPNeg,"MAP: same stack, acceptance_first",example,first,2,0.6764705882352942,0.5448680635381353,1.2213386517734295
panel,ISBTAcquisition,Agent360Full,full,MAPNeg,"MAP: same stack, acceptance_first",example,second,2,0.5121951219512194,1.0,1.5121951219512195
panel,ISBTAcquisition,Agent360Full,full,BoulwareTBNegotiator,slow concession (Boulware),time-based,first,2,0.6601307189542484,1.0,1.6601307189542482
panel,ISBTAcquisition,Agent360Full,full,BoulwareTBNegotiator,slow concession (Boulware),time-based,second,2,0.5121951219512194,1.0,1.5121951219512195
panel,ISBTAcquisition,Agent360Full,full,ConcederTBNegotiator,fast concession,time-based,first,2,0.5228758169934641,1.0,1.522875816993464
panel,ISBTAcquisition,Agent360Full,full,ConcederTBNegotiator,fast concession,time-based,second,2,0.6585365853658536,1.0,1.6585365853658536
panel,ISBTAcquisition,Agent360Full,full,LinearTBNegotiator,linear time concession,time-based,first,2,0.5359477124183007,1.0,1.5359477124183007
panel,ISBTAcquisition,Agent360Full,full,LinearTBNegotiator,linear time concession,time-based,second,2,0.5121951219512194,1.0,1.5121951219512195
panel,ISBTAcquisition,Agent360Full,full,ToughNegotiator,"hard line, slow give",time-based,first,2,0.33986928104575165,1.0,1.3398692810457518
panel,ISBTAcquisition,Agent360Full,full,ToughNegotiator,"hard line, slow give",time-based,second,2,0.5121951219512194,1.0,1.5121951219512195
panel,ISBTAcquisition,Agent360Full,full,MiCRONegotiator,MiCRO (Genius-style),genius-style,first,2,0.6666666666666667,1.0,1.6666666666666665
panel,ISBTAcquisition,Agent360Full,full,MiCRONegotiator,MiCRO (Genius-style),genius-style,second,2,0.5121951219512194,1.0,1.5121951219512195
panel,ISBTAcquisition,Agent360Full,full,TimeBasedNegotiator,generic time-based,time-based,first,2,0.784313725490196,1.0,1.784313725490196
panel,ISBTAcquisition,Agent360Full,full,TimeBasedNegotiator,generic time-based,time-based,second,2,0.5121951219512194,1.0,1.5121951219512195
panel,ISBTAcquisition,Agent360Full,full,AspirationNegotiator,aspiration-based,time-based,first,2,0.6437908496732025,1.0,1.6437908496732025
panel,ISBTAcquisition,Agent360Full,full,AspirationNegotiator,aspiration-based,time-based,second,2,0.5121951219512194,1.0,1.5121951219512195
panel,ISBTAcquisition,Agent360Full,full,HybridNegotiator,hybrid time + utility,hybrid,first,2,0.5555555555555556,1.0,1.5555555555555556
panel,ISBTAcquisition,Agent360Full,full,HybridNegotiator,hybrid time + utility,hybrid,second,2,0.5121951219512194,1.0,1.5121951219512195
panel,ISBTAcquisition,Agent360Full,full,RandomNegotiator,random rational offers,baseline,first,2,0.3366013071895425,0.5,0.8366013071895425
panel,ISBTAcquisition,Agent360Full,full,RandomNegotiator,random rational offers,baseline,second,2,0.6646341463414633,1.0,1.6646341463414633
panel,ISBTAcquisition,Agent360Full,full,NaiveTitForTatNegotiator,tit-for-tat,behavioral,first,2,0.4934640522875817,0.5925260669626082,1.08599011925019
panel,ISBTAcquisition,Agent360Full,full,NaiveTitForTatNegotiator,tit-for-tat,behavioral,second,2,0.5121951219512194,0.5964173630080392,1.1086124849592585
panel,ISBTAcquisition,Agent360Full,full,SimpleTitForTatNegotiator,simple tit-for-tat,behavioral,first,2,0.4934640522875817,0.586602580345384,1.080066632632966
panel,ISBTAcquisition,Agent360Full,full,SimpleTitForTatNegotiator,simple tit-for-tat,behavioral,second,2,0.5121951219512194,0.5964173630080392,1.1086124849592585
panel,ISBTAcquisition,Agent360Full,full,FirstOfferOrientedTBNegotiator,anchors on first offer,oriented,first,2,0.784313725490196,1.0,1.784313725490196
panel,ISBTAcquisition,Agent360Full,full,FirstOfferOrientedTBNegotiator,anchors on first offer,oriented,second,2,0.5121951219512194,1.0,1.5121951219512195
panel,ISBTAcquisition,Agent360Full,full,LastOfferOrientedTBNegotiator,follows last offer,oriented,first,2,0.7352941176470588,1.0,1.7352941176470589
panel,ISBTAcquisition,Agent360Full,full,LastOfferOrientedTBNegotiator,follows last offer,oriented,second,2,0.5121951219512194,1.0,1.5121951219512195
panel,ISBTAcquisition,Agent360Full,full,BestOfferOrientedTBNegotiator,tracks best offer seen,oriented,first,2,0.7516339869281045,1.0,1.7516339869281046
panel,ISBTAcquisition,Agent360Full,full,BestOfferOrientedTBNegotiator,tracks best offer seen,oriented,second,2,0.5121951219512194,1.0,1.5121951219512195
panel,ISBTAcquisition,Agent360Reverse,reverse,SimpleNegotiator,reverse-ufun + time concede,example,first,2,0.980392156862745,0.5880752575440864,1.5684674144068314
panel,ISBTAcquisition,Agent360Reverse,reverse,SimpleNegotiator,reverse-ufun + time concede,example,second,2,0.8414634146341463,0.6098049241085527,1.451268338742699
panel,ISBTAcquisition,Agent360Reverse,reverse,BOANeg,BOA: time offer + Smith + ACNext,example,first,2,0.6339869281045752,0.47038405460631794,1.1043709827108932
panel,ISBTAcquisition,Agent360Reverse,reverse,BOANeg,BOA: time offer + Smith + ACNext,example,second,2,0.6951219512195121,0.4973714204363052,1.1924933716558175
panel,ISBTAcquisition,Agent360Reverse,reverse,MAPNeg,"MAP: same stack, acceptance_first",example,first,2,0.6568627450980393,0.46525706077440865,1.122119805872448
panel,ISBTAcquisition,Agent360Reverse,reverse,MAPNeg,"MAP: same stack, acceptance_first",example,second,2,0.6951219512195121,0.49142288948832913,1.1865448407078412
panel,ISBTAcquisition,Agent360Reverse,reverse,BoulwareTBNegotiator,slow concession (Boulware),time-based,first,2,0.784313725490196,1.0,1.784313725490196
panel,ISBTAcquisition,Agent360Reverse,reverse,BoulwareTBNegotiator,slow concession (Boulware),time-based,second,2,0.6951219512195121,1.0,1.6951219512195121
panel,ISBTAcquisition,Agent360Reverse,reverse,ConcederTBNegotiator,fast concession,time-based,first,2,0.8431372549019607,1.0,1.8431372549019607
panel,ISBTAcquisition,Agent360Reverse,reverse,ConcederTBNegotiator,fast concession,time-based,second,2,0.8536585365853657,1.0,1.8536585365853657
panel,ISBTAcquisition,Agent360Reverse,reverse,LinearTBNegotiator,linear time concession,time-based,first,2,0.8627450980392157,1.0,1.8627450980392157
panel,ISBTAcquisition,Agent360Reverse,reverse,LinearTBNegotiator,linear time concession,time-based,second,2,0.8475609756097561,1.0,1.847560975609756
panel,ISBTAcquisition,Agent360Reverse,reverse,ToughNegotiator,"hard line, slow give",time-based,first,2,0.33986928104575165,1.0,1.3398692810457518
panel,ISBTAcquisition,Agent360Reverse,reverse,ToughNegotiator,"hard line, slow give",time-based,second,2,0.5121951219512194,1.0,1.5121951219512195
panel,ISBTAcquisition,Agent360Reverse,reverse,MiCRONegotiator,MiCRO (Genius-style),genius-style,first,2,0.6862745098039216,1.0,1.6862745098039216
panel,ISBTAcquisition,Agent360Reverse,reverse,MiCRONegotiator,MiCRO (Genius-style),genius-style,second,2,0.6646341463414633,1.0,1.6646341463414633
panel,ISBTAcquisition,Agent360Reverse,reverse,TimeBasedNegotiator,generic time-based,time-based,first,2,0.7516339869281045,1.0,1.7516339869281046
panel,ISBTAcquisition,Agent360Reverse,reverse,TimeBasedNegotiator,generic time-based,time-based,second,2,0.6951219512195121,1.0,1.6951219512195121
panel,ISBTAcquisition,Agent360Reverse,reverse,AspirationNegotiator,aspiration-based,time-based,first,2,0.6241830065359477,1.0,1.6241830065359477
panel,ISBTAcquisition,Agent360Reverse,reverse,AspirationNegotiator,aspiration-based,time-based,second,2,0.7012195121951219,1.0,1.701219512195122
panel,ISBTAcquisition,Agent360Reverse,reverse,HybridNegotiator,hybrid time + utility,hybrid,first,2,0.8627450980392157,1.0,1.8627450980392157
panel,ISBTAcquisition,Agent360Reverse,reverse,HybridNegotiator,hybrid time + utility,hybrid,second,2,0.774390243902439,1.0,1.774390243902439
panel,ISBTAcquisition,Agent360Reverse,reverse,RandomNegotiator,random rational offers,baseline,first,2,0.4084967320261438,1.0,1.4084967320261437
panel,ISBTAcquisition,Agent360Reverse,reverse,RandomNegotiator,random rational offers,baseline,second,2,0.4939024390243902,1.0,1.4939024390243902
panel,ISBTAcquisition,Agent360Reverse,reverse,NaiveTitForTatNegotiator,tit-for-tat,behavioral,first,2,0.9542483660130718,0.5905415387141647,1.5447899047272364
panel,ISBTAcquisition,Agent360Reverse,reverse,NaiveTitForTatNegotiator,tit-for-tat,behavioral,second,2,0.8414634146341462,0.5816864822396861,1.4231498968738323
panel,ISBTAcquisition,Agent360Reverse,reverse,SimpleTitForTatNegotiator,simple tit-for-tat,behavioral,first,2,0.8725490196078431,0.5905415387141647,1.463090558322008
panel,ISBTAcquisition,Agent360Reverse,reverse,SimpleTitForTatNegotiator,simple tit-for-tat,behavioral,second,2,0.8414634146341462,0.5869280875457468,1.4283915021798927
panel,ISBTAcquisition,Agent360Reverse,reverse,FirstOfferOrientedTBNegotiator,anchors on first offer,oriented,first,2,0.7352941176470588,1.0,1.7352941176470589
panel,ISBTAcquisition,Agent360Reverse,reverse,FirstOfferOrientedTBNegotiator,anchors on first offer,oriented,second,2,0.7012195121951219,1.0,1.701219512195122
panel,ISBTAcquisition,Agent360Reverse,reverse,LastOfferOrientedTBNegotiator,follows last offer,oriented,first,2,0.7352941176470588,1.0,1.7352941176470589
panel,ISBTAcquisition,Agent360Reverse,reverse,LastOfferOrientedTBNegotiator,follows last offer,oriented,second,2,0.6951219512195121,1.0,1.6951219512195121
panel,ISBTAcquisition,Agent360Reverse,reverse,BestOfferOrientedTBNegotiator,tracks best offer seen,oriented,first,2,0.6339869281045752,1.0,1.6339869281045751
panel,ISBTAcquisition,Agent360Reverse,reverse,BestOfferOrientedTBNegotiator,tracks best offer seen,oriented,second,2,0.6951219512195121,1.0,1.6951219512195121
panel,ISBTAcquisition,Agent360V2,v2,SimpleNegotiator,reverse-ufun + time concede,example,first,2,0.4934640522875817,0.29594688722870877,0.7894109395162905
panel,ISBTAcquisition,Agent360V2,v2,SimpleNegotiator,reverse-ufun + time concede,example,second,2,0.5121951219512194,0.5964173630080392,1.1086124849592585
panel,ISBTAcquisition,Agent360V2,v2,BOANeg,BOA: time offer + Smith + ACNext,example,first,2,0.7385620915032679,0.5554203391115448,1.2939824306148127
panel,ISBTAcquisition,Agent360V2,v2,BOANeg,BOA: time offer + Smith + ACNext,example,second,2,0.5121951219512194,1.0,1.5121951219512195
panel,ISBTAcquisition,Agent360V2,v2,MAPNeg,"MAP: same stack, acceptance_first",example,first,2,0.6928104575163399,0.529482174126933,1.222292631643273
panel,ISBTAcquisition,Agent360V2,v2,MAPNeg,"MAP: same stack, acceptance_first",example,second,2,0.5121951219512194,1.0,1.5121951219512195
panel,ISBTAcquisition,Agent360V2,v2,BoulwareTBNegotiator,slow concession (Boulware),time-based,first,2,0.761437908496732,1.0,1.761437908496732
panel,ISBTAcquisition,Agent360V2,v2,BoulwareTBNegotiator,slow concession (Boulware),time-based,second,2,0.5121951219512194,1.0,1.5121951219512195
panel,ISBTAcquisition,Agent360V2,v2,ConcederTBNegotiator,fast concession,time-based,first,2,0.5032679738562091,0.5,1.0032679738562091
panel,ISBTAcquisition,Agent360V2,v2,ConcederTBNegotiator,fast concession,time-based,second,2,0.6585365853658536,1.0,1.6585365853658536
panel,ISBTAcquisition,Agent360V2,v2,LinearTBNegotiator,linear time concession,time-based,first,2,0.5359477124183007,1.0,1.5359477124183007
panel,ISBTAcquisition,Agent360V2,v2,LinearTBNegotiator,linear time concession,time-based,second,2,0.5182926829268292,1.0,1.5182926829268293
panel,ISBTAcquisition,Agent360V2,v2,ToughNegotiator,"hard line, slow give",time-based,first,2,0.33986928104575165,1.0,1.3398692810457518
panel,ISBTAcquisition,Agent360V2,v2,ToughNegotiator,"hard line, slow give",time-based,second,2,0.5121951219512194,1.0,1.5121951219512195
panel,ISBTAcquisition,Agent360V2,v2,MiCRONegotiator,MiCRO (Genius-style),genius-style,first,2,0.5849673202614379,1.0,1.584967320261438
panel,ISBTAcquisition,Agent360V2,v2,MiCRONegotiator,MiCRO (Genius-style),genius-style,second,2,0.5121951219512194,1.0,1.5121951219512195
panel,ISBTAcquisition,Agent360V2,v2,TimeBasedNegotiator,generic time-based,time-based,first,2,0.7156862745098038,1.0,1.7156862745098038
panel,ISBTAcquisition,Agent360V2,v2,TimeBasedNegotiator,generic time-based,time-based,second,2,0.5121951219512194,1.0,1.5121951219512195
panel,ISBTAcquisition,Agent360V2,v2,AspirationNegotiator,aspiration-based,time-based,first,2,0.7254901960784313,1.0,1.7254901960784315
panel,ISBTAcquisition,Agent360V2,v2,AspirationNegotiator,aspiration-based,time-based,second,2,0.5121951219512194,1.0,1.5121951219512195
panel,ISBTAcquisition,Agent360V2,v2,HybridNegotiator,hybrid time + utility,hybrid,first,2,0.5294117647058824,1.0,1.5294117647058822
panel,ISBTAcquisition,Agent360V2,v2,HybridNegotiator,hybrid time + utility,hybrid,second,2,0.5121951219512194,1.0,1.5121951219512195
panel,ISBTAcquisition,Agent360V2,v2,RandomNegotiator,random rational offers,baseline,first,2,0.4771241830065359,0.5,0.9771241830065359
panel,ISBTAcquisition,Agent360V2,v2,RandomNegotiator,random rational offers,baseline,second,2,0.7012195121951219,1.0,1.701219512195122
panel,ISBTAcquisition,Agent360V2,v2,NaiveTitForTatNegotiator,tit-for-tat,behavioral,first,2,0.5784313725490197,0.5959150725741641,1.1743464451231838
panel,ISBTAcquisition,Agent360V2,v2,NaiveTitForTatNegotiator,tit-for-tat,behavioral,second,2,0.5121951219512194,0.5964173630080392,1.1086124849592585
panel,ISBTAcquisition,Agent360V2,v2,SimpleTitForTatNegotiator,simple tit-for-tat,behavioral,first,2,0.4934640522875817,0.5905415387141647,1.0840055910017465
panel,ISBTAcquisition,Agent360V2,v2,SimpleTitForTatNegotiator,simple tit-for-tat,behavioral,second,2,0.5121951219512194,0.5964173630080392,1.1086124849592585
panel,ISBTAcquisition,Agent360V2,v2,FirstOfferOrientedTBNegotiator,anchors on first offer,oriented,first,2,0.7516339869281045,1.0,1.7516339869281046
panel,ISBTAcquisition,Agent360V2,v2,FirstOfferOrientedTBNegotiator,anchors on first offer,oriented,second,2,0.5121951219512194,1.0,1.5121951219512195
panel,ISBTAcquisition,Agent360V2,v2,LastOfferOrientedTBNegotiator,follows last offer,oriented,first,2,0.7483660130718954,1.0,1.7483660130718954
panel,ISBTAcquisition,Agent360V2,v2,LastOfferOrientedTBNegotiator,follows last offer,oriented,second,2,0.5121951219512194,1.0,1.5121951219512195
panel,ISBTAcquisition,Agent360V2,v2,BestOfferOrientedTBNegotiator,tracks best offer seen,oriented,first,2,0.5980392156862746,1.0,1.5980392156862746
panel,ISBTAcquisition,Agent360V2,v2,BestOfferOrientedTBNegotiator,tracks best offer seen,oriented,second,2,0.5121951219512194,1.0,1.5121951219512195
panel,ISBTAcquisition,Agent360V2Adaptive,v2.adaptive,SimpleNegotiator,reverse-ufun + time concede,example,first,2,0.4934640522875817,0.29594688722870877,0.7894109395162905
panel,ISBTAcquisition,Agent360V2Adaptive,v2.adaptive,SimpleNegotiator,reverse-ufun + time concede,example,second,2,0.5121951219512194,0.5964173630080392,1.1086124849592585
panel,ISBTAcquisition,Agent360V2Adaptive,v2.adaptive,BOANeg,BOA: time offer + Smith + ACNext,example,first,2,0.6928104575163399,0.5625879574429054,1.2553984149592452
panel,ISBTAcquisition,Agent360V2Adaptive,v2.adaptive,BOANeg,BOA: time offer + Smith + ACNext,example,second,2,0.5121951219512194,1.0,1.5121951219512195
panel,ISBTAcquisition,Agent360V2Adaptive,v2.adaptive,MAPNeg,"MAP: same stack, acceptance_first",example,first,2,0.6928104575163399,0.5533692096781145,1.2461796671944545
panel,ISBTAcquisition,Agent360V2Adaptive,v2.adaptive,MAPNeg,"MAP: same stack, acceptance_first",example,second,2,0.5121951219512194,1.0,1.5121951219512195
panel,ISBTAcquisition,Agent360V2Adaptive,v2.adaptive,BoulwareTBNegotiator,slow concession (Boulware),time-based,first,2,0.7189542483660131,1.0,1.7189542483660132
panel,ISBTAcquisition,Agent360V2Adaptive,v2.adaptive,BoulwareTBNegotiator,slow concession (Boulware),time-based,second,2,0.5121951219512194,1.0,1.5121951219512195
panel,ISBTAcquisition,Agent360V2Adaptive,v2.adaptive,ConcederTBNegotiator,fast concession,time-based,first,2,0.4836601307189543,0.0,0.4836601307189543
panel,ISBTAcquisition,Agent360V2Adaptive,v2.adaptive,ConcederTBNegotiator,fast concession,time-based,second,2,0.4756097560975609,1.0,1.475609756097561
panel,ISBTAcquisition,Agent360V2Adaptive,v2.adaptive,LinearTBNegotiator,linear time concession,time-based,first,2,0.5196078431372549,1.0,1.5196078431372548
panel,ISBTAcquisition,Agent360V2Adaptive,v2.adaptive,LinearTBNegotiator,linear time concession,time-based,second,2,0.5121951219512194,1.0,1.5121951219512195
panel,ISBTAcquisition,Agent360V2Adaptive,v2.adaptive,ToughNegotiator,"hard line, slow give",time-based,first,2,0.33986928104575165,1.0,1.3398692810457518
panel,ISBTAcquisition,Agent360V2Adaptive,v2.adaptive,ToughNegotiator,"hard line, slow give",time-based,second,2,0.5121951219512194,1.0,1.5121951219512195
panel,ISBTAcquisition,Agent360V2Adaptive,v2.adaptive,MiCRONegotiator,MiCRO (Genius-style),genius-style,first,2,0.6111111111111112,1.0,1.6111111111111112
panel,ISBTAcquisition,Agent360V2Adaptive,v2.adaptive,MiCRONegotiator,MiCRO (Genius-style),genius-style,second,2,0.5121951219512194,1.0,1.5121951219512195
panel,ISBTAcquisition,Agent360V2Adaptive,v2.adaptive,TimeBasedNegotiator,generic time-based,time-based,first,2,0.784313725490196,1.0,1.784313725490196
panel,ISBTAcquisition,Agent360V2Adaptive,v2.adaptive,TimeBasedNegotiator,generic time-based,time-based,second,2,0.5121951219512194,1.0,1.5121951219512195
panel,ISBTAcquisition,Agent360V2Adaptive,v2.adaptive,AspirationNegotiator,aspiration-based,time-based,first,2,0.6928104575163399,1.0,1.6928104575163399
panel,ISBTAcquisition,Agent360V2Adaptive,v2.adaptive,AspirationNegotiator,aspiration-based,time-based,second,2,0.5121951219512194,1.0,1.5121951219512195
panel,ISBTAcquisition,Agent360V2Adaptive,v2.adaptive,HybridNegotiator,hybrid time + utility,hybrid,first,2,0.6437908496732027,1.0,1.6437908496732025
panel,ISBTAcquisition,Agent360V2Adaptive,v2.adaptive,HybridNegotiator,hybrid time + utility,hybrid,second,2,0.5121951219512194,1.0,1.5121951219512195
panel,ISBTAcquisition,Agent360V2Adaptive,v2.adaptive,RandomNegotiator,random rational offers,baseline,first,2,0.5816993464052287,1.0,1.5816993464052287
panel,ISBTAcquisition,Agent360V2Adaptive,v2.adaptive,RandomNegotiator,random rational offers,baseline,second,2,0.5670731707317072,1.0,1.5670731707317072
panel,ISBTAcquisition,Agent360V2Adaptive,v2.adaptive,NaiveTitForTatNegotiator,tit-for-tat,behavioral,first,2,0.5784313725490197,0.59107503753555,1.1695064100845698
panel,ISBTAcquisition,Agent360V2Adaptive,v2.adaptive,NaiveTitForTatNegotiator,tit-for-tat,behavioral,second,2,0.5121951219512194,0.5964173630080392,1.1086124849592585
panel,ISBTAcquisition,Agent360V2Adaptive,v2.adaptive,SimpleTitForTatNegotiator,simple tit-for-tat,behavioral,first,2,0.4934640522875817,0.5913903443911447,1.0848543966787263
panel,ISBTAcquisition,Agent360V2Adaptive,v2.adaptive,SimpleTitForTatNegotiator,simple tit-for-tat,behavioral,second,2,0.5121951219512194,0.5964173630080392,1.1086124849592585
panel,ISBTAcquisition,Agent360V2Adaptive,v2.adaptive,FirstOfferOrientedTBNegotiator,anchors on first offer,oriented,first,2,0.784313725490196,1.0,1.784313725490196
panel,ISBTAcquisition,Agent360V2Adaptive,v2.adaptive,FirstOfferOrientedTBNegotiator,anchors on first offer,oriented,second,2,0.5121951219512194,1.0,1.5121951219512195
panel,ISBTAcquisition,Agent360V2Adaptive,v2.adaptive,LastOfferOrientedTBNegotiator,follows last offer,oriented,first,2,0.6928104575163399,1.0,1.6928104575163399
panel,ISBTAcquisition,Agent360V2Adaptive,v2.adaptive,LastOfferOrientedTBNegotiator,follows last offer,oriented,second,2,0.5121951219512194,1.0,1.5121951219512195
panel,ISBTAcquisition,Agent360V2Adaptive,v2.adaptive,BestOfferOrientedTBNegotiator,tracks best offer seen,oriented,first,2,0.6830065359477124,1.0,1.6830065359477124
panel,ISBTAcquisition,Agent360V2Adaptive,v2.adaptive,BestOfferOrientedTBNegotiator,tracks best offer seen,oriented,second,2,0.5121951219512194,1.0,1.5121951219512195
panel,Laptop,Agent360,gradient,SimpleNegotiator,reverse-ufun + time concede,example,first,2,0.6745529209246102,0.6844358410163034,1.3589887619409136
panel,Laptop,Agent360,gradient,SimpleNegotiator,reverse-ufun + time concede,example,second,2,0.5911036168101367,0.6932670477187611,1.2843706645288977
panel,Laptop,Agent360,gradient,BOANeg,BOA: time offer + Smith + ACNext,example,first,2,0.5775524426410947,0.5583866902602486,1.1359391329013433
panel,Laptop,Agent360,gradient,BOANeg,BOA: time offer + Smith + ACNext,example,second,2,0.5136317604069089,0.5326554970041371,1.0462872574110458
panel,Laptop,Agent360,gradient,MAPNeg,"MAP: same stack, acceptance_first",example,first,2,0.5775524426410947,0.5416701343399755,1.1192225769810702
panel,Laptop,Agent360,gradient,MAPNeg,"MAP: same stack, acceptance_first",example,second,2,0.5136317604069089,0.5479594111431183,1.0615911715500275
panel,Laptop,Agent360,gradient,BoulwareTBNegotiator,slow concession (Boulware),time-based,first,2,0.5775524426410947,1.0,1.5775524426410947
panel,Laptop,Agent360,gradient,BoulwareTBNegotiator,slow concession (Boulware),time-based,second,2,0.5136317604069089,1.0,1.513631760406909
panel,Laptop,Agent360,gradient,ConcederTBNegotiator,fast concession,time-based,first,2,0.6808563443161951,0.5,1.180856344316195
panel,Laptop,Agent360,gradient,ConcederTBNegotiator,fast concession,time-based,second,2,0.7177888527582047,1.0,1.7177888527582046
panel,Laptop,Agent360,gradient,LinearTBNegotiator,linear time concession,time-based,first,2,0.5775524426410947,1.0,1.5775524426410947
panel,Laptop,Agent360,gradient,LinearTBNegotiator,linear time concession,time-based,second,2,0.5136317604069089,1.0,1.513631760406909
panel,Laptop,Agent360,gradient,ToughNegotiator,"hard line, slow give",time-based,first,2,0.5775524426410947,0.5,1.0775524426410947
panel,Laptop,Agent360,gradient,ToughNegotiator,"hard line, slow give",time-based,second,2,0.5136317604069089,1.0,1.513631760406909
panel,Laptop,Agent360,gradient,MiCRONegotiator,MiCRO (Genius-style),genius-style,first,2,0.6292043934786449,1.0,1.6292043934786449
panel,Laptop,Agent360,gradient,MiCRONegotiator,MiCRO (Genius-style),genius-style,second,2,0.6793440238002268,1.0,1.6793440238002268
panel,Laptop,Agent360,gradient,TimeBasedNegotiator,generic time-based,time-based,first,2,0.5775524426410947,1.0,1.5775524426410947
panel,Laptop,Agent360,gradient,TimeBasedNegotiator,generic time-based,time-based,second,2,0.5136317604069089,1.0,1.513631760406909
panel,Laptop,Agent360,gradient,AspirationNegotiator,aspiration-based,time-based,first,2,0.5775524426410947,1.0,1.5775524426410947
panel,Laptop,Agent360,gradient,AspirationNegotiator,aspiration-based,time-based,second,2,0.5911036168101367,1.0,1.5911036168101367
panel,Laptop,Agent360,gradient,HybridNegotiator,hybrid time + utility,hybrid,first,2,0.5775524426410947,1.0,1.5775524426410947
panel,Laptop,Agent360,gradient,HybridNegotiator,hybrid time + utility,hybrid,second,2,0.5136317604069089,1.0,1.513631760406909
panel,Laptop,Agent360,gradient,RandomNegotiator,random rational offers,baseline,first,2,0.6980791664286167,0.5,1.1980791664286166
panel,Laptop,Agent360,gradient,RandomNegotiator,random rational offers,baseline,second,2,0.7012967039821196,1.0,1.7012967039821196
panel,Laptop,Agent360,gradient,NaiveTitForTatNegotiator,tit-for-tat,behavioral,first,2,0.6745529209246102,0.6864361178970932,1.3609890388217036
panel,Laptop,Agent360,gradient,NaiveTitForTatNegotiator,tit-for-tat,behavioral,second,2,0.6295484457681144,0.6932670477187611,1.3228154934868757
panel,Laptop,Agent360,gradient,SimpleTitForTatNegotiator,simple tit-for-tat,behavioral,first,2,0.6980791664286167,0.6902225149367528,1.3883016813653695
panel,Laptop,Agent360,gradient,SimpleTitForTatNegotiator,simple tit-for-tat,behavioral,second,2,0.6598305100776019,0.6955693941253895,1.3553999042029914
panel,Laptop,Agent360,gradient,FirstOfferOrientedTBNegotiator,anchors on first offer,oriented,first,2,0.5775524426410947,1.0,1.5775524426410947
panel,Laptop,Agent360,gradient,FirstOfferOrientedTBNegotiator,anchors on first offer,oriented,second,2,0.5911036168101367,1.0,1.5911036168101367
panel,Laptop,Agent360,gradient,LastOfferOrientedTBNegotiator,follows last offer,oriented,first,2,0.5775524426410947,1.0,1.5775524426410947
panel,Laptop,Agent360,gradient,LastOfferOrientedTBNegotiator,follows last offer,oriented,second,2,0.5136317604069089,1.0,1.513631760406909
panel,Laptop,Agent360,gradient,BestOfferOrientedTBNegotiator,tracks best offer seen,oriented,first,2,0.5775524426410947,1.0,1.5775524426410947
panel,Laptop,Agent360,gradient,BestOfferOrientedTBNegotiator,tracks best offer seen,oriented,second,2,0.5911036168101367,1.0,1.5911036168101367
panel,Laptop,Agent360Full,full,SimpleNegotiator,reverse-ufun + time concede,example,first,2,0.5775524426410947,0.3422179205081517,0.9197703631492464
panel,Laptop,Agent360Full,full,SimpleNegotiator,reverse-ufun + time concede,example,second,2,0.5136317604069089,0.695142104219393,1.208773864626302
panel,Laptop,Agent360Full,full,BOANeg,BOA: time offer + Smith + ACNext,example,first,2,0.5775524426410947,0.5808264034369236,1.1583788460780184
panel,Laptop,Agent360Full,full,BOANeg,BOA: time offer + Smith + ACNext,example,second,2,0.5136317604069089,0.5844556843451267,1.0980874447520357
panel,Laptop,Agent360Full,full,MAPNeg,"MAP: same stack, acceptance_first",example,first,2,0.5775524426410947,0.28449803644578137,0.8620504790868762
panel,Laptop,Agent360Full,full,MAPNeg,"MAP: same stack, acceptance_first",example,second,2,0.5136317604069089,0.7866228471628459,1.3002546075697548
panel,Laptop,Agent360Full,full,BoulwareTBNegotiator,slow concession (Boulware),time-based,first,2,0.5775524426410947,1.0,1.5775524426410947
panel,Laptop,Agent360Full,full,BoulwareTBNegotiator,slow concession (Boulware),time-based,second,2,0.5136317604069089,1.0,1.513631760406909
panel,Laptop,Agent360Full,full,ConcederTBNegotiator,fast concession,time-based,first,2,0.6808563443161951,1.0,1.680856344316195
panel,Laptop,Agent360Full,full,ConcederTBNegotiator,fast concession,time-based,second,2,0.78651574602567,1.0,1.78651574602567
panel,Laptop,Agent360Full,full,LinearTBNegotiator,linear time concession,time-based,first,2,0.5775524426410947,1.0,1.5775524426410947
panel,Laptop,Agent360Full,full,LinearTBNegotiator,linear time concession,time-based,second,2,0.5136317604069089,1.0,1.513631760406909
panel,Laptop,Agent360Full,full,ToughNegotiator,"hard line, slow give",time-based,first,2,0.5775524426410947,1.0,1.5775524426410947
panel,Laptop,Agent360Full,full,ToughNegotiator,"hard line, slow give",time-based,second,2,0.5136317604069089,1.0,1.513631760406909
panel,Laptop,Agent360Full,full,MiCRONegotiator,MiCRO (Genius-style),genius-style,first,2,0.6745529209246102,1.0,1.6745529209246102
panel,Laptop,Agent360Full,full,MiCRONegotiator,MiCRO (Genius-style),genius-style,second,2,0.7568158802034546,1.0,1.7568158802034546
panel,Laptop,Agent360Full,full,TimeBasedNegotiator,generic time-based,time-based,first,2,0.5775524426410947,0.5,1.0775524426410947
panel,Laptop,Agent360Full,full,TimeBasedNegotiator,generic time-based,time-based,second,2,0.5136317604069089,1.0,1.513631760406909
panel,Laptop,Agent360Full,full,AspirationNegotiator,aspiration-based,time-based,first,2,0.5775524426410947,1.0,1.5775524426410947
panel,Laptop,Agent360Full,full,AspirationNegotiator,aspiration-based,time-based,second,2,0.5136317604069089,1.0,1.513631760406909
panel,Laptop,Agent360Full,full,HybridNegotiator,hybrid time + utility,hybrid,first,2,0.5775524426410947,0.5,1.0775524426410947
panel,Laptop,Agent360Full,full,HybridNegotiator,hybrid time + utility,hybrid,second,2,0.7177888527582047,1.0,1.7177888527582046
panel,Laptop,Agent360Full,full,RandomNegotiator,random rational offers,baseline,first,2,0.6980791664286166,1.0,1.6980791664286166
panel,Laptop,Agent360Full,full,RandomNegotiator,random rational offers,baseline,second,2,0.5965641482159444,1.0,1.5965641482159443
panel,Laptop,Agent360Full,full,NaiveTitForTatNegotiator,tit-for-tat,behavioral,first,2,0.5775524426410947,0.6844358410163034,1.2619882836573981
panel,Laptop,Agent360Full,full,NaiveTitForTatNegotiator,tit-for-tat,behavioral,second,2,0.7177888527582047,0.6924396913959918,1.4102285441541964
panel,Laptop,Agent360Full,full,SimpleTitForTatNegotiator,simple tit-for-tat,behavioral,first,2,0.607382111536686,0.6884363947778832,1.295818506314569
panel,Laptop,Agent360Full,full,SimpleTitForTatNegotiator,simple tit-for-tat,behavioral,second,2,0.6793440238002268,0.6924396913959918,1.3717837151962187
panel,Laptop,Agent360Full,full,FirstOfferOrientedTBNegotiator,anchors on first offer,oriented,first,2,0.5775524426410947,0.5,1.0775524426410947
panel,Laptop,Agent360Full,full,FirstOfferOrientedTBNegotiator,anchors on first offer,oriented,second,2,0.5136317604069089,1.0,1.513631760406909
panel,Laptop,Agent360Full,full,LastOfferOrientedTBNegotiator,follows last offer,oriented,first,2,0.5775524426410947,1.0,1.5775524426410947
panel,Laptop,Agent360Full,full,LastOfferOrientedTBNegotiator,follows last offer,oriented,second,2,0.5136317604069089,1.0,1.513631760406909
panel,Laptop,Agent360Full,full,BestOfferOrientedTBNegotiator,tracks best offer seen,oriented,first,2,0.5775524426410947,0.5,1.0775524426410947
panel,Laptop,Agent360Full,full,BestOfferOrientedTBNegotiator,tracks best offer seen,oriented,second,2,0.5136317604069089,1.0,1.513631760406909
panel,Laptop,Agent360Reverse,reverse,SimpleNegotiator,reverse-ufun + time concede,example,first,2,0.8059990434329688,0.6771094406811734,1.4831084841141422
panel,Laptop,Agent360Reverse,reverse,SimpleNegotiator,reverse-ufun + time concede,example,second,2,1.0,0.7046979865771812,1.7046979865771812
panel,Laptop,Agent360Reverse,reverse,BOANeg,BOA: time offer + Smith + ACNext,example,first,2,0.7715533992081257,0.4747597133316541,1.24631311253978
panel,Laptop,Agent360Reverse,reverse,BOANeg,BOA: time offer + Smith + ACNext,example,second,2,0.6685754732133643,0.5246830448339885,1.1932585180473527
panel,Laptop,Agent360Reverse,reverse,MAPNeg,"MAP: same stack, acceptance_first",example,first,2,0.7715533992081257,0.47318721150873594,1.2447406107168617
panel,Laptop,Agent360Reverse,reverse,MAPNeg,"MAP: same stack, acceptance_first",example,second,2,0.6685754732133643,0.5122801110265089,1.1808555842398731
panel,Laptop,Agent360Reverse,reverse,BoulwareTBNegotiator,slow concession (Boulware),time-based,first,2,0.7715533992081257,1.0,1.7715533992081256
panel,Laptop,Agent360Reverse,reverse,BoulwareTBNegotiator,slow concession (Boulware),time-based,second,2,0.6685754732133643,1.0,1.6685754732133642
panel,Laptop,Agent360Reverse,reverse,ConcederTBNegotiator,fast concession,time-based,first,2,0.9999999999999999,1.0,2.0
panel,Laptop,Agent360Reverse,reverse,ConcederTBNegotiator,fast concession,time-based,second,2,1.0,1.0,2.0
panel,Laptop,Agent360Reverse,reverse,LinearTBNegotiator,linear time concession,time-based,first,2,0.8059990434329688,1.0,1.8059990434329687
panel,Laptop,Agent360Reverse,reverse,LinearTBNegotiator,linear time concession,time-based,second,2,0.806029259748295,1.0,1.806029259748295
panel,Laptop,Agent360Reverse,reverse,ToughNegotiator,"hard line, slow give",time-based,first,2,0.5775524426410947,1.0,1.5775524426410947
panel,Laptop,Agent360Reverse,reverse,ToughNegotiator,"hard line, slow give",time-based,second,2,0.5136317604069089,1.0,1.513631760406909
panel,Laptop,Agent360Reverse,reverse,MiCRONegotiator,MiCRO (Genius-style),genius-style,first,2,0.7715533992081257,1.0,1.7715533992081256
panel,Laptop,Agent360Reverse,reverse,MiCRONegotiator,MiCRO (Genius-style),genius-style,second,2,0.8450562871935448,1.0,1.8450562871935448
panel,Laptop,Agent360Reverse,reverse,TimeBasedNegotiator,generic time-based,time-based,first,2,0.7715533992081257,1.0,1.7715533992081256
panel,Laptop,Agent360Reverse,reverse,TimeBasedNegotiator,generic time-based,time-based,second,2,0.6685754732133643,1.0,1.6685754732133642
panel,Laptop,Agent360Reverse,reverse,AspirationNegotiator,aspiration-based,time-based,first,2,0.7715533992081257,1.0,1.7715533992081256
panel,Laptop,Agent360Reverse,reverse,AspirationNegotiator,aspiration-based,time-based,second,2,0.6685754732133643,1.0,1.6685754732133642
panel,Laptop,Agent360Reverse,reverse,HybridNegotiator,hybrid time + utility,hybrid,first,2,0.7715533992081257,1.0,1.7715533992081256
panel,Laptop,Agent360Reverse,reverse,HybridNegotiator,hybrid time + utility,hybrid,second,2,0.8450562871935448,1.0,1.8450562871935448
panel,Laptop,Agent360Reverse,reverse,RandomNegotiator,random rational offers,baseline,first,2,0.9546514725540346,1.0,1.9546514725540347
panel,Laptop,Agent360Reverse,reverse,RandomNegotiator,random rational offers,baseline,second,2,0.0,1.0,1.0
panel,Laptop,Agent360Reverse,reverse,NaiveTitForTatNegotiator,tit-for-tat,behavioral,first,2,0.9999999999999999,0.6938355147373865,1.6938355147373865
panel,Laptop,Agent360Reverse,reverse,NaiveTitForTatNegotiator,tit-for-tat,behavioral,second,2,1.0,0.6951508210586755,1.6951508210586754
panel,Laptop,Agent360Reverse,reverse,SimpleTitForTatNegotiator,simple tit-for-tat,behavioral,first,2,0.9999999999999999,0.6911359547576348,1.6911359547576348
panel,Laptop,Agent360Reverse,reverse,SimpleTitForTatNegotiator,simple tit-for-tat,behavioral,second,2,1.0,0.6950887547974677,1.6950887547974676
panel,Laptop,Agent360Reverse,reverse,FirstOfferOrientedTBNegotiator,anchors on first offer,oriented,first,2,0.7715533992081257,1.0,1.7715533992081256
panel,Laptop,Agent360Reverse,reverse,FirstOfferOrientedTBNegotiator,anchors on first offer,oriented,second,2,0.6685754732133643,1.0,1.6685754732133642
panel,Laptop,Agent360Reverse,reverse,LastOfferOrientedTBNegotiator,follows last offer,oriented,first,2,0.7715533992081257,1.0,1.7715533992081256
panel,Laptop,Agent360Reverse,reverse,LastOfferOrientedTBNegotiator,follows last offer,oriented,second,2,0.6685754732133643,1.0,1.6685754732133642
panel,Laptop,Agent360Reverse,reverse,BestOfferOrientedTBNegotiator,tracks best offer seen,oriented,first,2,0.7715533992081257,1.0,1.7715533992081256
panel,Laptop,Agent360Reverse,reverse,BestOfferOrientedTBNegotiator,tracks best offer seen,oriented,second,2,0.6685754732133643,1.0,1.6685754732133642
panel,Laptop,Agent360V2,v2,SimpleNegotiator,reverse-ufun + time concede,example,first,2,0.5838558660326796,0.6844358410163034,1.268291707048983
panel,Laptop,Agent360V2,v2,SimpleNegotiator,reverse-ufun + time concede,example,second,2,0.5136317604069089,0.695142104219393,1.208773864626302
panel,Laptop,Agent360V2,v2,BOANeg,BOA: time offer + Smith + ACNext,example,first,2,0.5775524426410947,0.5906761403238464,1.1682285829649413
panel,Laptop,Agent360V2,v2,BOANeg,BOA: time offer + Smith + ACNext,example,second,2,0.5136317604069089,0.7905822932983748,1.3042140537052838
panel,Laptop,Agent360V2,v2,MAPNeg,"MAP: same stack, acceptance_first",example,first,2,0.5775524426410947,0.2895908755819826,0.8671433182230773
panel,Laptop,Agent360V2,v2,MAPNeg,"MAP: same stack, acceptance_first",example,second,2,0.5136317604069089,0.8047425354672005,1.3183742958741096
panel,Laptop,Agent360V2,v2,BoulwareTBNegotiator,slow concession (Boulware),time-based,first,2,0.5775524426410947,1.0,1.5775524426410947
panel,Laptop,Agent360V2,v2,BoulwareTBNegotiator,slow concession (Boulware),time-based,second,2,0.5136317604069089,1.0,1.513631760406909
panel,Laptop,Agent360V2,v2,ConcederTBNegotiator,fast concession,time-based,first,2,0.6808563443161951,1.0,1.680856344316195
panel,Laptop,Agent360V2,v2,ConcederTBNegotiator,fast concession,time-based,second,2,0.5905214183228646,1.0,1.5905214183228646
panel,Laptop,Agent360V2,v2,LinearTBNegotiator,linear time concession,time-based,first,2,0.5775524426410947,1.0,1.5775524426410947
panel,Laptop,Agent360V2,v2,LinearTBNegotiator,linear time concession,time-based,second,2,0.5136317604069089,1.0,1.513631760406909
panel,Laptop,Agent360V2,v2,ToughNegotiator,"hard line, slow give",time-based,first,2,0.5775524426410947,1.0,1.5775524426410947
panel,Laptop,Agent360V2,v2,ToughNegotiator,"hard line, slow give",time-based,second,2,0.5136317604069089,1.0,1.513631760406909
panel,Laptop,Agent360V2,v2,MiCRONegotiator,MiCRO (Genius-style),genius-style,first,2,0.5775524426410947,0.5,1.0775524426410947
panel,Laptop,Agent360V2,v2,MiCRONegotiator,MiCRO (Genius-style),genius-style,second,2,0.5136317604069089,1.0,1.513631760406909
panel,Laptop,Agent360V2,v2,TimeBasedNegotiator,generic time-based,time-based,first,2,0.5775524426410947,1.0,1.5775524426410947
panel,Laptop,Agent360V2,v2,TimeBasedNegotiator,generic time-based,time-based,second,2,0.5136317604069089,1.0,1.513631760406909
panel,Laptop,Agent360V2,v2,AspirationNegotiator,aspiration-based,time-based,first,2,0.5775524426410947,0.5,1.0775524426410947
panel,Laptop,Agent360V2,v2,AspirationNegotiator,aspiration-based,time-based,second,2,0.5136317604069089,1.0,1.513631760406909
panel,Laptop,Agent360V2,v2,HybridNegotiator,hybrid time + utility,hybrid,first,2,0.5775524426410947,1.0,1.5775524426410947
panel,Laptop,Agent360V2,v2,HybridNegotiator,hybrid time + utility,hybrid,second,2,0.5136317604069089,1.0,1.513631760406909
panel,Laptop,Agent360V2,v2,RandomNegotiator,random rational offers,baseline,first,2,0.29629899560461737,0.5,0.7962989956046174
panel,Laptop,Agent360V2,v2,RandomNegotiator,random rational offers,baseline,second,2,0.7177888527582046,1.0,1.7177888527582046
panel,Laptop,Agent360V2,v2,NaiveTitForTatNegotiator,tit-for-tat,behavioral,first,2,0.6464272155910664,0.6884363947778832,1.3348636103689495
panel,Laptop,Agent360V2,v2,NaiveTitForTatNegotiator,tit-for-tat,behavioral,second,2,0.6100349320454895,0.6892307032327446,1.2992656352782341
panel,Laptop,Agent360V2,v2,SimpleTitForTatNegotiator,simple tit-for-tat,behavioral,first,2,0.6010786881451011,0.6864361178970932,1.2875148060421944
panel,Laptop,Agent360V2,v2,SimpleTitForTatNegotiator,simple tit-for-tat,behavioral,second,2,0.5136317604069089,0.6932670477187611,1.2068988081256702
panel,Laptop,Agent360V2,v2,FirstOfferOrientedTBNegotiator,anchors on first offer,oriented,first,2,0.5775524426410947,1.0,1.5775524426410947
panel,Laptop,Agent360V2,v2,FirstOfferOrientedTBNegotiator,anchors on first offer,oriented,second,2,0.5136317604069089,1.0,1.513631760406909
panel,Laptop,Agent360V2,v2,LastOfferOrientedTBNegotiator,follows last offer,oriented,first,2,0.5775524426410947,0.5,1.0775524426410947
panel,Laptop,Agent360V2,v2,LastOfferOrientedTBNegotiator,follows last offer,oriented,second,2,0.5136317604069089,1.0,1.513631760406909
panel,Laptop,Agent360V2,v2,BestOfferOrientedTBNegotiator,tracks best offer seen,oriented,first,2,0.5775524426410947,0.5,1.0775524426410947
panel,Laptop,Agent360V2,v2,BestOfferOrientedTBNegotiator,tracks best offer seen,oriented,second,2,0.5136317604069089,1.0,1.513631760406909
panel,Laptop,Agent360V2Adaptive,v2.adaptive,SimpleNegotiator,reverse-ufun + time concede,example,first,2,0.5838558660326796,0.0,0.5838558660326796
panel,Laptop,Agent360V2Adaptive,v2.adaptive,SimpleNegotiator,reverse-ufun + time concede,example,second,2,0.5911036168101367,0.6988180250680083,1.289921641878145
panel,Laptop,Agent360V2Adaptive,v2.adaptive,BOANeg,BOA: time offer + Smith + ACNext,example,first,2,0.5775524426410947,0.5658335559600134,1.1433859986011081
panel,Laptop,Agent360V2Adaptive,v2.adaptive,BOANeg,BOA: time offer + Smith + ACNext,example,second,2,0.5136317604069089,0.5724562841624086,1.0860880445693175
panel,Laptop,Agent360V2Adaptive,v2.adaptive,MAPNeg,"MAP: same stack, acceptance_first",example,first,2,0.5775524426410947,0.5356170904463187,1.1131695330874134
panel,Laptop,Agent360V2Adaptive,v2.adaptive,MAPNeg,"MAP: same stack, acceptance_first",example,second,2,0.5136317604069089,0.5692562636628038,1.0828880240697127
panel,Laptop,Agent360V2Adaptive,v2.adaptive,BoulwareTBNegotiator,slow concession (Boulware),time-based,first,2,0.5775524426410947,0.5,1.0775524426410947
panel,Laptop,Agent360V2Adaptive,v2.adaptive,BoulwareTBNegotiator,slow concession (Boulware),time-based,second,2,0.5136317604069089,1.0,1.513631760406909
panel,Laptop,Agent360V2Adaptive,v2.adaptive,ConcederTBNegotiator,fast concession,time-based,first,2,0.6355078168702297,0.5,1.1355078168702297
panel,Laptop,Agent360V2Adaptive,v2.adaptive,ConcederTBNegotiator,fast concession,time-based,second,2,0.6787618253129548,1.0,1.6787618253129548
panel,Laptop,Agent360V2Adaptive,v2.adaptive,LinearTBNegotiator,linear time concession,time-based,first,2,0.5775524426410947,0.5,1.0775524426410947
panel,Laptop,Agent360V2Adaptive,v2.adaptive,LinearTBNegotiator,linear time concession,time-based,second,2,0.5136317604069089,1.0,1.513631760406909
panel,Laptop,Agent360V2Adaptive,v2.adaptive,ToughNegotiator,"hard line, slow give",time-based,first,2,0.5775524426410947,1.0,1.5775524426410947
panel,Laptop,Agent360V2Adaptive,v2.adaptive,ToughNegotiator,"hard line, slow give",time-based,second,2,0.5136317604069089,1.0,1.513631760406909
panel,Laptop,Agent360V2Adaptive,v2.adaptive,MiCRONegotiator,MiCRO (Genius-style),genius-style,first,2,0.6745529209246102,1.0,1.6745529209246102
panel,Laptop,Agent360V2Adaptive,v2.adaptive,MiCRONegotiator,MiCRO (Genius-style),genius-style,second,2,0.5911036168101367,1.0,1.5911036168101367
panel,Laptop,Agent360V2Adaptive,v2.adaptive,TimeBasedNegotiator,generic time-based,time-based,first,2,0.5775524426410947,0.5,1.0775524426410947
panel,Laptop,Agent360V2Adaptive,v2.adaptive,TimeBasedNegotiator,generic time-based,time-based,second,2,0.5136317604069089,1.0,1.513631760406909
panel,Laptop,Agent360V2Adaptive,v2.adaptive,AspirationNegotiator,aspiration-based,time-based,first,2,0.5775524426410947,0.5,1.0775524426410947
panel,Laptop,Agent360V2Adaptive,v2.adaptive,AspirationNegotiator,aspiration-based,time-based,second,2,0.5136317604069089,1.0,1.513631760406909
panel,Laptop,Agent360V2Adaptive,v2.adaptive,HybridNegotiator,hybrid time + utility,hybrid,first,2,0.5775524426410947,0.5,1.0775524426410947
panel,Laptop,Agent360V2Adaptive,v2.adaptive,HybridNegotiator,hybrid time + utility,hybrid,second,2,0.5520765893648868,1.0,1.5520765893648867
panel,Laptop,Agent360V2Adaptive,v2.adaptive,RandomNegotiator,random rational offers,baseline,first,2,0.49999999999999994,0.5,1.0
panel,Laptop,Agent360V2Adaptive,v2.adaptive,RandomNegotiator,random rational offers,baseline,second,2,0.7177888527582046,1.0,1.7177888527582046
panel,Laptop,Agent360V2Adaptive,v2.adaptive,NaiveTitForTatNegotiator,tit-for-tat,behavioral,first,2,0.6010786881451011,0.6864361178970932,1.2875148060421944
panel,Laptop,Agent360V2Adaptive,v2.adaptive,NaiveTitForTatNegotiator,tit-for-tat,behavioral,second,2,0.806029259748295,0.6924396913959918,1.4984689511442868
panel,Laptop,Agent360V2Adaptive,v2.adaptive,SimpleTitForTatNegotiator,simple tit-for-tat,behavioral,first,2,0.5775524426410947,0.3422179205081517,0.9197703631492464
panel,Laptop,Agent360V2Adaptive,v2.adaptive,SimpleTitForTatNegotiator,simple tit-for-tat,behavioral,second,2,0.6982753390355798,0.6932670477187611,1.3915423867543408
panel,Laptop,Agent360V2Adaptive,v2.adaptive,FirstOfferOrientedTBNegotiator,anchors on first offer,oriented,first,2,0.5775524426410947,0.0,0.5775524426410947
panel,Laptop,Agent360V2Adaptive,v2.adaptive,FirstOfferOrientedTBNegotiator,anchors on first offer,oriented,second,2,0.5136317604069089,1.0,1.513631760406909
panel,Laptop,Agent360V2Adaptive,v2.adaptive,LastOfferOrientedTBNegotiator,follows last offer,oriented,first,2,0.5775524426410947,0.5,1.0775524426410947
panel,Laptop,Agent360V2Adaptive,v2.adaptive,LastOfferOrientedTBNegotiator,follows last offer,oriented,second,2,0.5136317604069089,1.0,1.513631760406909
panel,Laptop,Agent360V2Adaptive,v2.adaptive,BestOfferOrientedTBNegotiator,tracks best offer seen,oriented,first,2,0.5775524426410947,1.0,1.5775524426410947
panel,Laptop,Agent360V2Adaptive,v2.adaptive,BestOfferOrientedTBNegotiator,tracks best offer seen,oriented,second,2,0.5136317604069089,1.0,1.513631760406909
panel,NiceOrDie,Agent360,gradient,SimpleNegotiator,reverse-ufun + time concede,example,first,2,0.1654761904761905,0.5,0.6654761904761906
panel,NiceOrDie,Agent360,gradient,SimpleNegotiator,reverse-ufun + time concede,example,second,2,0.1654761904761905,0.5,0.6654761904761906
panel,NiceOrDie,Agent360,gradient,BOANeg,BOA: time offer + Smith + ACNext,example,first,2,0.1654761904761905,0.55,0.7154761904761905
panel,NiceOrDie,Agent360,gradient,BOANeg,BOA: time offer + Smith + ACNext,example,second,2,0.1654761904761905,0.5,0.6654761904761906
panel,NiceOrDie,Agent360,gradient,MAPNeg,"MAP: same stack, acceptance_first",example,first,2,0.1654761904761905,0.5,0.6654761904761906
panel,NiceOrDie,Agent360,gradient,MAPNeg,"MAP: same stack, acceptance_first",example,second,2,0.1654761904761905,0.5,0.6654761904761906
panel,NiceOrDie,Agent360,gradient,BoulwareTBNegotiator,slow concession (Boulware),time-based,first,2,0.1654761904761905,1.0,1.1654761904761906
panel,NiceOrDie,Agent360,gradient,BoulwareTBNegotiator,slow concession (Boulware),time-based,second,2,0.1654761904761905,1.0,1.1654761904761906
panel,NiceOrDie,Agent360,gradient,ConcederTBNegotiator,fast concession,time-based,first,2,0.1654761904761905,1.0,1.1654761904761906
panel,NiceOrDie,Agent360,gradient,ConcederTBNegotiator,fast concession,time-based,second,2,0.1654761904761905,1.0,1.1654761904761906
panel,NiceOrDie,Agent360,gradient,LinearTBNegotiator,linear time concession,time-based,first,2,0.1654761904761905,1.0,1.1654761904761906
panel,NiceOrDie,Agent360,gradient,LinearTBNegotiator,linear time concession,time-based,second,2,0.1654761904761905,1.0,1.1654761904761906
panel,NiceOrDie,Agent360,gradient,ToughNegotiator,"hard line, slow give",time-based,first,2,0.0,1.0,1.0
panel,NiceOrDie,Agent360,gradient,ToughNegotiator,"hard line, slow give",time-based,second,2,0.0,1.0,1.0
panel,NiceOrDie,Agent360,gradient,MiCRONegotiator,MiCRO (Genius-style),genius-style,first,2,0.1654761904761905,1.0,1.1654761904761906
panel,NiceOrDie,Agent360,gradient,MiCRONegotiator,MiCRO (Genius-style),genius-style,second,2,0.1654761904761905,1.0,1.1654761904761906
panel,NiceOrDie,Agent360,gradient,TimeBasedNegotiator,generic time-based,time-based,first,2,0.1654761904761905,1.0,1.1654761904761906
panel,NiceOrDie,Agent360,gradient,TimeBasedNegotiator,generic time-based,time-based,second,2,0.1654761904761905,1.0,1.1654761904761906
panel,NiceOrDie,Agent360,gradient,AspirationNegotiator,aspiration-based,time-based,first,2,0.1654761904761905,1.0,1.1654761904761906
panel,NiceOrDie,Agent360,gradient,AspirationNegotiator,aspiration-based,time-based,second,2,0.1654761904761905,1.0,1.1654761904761906
panel,NiceOrDie,Agent360,gradient,HybridNegotiator,hybrid time + utility,hybrid,first,2,0.0,1.0,1.0
panel,NiceOrDie,Agent360,gradient,HybridNegotiator,hybrid time + utility,hybrid,second,2,0.0,1.0,1.0
panel,NiceOrDie,Agent360,gradient,RandomNegotiator,random rational offers,baseline,first,2,0.5827380952380953,1.0,1.5827380952380952
panel,NiceOrDie,Agent360,gradient,RandomNegotiator,random rational offers,baseline,second,2,0.5827380952380953,1.0,1.5827380952380952
panel,NiceOrDie,Agent360,gradient,NaiveTitForTatNegotiator,tit-for-tat,behavioral,first,2,0.1654761904761905,0.4759591794226542,0.6414353698988446
panel,NiceOrDie,Agent360,gradient,NaiveTitForTatNegotiator,tit-for-tat,behavioral,second,2,0.1654761904761905,0.4759591794226542,0.6414353698988446
panel,NiceOrDie,Agent360,gradient,SimpleTitForTatNegotiator,simple tit-for-tat,behavioral,first,2,0.1654761904761905,0.4759591794226542,0.6414353698988446
panel,NiceOrDie,Agent360,gradient,SimpleTitForTatNegotiator,simple tit-for-tat,behavioral,second,2,0.1654761904761905,0.4759591794226542,0.6414353698988446
panel,NiceOrDie,Agent360,gradient,FirstOfferOrientedTBNegotiator,anchors on first offer,oriented,first,2,0.1654761904761905,1.0,1.1654761904761906
panel,NiceOrDie,Agent360,gradient,FirstOfferOrientedTBNegotiator,anchors on first offer,oriented,second,2,0.1654761904761905,1.0,1.1654761904761906
panel,NiceOrDie,Agent360,gradient,LastOfferOrientedTBNegotiator,follows last offer,oriented,first,2,0.1654761904761905,1.0,1.1654761904761906
panel,NiceOrDie,Agent360,gradient,LastOfferOrientedTBNegotiator,follows last offer,oriented,second,2,0.1654761904761905,1.0,1.1654761904761906
panel,NiceOrDie,Agent360,gradient,BestOfferOrientedTBNegotiator,tracks best offer seen,oriented,first,2,0.1654761904761905,1.0,1.1654761904761906
panel,NiceOrDie,Agent360,gradient,BestOfferOrientedTBNegotiator,tracks best offer seen,oriented,second,2,0.1654761904761905,1.0,1.1654761904761906
panel,NiceOrDie,Agent360Full,full,SimpleNegotiator,reverse-ufun + time concede,example,first,2,0.1654761904761905,0.5,0.6654761904761906
panel,NiceOrDie,Agent360Full,full,SimpleNegotiator,reverse-ufun + time concede,example,second,2,0.1654761904761905,0.5,0.6654761904761906
panel,NiceOrDie,Agent360Full,full,BOANeg,BOA: time offer + Smith + ACNext,example,first,2,0.1654761904761905,0.5,0.6654761904761906
panel,NiceOrDie,Agent360Full,full,BOANeg,BOA: time offer + Smith + ACNext,example,second,2,0.1654761904761905,0.5,0.6654761904761906
panel,NiceOrDie,Agent360Full,full,MAPNeg,"MAP: same stack, acceptance_first",example,first,2,0.1654761904761905,0.5,0.6654761904761906
panel,NiceOrDie,Agent360Full,full,MAPNeg,"MAP: same stack, acceptance_first",example,second,2,0.1654761904761905,0.5,0.6654761904761906
panel,NiceOrDie,Agent360Full,full,BoulwareTBNegotiator,slow concession (Boulware),time-based,first,2,0.1654761904761905,1.0,1.1654761904761906
panel,NiceOrDie,Agent360Full,full,BoulwareTBNegotiator,slow concession (Boulware),time-based,second,2,0.1654761904761905,1.0,1.1654761904761906
panel,NiceOrDie,Agent360Full,full,ConcederTBNegotiator,fast concession,time-based,first,2,0.1654761904761905,1.0,1.1654761904761906
panel,NiceOrDie,Agent360Full,full,ConcederTBNegotiator,fast concession,time-based,second,2,0.1654761904761905,1.0,1.1654761904761906
panel,NiceOrDie,Agent360Full,full,LinearTBNegotiator,linear time concession,time-based,first,2,0.1654761904761905,1.0,1.1654761904761906
panel,NiceOrDie,Agent360Full,full,LinearTBNegotiator,linear time concession,time-based,second,2,0.1654761904761905,1.0,1.1654761904761906
panel,NiceOrDie,Agent360Full,full,ToughNegotiator,"hard line, slow give",time-based,first,2,0.0,1.0,1.0
panel,NiceOrDie,Agent360Full,full,ToughNegotiator,"hard line, slow give",time-based,second,2,0.0,1.0,1.0
panel,NiceOrDie,Agent360Full,full,MiCRONegotiator,MiCRO (Genius-style),genius-style,first,2,0.1654761904761905,1.0,1.1654761904761906
panel,NiceOrDie,Agent360Full,full,MiCRONegotiator,MiCRO (Genius-style),genius-style,second,2,0.1654761904761905,1.0,1.1654761904761906
panel,NiceOrDie,Agent360Full,full,TimeBasedNegotiator,generic time-based,time-based,first,2,0.1654761904761905,1.0,1.1654761904761906
panel,NiceOrDie,Agent360Full,full,TimeBasedNegotiator,generic time-based,time-based,second,2,0.1654761904761905,1.0,1.1654761904761906
panel,NiceOrDie,Agent360Full,full,AspirationNegotiator,aspiration-based,time-based,first,2,0.1654761904761905,1.0,1.1654761904761906
panel,NiceOrDie,Agent360Full,full,AspirationNegotiator,aspiration-based,time-based,second,2,0.1654761904761905,1.0,1.1654761904761906
panel,NiceOrDie,Agent360Full,full,HybridNegotiator,hybrid time + utility,hybrid,first,2,0.0,1.0,1.0
panel,NiceOrDie,Agent360Full,full,HybridNegotiator,hybrid time + utility,hybrid,second,2,0.0,1.0,1.0
panel,NiceOrDie,Agent360Full,full,RandomNegotiator,random rational offers,baseline,first,2,0.5,0.5,1.0
panel,NiceOrDie,Agent360Full,full,RandomNegotiator,random rational offers,baseline,second,2,0.5827380952380953,1.0,1.5827380952380952
panel,NiceOrDie,Agent360Full,full,NaiveTitForTatNegotiator,tit-for-tat,behavioral,first,2,0.1654761904761905,0.4759591794226542,0.6414353698988446
panel,NiceOrDie,Agent360Full,full,NaiveTitForTatNegotiator,tit-for-tat,behavioral,second,2,0.1654761904761905,0.4759591794226542,0.6414353698988446
panel,NiceOrDie,Agent360Full,full,SimpleTitForTatNegotiator,simple tit-for-tat,behavioral,first,2,0.1654761904761905,0.4759591794226542,0.6414353698988446
panel,NiceOrDie,Agent360Full,full,SimpleTitForTatNegotiator,simple tit-for-tat,behavioral,second,2,0.1654761904761905,0.4759591794226542,0.6414353698988446
panel,NiceOrDie,Agent360Full,full,FirstOfferOrientedTBNegotiator,anchors on first offer,oriented,first,2,0.1654761904761905,1.0,1.1654761904761906
panel,NiceOrDie,Agent360Full,full,FirstOfferOrientedTBNegotiator,anchors on first offer,oriented,second,2,0.1654761904761905,1.0,1.1654761904761906
panel,NiceOrDie,Agent360Full,full,LastOfferOrientedTBNegotiator,follows last offer,oriented,first,2,0.1654761904761905,1.0,1.1654761904761906
panel,NiceOrDie,Agent360Full,full,LastOfferOrientedTBNegotiator,follows last offer,oriented,second,2,0.1654761904761905,1.0,1.1654761904761906
panel,NiceOrDie,Agent360Full,full,BestOfferOrientedTBNegotiator,tracks best offer seen,oriented,first,2,0.1654761904761905,1.0,1.1654761904761906
panel,NiceOrDie,Agent360Full,full,BestOfferOrientedTBNegotiator,tracks best offer seen,oriented,second,2,0.1654761904761905,1.0,1.1654761904761906
panel,NiceOrDie,Agent360Reverse,reverse,SimpleNegotiator,reverse-ufun + time concede,example,first,2,0.1654761904761905,0.5,0.6654761904761906
panel,NiceOrDie,Agent360Reverse,reverse,SimpleNegotiator,reverse-ufun + time concede,example,second,2,0.1654761904761905,0.5,0.6654761904761906
panel,NiceOrDie,Agent360Reverse,reverse,BOANeg,BOA: time offer + Smith + ACNext,example,first,2,0.1654761904761905,0.5,0.6654761904761906
panel,NiceOrDie,Agent360Reverse,reverse,BOANeg,BOA: time offer + Smith + ACNext,example,second,2,0.1654761904761905,0.5,0.6654761904761906
panel,NiceOrDie,Agent360Reverse,reverse,MAPNeg,"MAP: same stack, acceptance_first",example,first,2,0.1654761904761905,0.5,0.6654761904761906
panel,NiceOrDie,Agent360Reverse,reverse,MAPNeg,"MAP: same stack, acceptance_first",example,second,2,0.1654761904761905,0.5,0.6654761904761906
panel,NiceOrDie,Agent360Reverse,reverse,BoulwareTBNegotiator,slow concession (Boulware),time-based,first,2,0.1654761904761905,1.0,1.1654761904761906
panel,NiceOrDie,Agent360Reverse,reverse,BoulwareTBNegotiator,slow concession (Boulware),time-based,second,2,0.1654761904761905,1.0,1.1654761904761906
panel,NiceOrDie,Agent360Reverse,reverse,ConcederTBNegotiator,fast concession,time-based,first,2,0.1654761904761905,1.0,1.1654761904761906
panel,NiceOrDie,Agent360Reverse,reverse,ConcederTBNegotiator,fast concession,time-based,second,2,0.1654761904761905,1.0,1.1654761904761906
panel,NiceOrDie,Agent360Reverse,reverse,LinearTBNegotiator,linear time concession,time-based,first,2,0.1654761904761905,1.0,1.1654761904761906
panel,NiceOrDie,Agent360Reverse,reverse,LinearTBNegotiator,linear time concession,time-based,second,2,0.1654761904761905,1.0,1.1654761904761906
panel,NiceOrDie,Agent360Reverse,reverse,ToughNegotiator,"hard line, slow give",time-based,first,2,0.0,1.0,1.0
panel,NiceOrDie,Agent360Reverse,reverse,ToughNegotiator,"hard line, slow give",time-based,second,2,0.0,1.0,1.0
panel,NiceOrDie,Agent360Reverse,reverse,MiCRONegotiator,MiCRO (Genius-style),genius-style,first,2,0.5827380952380953,1.0,1.5827380952380952
panel,NiceOrDie,Agent360Reverse,reverse,MiCRONegotiator,MiCRO (Genius-style),genius-style,second,2,0.1654761904761905,1.0,1.1654761904761906
panel,NiceOrDie,Agent360Reverse,reverse,TimeBasedNegotiator,generic time-based,time-based,first,2,0.1654761904761905,1.0,1.1654761904761906
panel,NiceOrDie,Agent360Reverse,reverse,TimeBasedNegotiator,generic time-based,time-based,second,2,0.1654761904761905,1.0,1.1654761904761906
panel,NiceOrDie,Agent360Reverse,reverse,AspirationNegotiator,aspiration-based,time-based,first,2,0.1654761904761905,1.0,1.1654761904761906
panel,NiceOrDie,Agent360Reverse,reverse,AspirationNegotiator,aspiration-based,time-based,second,2,0.1654761904761905,1.0,1.1654761904761906
panel,NiceOrDie,Agent360Reverse,reverse,HybridNegotiator,hybrid time + utility,hybrid,first,2,0.0,1.0,1.0
panel,NiceOrDie,Agent360Reverse,reverse,HybridNegotiator,hybrid time + utility,hybrid,second,2,0.0,1.0,1.0
panel,NiceOrDie,Agent360Reverse,reverse,RandomNegotiator,random rational offers,baseline,first,2,0.5827380952380953,1.0,1.5827380952380952
panel,NiceOrDie,Agent360Reverse,reverse,RandomNegotiator,random rational offers,baseline,second,2,0.5827380952380953,1.0,1.5827380952380952
panel,NiceOrDie,Agent360Reverse,reverse,NaiveTitForTatNegotiator,tit-for-tat,behavioral,first,2,0.1654761904761905,0.4759591794226542,0.6414353698988446
panel,NiceOrDie,Agent360Reverse,reverse,NaiveTitForTatNegotiator,tit-for-tat,behavioral,second,2,0.0,0.4759591794226542,0.4759591794226542
panel,NiceOrDie,Agent360Reverse,reverse,SimpleTitForTatNegotiator,simple tit-for-tat,behavioral,first,2,0.08273809523809525,0.4759591794226542,0.5586972746607495
panel,NiceOrDie,Agent360Reverse,reverse,SimpleTitForTatNegotiator,simple tit-for-tat,behavioral,second,2,0.08273809523809525,0.4759591794226542,0.5586972746607495
panel,NiceOrDie,Agent360Reverse,reverse,FirstOfferOrientedTBNegotiator,anchors on first offer,oriented,first,2,0.1654761904761905,1.0,1.1654761904761906
panel,NiceOrDie,Agent360Reverse,reverse,FirstOfferOrientedTBNegotiator,anchors on first offer,oriented,second,2,0.1654761904761905,1.0,1.1654761904761906
panel,NiceOrDie,Agent360Reverse,reverse,LastOfferOrientedTBNegotiator,follows last offer,oriented,first,2,0.1654761904761905,1.0,1.1654761904761906
panel,NiceOrDie,Agent360Reverse,reverse,LastOfferOrientedTBNegotiator,follows last offer,oriented,second,2,0.1654761904761905,1.0,1.1654761904761906
panel,NiceOrDie,Agent360Reverse,reverse,BestOfferOrientedTBNegotiator,tracks best offer seen,oriented,first,2,0.1654761904761905,1.0,1.1654761904761906
panel,NiceOrDie,Agent360Reverse,reverse,BestOfferOrientedTBNegotiator,tracks best offer seen,oriented,second,2,0.1654761904761905,1.0,1.1654761904761906
panel,NiceOrDie,Agent360V2,v2,SimpleNegotiator,reverse-ufun + time concede,example,first,2,0.1654761904761905,0.5,0.6654761904761906
panel,NiceOrDie,Agent360V2,v2,SimpleNegotiator,reverse-ufun + time concede,example,second,2,0.1654761904761905,0.5,0.6654761904761906
panel,NiceOrDie,Agent360V2,v2,BOANeg,BOA: time offer + Smith + ACNext,example,first,2,0.1654761904761905,0.55,0.7154761904761905
panel,NiceOrDie,Agent360V2,v2,BOANeg,BOA: time offer + Smith + ACNext,example,second,2,0.1654761904761905,0.5,0.6654761904761906
panel,NiceOrDie,Agent360V2,v2,MAPNeg,"MAP: same stack, acceptance_first",example,first,2,0.1654761904761905,0.55,0.7154761904761905
panel,NiceOrDie,Agent360V2,v2,MAPNeg,"MAP: same stack, acceptance_first",example,second,2,0.1654761904761905,0.5620204102886728,0.7274966007648633
panel,NiceOrDie,Agent360V2,v2,BoulwareTBNegotiator,slow concession (Boulware),time-based,first,2,0.1654761904761905,1.0,1.1654761904761906
panel,NiceOrDie,Agent360V2,v2,BoulwareTBNegotiator,slow concession (Boulware),time-based,second,2,0.1654761904761905,1.0,1.1654761904761906
panel,NiceOrDie,Agent360V2,v2,ConcederTBNegotiator,fast concession,time-based,first,2,0.1654761904761905,1.0,1.1654761904761906
panel,NiceOrDie,Agent360V2,v2,ConcederTBNegotiator,fast concession,time-based,second,2,0.1654761904761905,1.0,1.1654761904761906
panel,NiceOrDie,Agent360V2,v2,LinearTBNegotiator,linear time concession,time-based,first,2,0.1654761904761905,1.0,1.1654761904761906
panel,NiceOrDie,Agent360V2,v2,LinearTBNegotiator,linear time concession,time-based,second,2,0.1654761904761905,1.0,1.1654761904761906
panel,NiceOrDie,Agent360V2,v2,ToughNegotiator,"hard line, slow give",time-based,first,2,0.0,1.0,1.0
panel,NiceOrDie,Agent360V2,v2,ToughNegotiator,"hard line, slow give",time-based,second,2,0.0,1.0,1.0
panel,NiceOrDie,Agent360V2,v2,MiCRONegotiator,MiCRO (Genius-style),genius-style,first,2,0.1654761904761905,1.0,1.1654761904761906
panel,NiceOrDie,Agent360V2,v2,MiCRONegotiator,MiCRO (Genius-style),genius-style,second,2,0.1654761904761905,1.0,1.1654761904761906
panel,NiceOrDie,Agent360V2,v2,TimeBasedNegotiator,generic time-based,time-based,first,2,0.1654761904761905,1.0,1.1654761904761906
panel,NiceOrDie,Agent360V2,v2,TimeBasedNegotiator,generic time-based,time-based,second,2,0.1654761904761905,1.0,1.1654761904761906
panel,NiceOrDie,Agent360V2,v2,AspirationNegotiator,aspiration-based,time-based,first,2,0.1654761904761905,1.0,1.1654761904761906
panel,NiceOrDie,Agent360V2,v2,AspirationNegotiator,aspiration-based,time-based,second,2,0.1654761904761905,1.0,1.1654761904761906
panel,NiceOrDie,Agent360V2,v2,HybridNegotiator,hybrid time + utility,hybrid,first,2,0.0,1.0,1.0
panel,NiceOrDie,Agent360V2,v2,HybridNegotiator,hybrid time + utility,hybrid,second,2,0.0,1.0,1.0
panel,NiceOrDie,Agent360V2,v2,RandomNegotiator,random rational offers,baseline,first,2,0.0,0.5,0.5
panel,NiceOrDie,Agent360V2,v2,RandomNegotiator,random rational offers,baseline,second,2,0.1654761904761905,1.0,1.1654761904761906
panel,NiceOrDie,Agent360V2,v2,NaiveTitForTatNegotiator,tit-for-tat,behavioral,first,2,0.1654761904761905,0.4759591794226542,0.6414353698988446
panel,NiceOrDie,Agent360V2,v2,NaiveTitForTatNegotiator,tit-for-tat,behavioral,second,2,0.1654761904761905,0.4759591794226542,0.6414353698988446
panel,NiceOrDie,Agent360V2,v2,SimpleTitForTatNegotiator,simple tit-for-tat,behavioral,first,2,0.1654761904761905,0.4759591794226542,0.6414353698988446
panel,NiceOrDie,Agent360V2,v2,SimpleTitForTatNegotiator,simple tit-for-tat,behavioral,second,2,0.1654761904761905,0.4759591794226542,0.6414353698988446
panel,NiceOrDie,Agent360V2,v2,FirstOfferOrientedTBNegotiator,anchors on first offer,oriented,first,2,0.1654761904761905,1.0,1.1654761904761906
panel,NiceOrDie,Agent360V2,v2,FirstOfferOrientedTBNegotiator,anchors on first offer,oriented,second,2,0.1654761904761905,1.0,1.1654761904761906
panel,NiceOrDie,Agent360V2,v2,LastOfferOrientedTBNegotiator,follows last offer,oriented,first,2,0.1654761904761905,1.0,1.1654761904761906
panel,NiceOrDie,Agent360V2,v2,LastOfferOrientedTBNegotiator,follows last offer,oriented,second,2,0.1654761904761905,1.0,1.1654761904761906
panel,NiceOrDie,Agent360V2,v2,BestOfferOrientedTBNegotiator,tracks best offer seen,oriented,first,2,0.1654761904761905,1.0,1.1654761904761906
panel,NiceOrDie,Agent360V2,v2,BestOfferOrientedTBNegotiator,tracks best offer seen,oriented,second,2,0.1654761904761905,1.0,1.1654761904761906
panel,NiceOrDie,Agent360V2Adaptive,v2.adaptive,SimpleNegotiator,reverse-ufun + time concede,example,first,2,0.1654761904761905,0.5,0.6654761904761906
panel,NiceOrDie,Agent360V2Adaptive,v2.adaptive,SimpleNegotiator,reverse-ufun + time concede,example,second,2,0.1654761904761905,0.5,0.6654761904761906
panel,NiceOrDie,Agent360V2Adaptive,v2.adaptive,BOANeg,BOA: time offer + Smith + ACNext,example,first,2,0.1654761904761905,0.6,0.7654761904761904
panel,NiceOrDie,Agent360V2Adaptive,v2.adaptive,BOANeg,BOA: time offer + Smith + ACNext,example,second,2,0.1654761904761905,0.5,0.6654761904761906
panel,NiceOrDie,Agent360V2Adaptive,v2.adaptive,MAPNeg,"MAP: same stack, acceptance_first",example,first,2,0.1654761904761905,0.5,0.6654761904761906
panel,NiceOrDie,Agent360V2Adaptive,v2.adaptive,MAPNeg,"MAP: same stack, acceptance_first",example,second,2,0.1654761904761905,0.5,0.6654761904761906
panel,NiceOrDie,Agent360V2Adaptive,v2.adaptive,BoulwareTBNegotiator,slow concession (Boulware),time-based,first,2,0.1654761904761905,1.0,1.1654761904761906
panel,NiceOrDie,Agent360V2Adaptive,v2.adaptive,BoulwareTBNegotiator,slow concession (Boulware),time-based,second,2,0.1654761904761905,1.0,1.1654761904761906
panel,NiceOrDie,Agent360V2Adaptive,v2.adaptive,ConcederTBNegotiator,fast concession,time-based,first,2,0.1654761904761905,1.0,1.1654761904761906
panel,NiceOrDie,Agent360V2Adaptive,v2.adaptive,ConcederTBNegotiator,fast concession,time-based,second,2,0.1654761904761905,1.0,1.1654761904761906
panel,NiceOrDie,Agent360V2Adaptive,v2.adaptive,LinearTBNegotiator,linear time concession,time-based,first,2,0.1654761904761905,1.0,1.1654761904761906
panel,NiceOrDie,Agent360V2Adaptive,v2.adaptive,LinearTBNegotiator,linear time concession,time-based,second,2,0.1654761904761905,1.0,1.1654761904761906
panel,NiceOrDie,Agent360V2Adaptive,v2.adaptive,ToughNegotiator,"hard line, slow give",time-based,first,2,0.0,1.0,1.0
panel,NiceOrDie,Agent360V2Adaptive,v2.adaptive,ToughNegotiator,"hard line, slow give",time-based,second,2,0.0,1.0,1.0
panel,NiceOrDie,Agent360V2Adaptive,v2.adaptive,MiCRONegotiator,MiCRO (Genius-style),genius-style,first,2,0.1654761904761905,1.0,1.1654761904761906
panel,NiceOrDie,Agent360V2Adaptive,v2.adaptive,MiCRONegotiator,MiCRO (Genius-style),genius-style,second,2,0.1654761904761905,1.0,1.1654761904761906
panel,NiceOrDie,Agent360V2Adaptive,v2.adaptive,TimeBasedNegotiator,generic time-based,time-based,first,2,0.1654761904761905,1.0,1.1654761904761906
panel,NiceOrDie,Agent360V2Adaptive,v2.adaptive,TimeBasedNegotiator,generic time-based,time-based,second,2,0.1654761904761905,1.0,1.1654761904761906
panel,NiceOrDie,Agent360V2Adaptive,v2.adaptive,AspirationNegotiator,aspiration-based,time-based,first,2,0.1654761904761905,1.0,1.1654761904761906
panel,NiceOrDie,Agent360V2Adaptive,v2.adaptive,AspirationNegotiator,aspiration-based,time-based,second,2,0.1654761904761905,1.0,1.1654761904761906
panel,NiceOrDie,Agent360V2Adaptive,v2.adaptive,HybridNegotiator,hybrid time + utility,hybrid,first,2,0.0,1.0,1.0
panel,NiceOrDie,Agent360V2Adaptive,v2.adaptive,HybridNegotiator,hybrid time + utility,hybrid,second,2,0.0,1.0,1.0
panel,NiceOrDie,Agent360V2Adaptive,v2.adaptive,RandomNegotiator,random rational offers,baseline,first,2,0.08273809523809525,0.5,0.5827380952380953
panel,NiceOrDie,Agent360V2Adaptive,v2.adaptive,RandomNegotiator,random rational offers,baseline,second,2,0.1654761904761905,1.0,1.1654761904761906
panel,NiceOrDie,Agent360V2Adaptive,v2.adaptive,NaiveTitForTatNegotiator,tit-for-tat,behavioral,first,2,0.1654761904761905,0.4759591794226542,0.6414353698988446
panel,NiceOrDie,Agent360V2Adaptive,v2.adaptive,NaiveTitForTatNegotiator,tit-for-tat,behavioral,second,2,0.1654761904761905,0.4759591794226542,0.6414353698988446
panel,NiceOrDie,Agent360V2Adaptive,v2.adaptive,SimpleTitForTatNegotiator,simple tit-for-tat,behavioral,first,2,0.1654761904761905,0.4759591794226542,0.6414353698988446
panel,NiceOrDie,Agent360V2Adaptive,v2.adaptive,SimpleTitForTatNegotiator,simple tit-for-tat,behavioral,second,2,0.1654761904761905,0.4759591794226542,0.6414353698988446
panel,NiceOrDie,Agent360V2Adaptive,v2.adaptive,FirstOfferOrientedTBNegotiator,anchors on first offer,oriented,first,2,0.1654761904761905,1.0,1.1654761904761906
panel,NiceOrDie,Agent360V2Adaptive,v2.adaptive,FirstOfferOrientedTBNegotiator,anchors on first offer,oriented,second,2,0.1654761904761905,1.0,1.1654761904761906
panel,NiceOrDie,Agent360V2Adaptive,v2.adaptive,LastOfferOrientedTBNegotiator,follows last offer,oriented,first,2,0.1654761904761905,1.0,1.1654761904761906
panel,NiceOrDie,Agent360V2Adaptive,v2.adaptive,LastOfferOrientedTBNegotiator,follows last offer,oriented,second,2,0.1654761904761905,1.0,1.1654761904761906
panel,NiceOrDie,Agent360V2Adaptive,v2.adaptive,BestOfferOrientedTBNegotiator,tracks best offer seen,oriented,first,2,0.1654761904761905,1.0,1.1654761904761906
panel,NiceOrDie,Agent360V2Adaptive,v2.adaptive,BestOfferOrientedTBNegotiator,tracks best offer seen,oriented,second,2,0.1654761904761905,1.0,1.1654761904761906
head_to_head,Amsterdam,Agent360,gradient,Agent360Full,full,decoy,first,2,0.5204460966542751,0.22055972736008184,0.7410058240143569
head_to_head,Amsterdam,Agent360Full,full,Agent360,gradient,decoy,second,2,0.773972602739726,0.7794402726399181,1.5534128753796443
head_to_head,Amsterdam,Agent360,gradient,Agent360Full,full,decoy,second,2,0.7037671232876712,0.725929586458916,1.4296967097465871
head_to_head,Amsterdam,Agent360Full,full,Agent360,gradient,decoy,first,2,0.5687732342007434,0.2740704135410839,0.8428436477418275
head_to_head,Amsterdam,Agent360,gradient,Agent360Reverse,reverse,decoy,first,2,0.5669144981412639,0.5213022502805551,1.0882167484218188
head_to_head,Amsterdam,Agent360Reverse,reverse,Agent360,gradient,decoy,second,2,0.9332191780821918,0.478697749719445,1.4119169278016368
head_to_head,Amsterdam,Agent360,gradient,Agent360Reverse,reverse,decoy,second,2,0.6917808219178081,0.7875328683739343,1.4793136902917423
head_to_head,Amsterdam,Agent360Reverse,reverse,Agent360,gradient,decoy,first,2,0.9107806691449815,0.21246713162606565,1.1232478007710471
head_to_head,Amsterdam,Agent360,gradient,Agent360V2,v2,decoy,first,2,0.5427509293680297,0.4539083083844145,0.9966592377524441
head_to_head,Amsterdam,Agent360V2,v2,Agent360,gradient,decoy,second,2,0.6113013698630136,0.5460916916155856,1.1573930614785992
head_to_head,Amsterdam,Agent360,gradient,Agent360V2,v2,decoy,second,2,0.5890410958904109,0.7440356536969205,1.3330767495873315
head_to_head,Amsterdam,Agent360V2,v2,Agent360,gradient,decoy,first,2,0.4795539033457249,0.25596434630307946,0.7355182496488044
head_to_head,Amsterdam,Agent360,gradient,Agent360V2Adaptive,v2.adaptive,decoy,first,2,0.5427509293680297,0.1815763346407578,0.7243272640087874
head_to_head,Amsterdam,Agent360V2Adaptive,v2.adaptive,Agent360,gradient,decoy,second,2,0.6900684931506849,0.8184236653592422,1.5084921585099271
head_to_head,Amsterdam,Agent360,gradient,Agent360V2Adaptive,v2.adaptive,decoy,second,2,0.6678082191780821,0.434787478313444,1.102595697491526
head_to_head,Amsterdam,Agent360V2Adaptive,v2.adaptive,Agent360,gradient,decoy,first,2,0.7453531598513011,0.565212521686556,1.3105656815378572
head_to_head,Amsterdam,Agent360Full,full,Agent360Reverse,reverse,decoy,first,2,0.6059479553903345,0.5993354588263459,1.2052834142166804
head_to_head,Amsterdam,Agent360Reverse,reverse,Agent360Full,full,decoy,second,2,0.9349315068493151,0.40066454117365413,1.3355960480229694
head_to_head,Amsterdam,Agent360Full,full,Agent360Reverse,reverse,decoy,second,2,0.5890410958904109,0.6492104635491988,1.2382515594396097
head_to_head,Amsterdam,Agent360Reverse,reverse,Agent360Full,full,decoy,first,2,0.8884758364312269,0.35078953645080124,1.239265372882028
head_to_head,Amsterdam,Agent360Full,full,Agent360V2,v2,decoy,first,2,0.4962825278810409,0.23858602626311637,0.7348685541441573
head_to_head,Amsterdam,Agent360V2,v2,Agent360Full,full,decoy,second,2,0.5787671232876712,0.7614139737368836,1.3401810970245547
head_to_head,Amsterdam,Agent360Full,full,Agent360V2,v2,decoy,second,2,0.5256849315068493,0.7650594854226276,1.2907444169294768
head_to_head,Amsterdam,Agent360V2,v2,Agent360Full,full,decoy,first,2,0.5520446096654275,0.23494051457737233,0.7869851242427999
head_to_head,Amsterdam,Agent360Full,full,Agent360V2Adaptive,v2.adaptive,decoy,first,2,0.6022304832713754,0.4767133861882116,1.078943869459587
head_to_head,Amsterdam,Agent360V2Adaptive,v2.adaptive,Agent360Full,full,decoy,second,2,0.5171232876712328,0.5232866138117884,1.0404099014830215
head_to_head,Amsterdam,Agent360Full,full,Agent360V2Adaptive,v2.adaptive,decoy,second,2,0.6010273972602739,0.4822185534974517,1.0832459507577257
head_to_head,Amsterdam,Agent360V2Adaptive,v2.adaptive,Agent360Full,full,decoy,first,2,0.5594795539033457,0.5177814465025483,1.077261000405894
head_to_head,Amsterdam,Agent360Reverse,reverse,Agent360V2,v2,decoy,first,2,0.8661710037174721,0.3721503176372255,1.2383213213546975
head_to_head,Amsterdam,Agent360V2,v2,Agent360Reverse,reverse,decoy,second,2,0.6352739726027397,0.6278496823627744,1.263123654965514
head_to_head,Amsterdam,Agent360Reverse,reverse,Agent360V2,v2,decoy,second,2,0.9332191780821918,0.38322006079458437,1.316439238876776
head_to_head,Amsterdam,Agent360V2,v2,Agent360Reverse,reverse,decoy,first,2,0.5669144981412639,0.6167799392054156,1.1836944373466793
head_to_head,Amsterdam,Agent360Reverse,reverse,Agent360V2Adaptive,v2.adaptive,decoy,first,2,0.8903345724907064,0.35020767867384894,1.2405422511645554
head_to_head,Amsterdam,Agent360V2Adaptive,v2.adaptive,Agent360Reverse,reverse,decoy,second,2,0.5804794520547945,0.649792321326151,1.2302717733809456
head_to_head,Amsterdam,Agent360Reverse,reverse,Agent360V2Adaptive,v2.adaptive,decoy,second,2,0.9349315068493151,0.3793905452601973,1.3143220521095125
head_to_head,Amsterdam,Agent360V2Adaptive,v2.adaptive,Agent360Reverse,reverse,decoy,first,2,0.6059479553903345,0.6206094547398027,1.2265574101301373
head_to_head,Amsterdam,Agent360V2,v2,Agent360V2Adaptive,v2.adaptive,decoy,first,2,0.5464684014869888,0.5061081524256676,1.0525765539126566
head_to_head,Amsterdam,Agent360V2Adaptive,v2.adaptive,Agent360V2,v2,decoy,second,2,0.5804794520547945,0.49389184757433235,1.0743712996291268
head_to_head,Amsterdam,Agent360V2,v2,Agent360V2Adaptive,v2.adaptive,decoy,second,2,0.5428082191780821,0.5110814300624867,1.0538896492405687
head_to_head,Amsterdam,Agent360V2Adaptive,v2.adaptive,Agent360V2,v2,decoy,first,2,0.6059479553903346,0.4889185699375132,1.0948665253278478
head_to_head,Camera,Agent360,gradient,Agent360Full,full,decoy,first,2,0.7628345396397913,0.4974278900957765,1.2602624297355678
head_to_head,Camera,Agent360Full,full,Agent360,gradient,decoy,second,2,0.5114971257185703,0.5025721099042234,1.0140692356227938
head_to_head,Camera,Agent360,gradient,Agent360Full,full,decoy,second,2,0.6535866033491627,0.4617224400306419,1.1153090433798045
head_to_head,Camera,Agent360Full,full,Agent360,gradient,decoy,first,2,0.5143915165797004,0.5382775599693581,1.0526690765490585
head_to_head,Camera,Agent360,gradient,Agent360Reverse,reverse,decoy,first,2,0.809712169668406,0.49303729466441537,1.3027494643328215
head_to_head,Camera,Agent360Reverse,reverse,Agent360,gradient,decoy,second,2,0.7573106723319171,0.5069627053355846,1.2642733776675017
head_to_head,Camera,Agent360,gradient,Agent360Reverse,reverse,decoy,second,2,0.6320919770057486,0.5407970016115486,1.1728889786172974
head_to_head,Camera,Agent360Reverse,reverse,Agent360,gradient,decoy,first,2,0.8828480053862986,0.4592029983884513,1.34205100377475
head_to_head,Camera,Agent360,gradient,Agent360V2,v2,decoy,first,2,0.589631375189362,0.23745751447743038,0.8270888896667925
head_to_head,Camera,Agent360V2,v2,Agent360,gradient,decoy,second,2,0.6089727568107973,0.7625424855225695,1.371515242333367
head_to_head,Camera,Agent360,gradient,Agent360V2,v2,decoy,second,2,0.5588602849287678,0.7385825486121929,1.297442833540961
head_to_head,Camera,Agent360V2,v2,Agent360,gradient,decoy,first,2,0.5523480895472141,0.2614174513878072,0.8137655409350214
head_to_head,Camera,Agent360,gradient,Agent360V2Adaptive,v2.adaptive,decoy,first,2,0.7475172529877125,0.5091412875687134,1.256658540556426
head_to_head,Camera,Agent360V2Adaptive,v2.adaptive,Agent360,gradient,decoy,second,2,0.5291177205698575,0.49085871243128665,1.019976433001144
head_to_head,Camera,Agent360,gradient,Agent360V2Adaptive,v2.adaptive,decoy,second,2,0.614596350912272,0.7216478504764261,1.3362442013886981
head_to_head,Camera,Agent360V2Adaptive,v2.adaptive,Agent360,gradient,decoy,first,2,0.6450092577007238,0.2783521495235739,0.9233614072242977
head_to_head,Camera,Agent360Full,full,Agent360Reverse,reverse,decoy,first,2,0.6310385456993771,0.5861439828895338,1.2171825285889109
head_to_head,Camera,Agent360Reverse,reverse,Agent360Full,full,decoy,second,2,0.8295426143464135,0.41385601711046627,1.2433986314568797
head_to_head,Camera,Agent360Full,full,Agent360Reverse,reverse,decoy,second,2,0.5957260684828793,0.5717471405827752,1.1674732090656545
head_to_head,Camera,Agent360Reverse,reverse,Agent360Full,full,decoy,first,2,0.8889917522302644,0.4282528594172248,1.3172446116474892
head_to_head,Camera,Agent360Full,full,Agent360V2,v2,decoy,first,2,0.4881333108904224,0.256439496506073,0.7445728073964955
head_to_head,Camera,Agent360V2,v2,Agent360Full,full,decoy,second,2,0.5836040989752562,0.743560503493927,1.3271646024691832
head_to_head,Camera,Agent360Full,full,Agent360V2,v2,decoy,second,2,0.55248687828043,0.7196744183936308,1.2721612966740607
head_to_head,Camera,Agent360V2,v2,Agent360Full,full,decoy,first,2,0.48140043763676144,0.28032558160636917,0.7617260192431307
head_to_head,Camera,Agent360Full,full,Agent360V2Adaptive,v2.adaptive,decoy,first,2,0.4825786904561521,0.0,0.4825786904561521
head_to_head,Camera,Agent360V2Adaptive,v2.adaptive,Agent360Full,full,decoy,second,2,0.5666083479130217,1.0,1.566608347913022
head_to_head,Camera,Agent360Full,full,Agent360V2Adaptive,v2.adaptive,decoy,second,2,0.547488127968008,0.471626039320155,1.019114167288163
head_to_head,Camera,Agent360V2Adaptive,v2.adaptive,Agent360Full,full,decoy,first,2,0.6220333277226056,0.528373960679845,1.1504072884024505
head_to_head,Camera,Agent360Reverse,reverse,Agent360V2,v2,decoy,first,2,0.8878134994108737,0.0,0.8878134994108737
head_to_head,Camera,Agent360V2,v2,Agent360Reverse,reverse,decoy,second,2,0.5816045988502875,1.0,1.5816045988502876
head_to_head,Camera,Agent360Reverse,reverse,Agent360V2,v2,decoy,second,2,0.8432891777055737,0.415370837546406,1.2586600152519796
head_to_head,Camera,Agent360V2,v2,Agent360Reverse,reverse,decoy,first,2,0.6437468439656624,0.584629162453594,1.2283760064192564
head_to_head,Camera,Agent360Reverse,reverse,Agent360V2Adaptive,v2.adaptive,decoy,first,2,0.8729170173371487,0.22688670657853585,1.0998037239156846
head_to_head,Camera,Agent360V2Adaptive,v2.adaptive,Agent360Reverse,reverse,decoy,second,2,0.6009747563109223,0.7731132934214642,1.3740880497323866
head_to_head,Camera,Agent360Reverse,reverse,Agent360V2Adaptive,v2.adaptive,decoy,second,2,0.8432891777055737,0.4130104144392027,1.2562995921447766
head_to_head,Camera,Agent360V2Adaptive,v2.adaptive,Agent360Reverse,reverse,decoy,first,2,0.6437468439656624,0.5869895855607972,1.2307364295264596
head_to_head,Camera,Agent360V2,v2,Agent360V2Adaptive,v2.adaptive,decoy,first,2,0.693822588789766,0.5242292567313663,1.2180518455211324
head_to_head,Camera,Agent360V2Adaptive,v2.adaptive,Agent360V2,v2,decoy,second,2,0.4817545613596601,0.47577074326863367,0.9575253046282937
head_to_head,Camera,Agent360V2,v2,Agent360V2Adaptive,v2.adaptive,decoy,second,2,0.527618095476131,0.7415379680049468,1.269156063481078
head_to_head,Camera,Agent360V2Adaptive,v2.adaptive,Agent360V2,v2,decoy,first,2,0.5748190540313078,0.2584620319950533,0.8332810860263611
head_to_head,Car,Agent360,gradient,Agent360Full,full,decoy,first,2,0.8676000000000001,0.2529326621680285,1.1205326621680287
head_to_head,Car,Agent360Full,full,Agent360,gradient,decoy,second,2,0.81,0.7470673378319714,1.5570673378319715
head_to_head,Car,Agent360,gradient,Agent360Full,full,decoy,second,2,0.9220000000000002,1.0,1.9220000000000002
head_to_head,Car,Agent360Full,full,Agent360,gradient,decoy,first,2,0.6916500000000001,0.0,0.6916500000000001
head_to_head,Car,Agent360,gradient,Agent360Reverse,reverse,decoy,first,2,0.7494000000000001,0.5297554268521459,1.279155426852146
head_to_head,Car,Agent360Reverse,reverse,Agent360,gradient,decoy,second,2,0.9314,0.47024457314785406,1.4016445731478542
head_to_head,Car,Agent360,gradient,Agent360Reverse,reverse,decoy,second,2,0.7104000000000001,0.558989163690286,1.269389163690286
head_to_head,Car,Agent360Reverse,reverse,Agent360,gradient,decoy,first,2,0.9541000000000001,0.441010836309714,1.3951108363097142
head_to_head,Car,Agent360,gradient,Agent360V2,v2,decoy,first,2,0.7826500000000001,0.24002204414185593,1.022672044141856
head_to_head,Car,Agent360V2,v2,Agent360,gradient,decoy,second,2,0.8940000000000001,0.7599779558581441,1.6539779558581442
head_to_head,Car,Agent360,gradient,Agent360V2,v2,decoy,second,2,0.8892000000000002,0.7325149315382466,1.6217149315382469
head_to_head,Car,Agent360V2,v2,Agent360,gradient,decoy,first,2,0.8301499999999999,0.2674850684617533,1.0976350684617533
head_to_head,Car,Agent360,gradient,Agent360V2Adaptive,v2.adaptive,decoy,first,2,0.77885,0.23254855706396235,1.0113985570639623
head_to_head,Car,Agent360V2Adaptive,v2.adaptive,Agent360,gradient,decoy,second,2,0.7973000000000001,0.7674514429360375,1.5647514429360376
head_to_head,Car,Agent360,gradient,Agent360V2Adaptive,v2.adaptive,decoy,second,2,0.9379000000000002,1.0,1.9379
head_to_head,Car,Agent360V2Adaptive,v2.adaptive,Agent360,gradient,decoy,first,2,0.79595,0.0,0.79595
head_to_head,Car,Agent360Full,full,Agent360Reverse,reverse,decoy,first,2,0.7038,0.567419417029527,1.271219417029527
head_to_head,Car,Agent360Reverse,reverse,Agent360Full,full,decoy,second,2,0.9748,0.43258058297047297,1.407380582970473
head_to_head,Car,Agent360Full,full,Agent360Reverse,reverse,decoy,second,2,0.7115,0.5994078798998728,1.3109078798998728
head_to_head,Car,Agent360Reverse,reverse,Agent360Full,full,decoy,first,2,0.9574500000000001,0.4005921201001273,1.3580421201001274
head_to_head,Car,Agent360Full,full,Agent360V2,v2,decoy,first,2,0.85875,0.0,0.85875
head_to_head,Car,Agent360V2,v2,Agent360Full,full,decoy,second,2,0.8948000000000002,1.0,1.8948
head_to_head,Car,Agent360Full,full,Agent360V2,v2,decoy,second,2,0.8862000000000001,1.0,1.8862
head_to_head,Car,Agent360V2,v2,Agent360Full,full,decoy,first,2,0.83005,0.0,0.83005
head_to_head,Car,Agent360Full,full,Agent360V2Adaptive,v2.adaptive,decoy,first,2,0.79435,0.0,0.79435
head_to_head,Car,Agent360V2Adaptive,v2.adaptive,Agent360Full,full,decoy,second,2,0.902,1.0,1.9020000000000001
head_to_head,Car,Agent360Full,full,Agent360V2Adaptive,v2.adaptive,decoy,second,2,0.9090000000000001,1.0,1.9090000000000003
head_to_head,Car,Agent360V2Adaptive,v2.adaptive,Agent360Full,full,decoy,first,2,0.8754500000000001,0.0,0.8754500000000001
head_to_head,Car,Agent360Reverse,reverse,Agent360V2,v2,decoy,first,2,0.9603500000000003,0.41594077067158164,1.376290770671582
head_to_head,Car,Agent360V2,v2,Agent360Reverse,reverse,decoy,second,2,0.6625000000000001,0.5840592293284184,1.2465592293284184
head_to_head,Car,Agent360Reverse,reverse,Agent360V2,v2,decoy,second,2,0.9548000000000001,0.43936083782014257,1.3941608378201427
head_to_head,Car,Agent360V2,v2,Agent360Reverse,reverse,decoy,first,2,0.66445,0.5606391621798574,1.2250891621798576
head_to_head,Car,Agent360Reverse,reverse,Agent360V2Adaptive,v2.adaptive,decoy,first,2,0.9641000000000001,0.41191802787394716,1.3760180278739473
head_to_head,Car,Agent360V2Adaptive,v2.adaptive,Agent360Reverse,reverse,decoy,second,2,0.6038000000000001,0.588081972126053,1.191881972126053
head_to_head,Car,Agent360Reverse,reverse,Agent360V2Adaptive,v2.adaptive,decoy,second,2,0.9706999999999999,0.4196809098596299,1.3903809098596298
head_to_head,Car,Agent360V2Adaptive,v2.adaptive,Agent360Reverse,reverse,decoy,first,2,0.6623000000000001,0.5803190901403701,1.2426190901403702
head_to_head,Car,Agent360V2,v2,Agent360V2Adaptive,v2.adaptive,decoy,first,2,0.92395,0.2572023798283757,1.1811523798283758
head_to_head,Car,Agent360V2Adaptive,v2.adaptive,Agent360V2,v2,decoy,second,2,0.9032,0.7427976201716243,1.6459976201716244
head_to_head,Car,Agent360V2,v2,Agent360V2Adaptive,v2.adaptive,decoy,second,2,0.9248000000000001,1.0,1.9248
head_to_head,Car,Agent360V2Adaptive,v2.adaptive,Agent360V2,v2,decoy,first,2,0.8508,0.0,0.8508
head_to_head,Grocery,Agent360,gradient,Agent360Full,full,decoy,first,2,0.7055555555555557,0.24626638163946954,0.9518219371950252
head_to_head,Grocery,Agent360Full,full,Agent360,gradient,decoy,second,2,0.6083333333333334,0.7537336183605304,1.3620669516938637
head_to_head,Grocery,Agent360,gradient,Agent360Full,full,decoy,second,2,0.702777777777778,0.5030386208081347,1.2058163985859127
head_to_head,Grocery,Agent360Full,full,Agent360,gradient,decoy,first,2,0.5166666666666666,0.4969613791918652,1.0136280458585318
head_to_head,Grocery,Agent360,gradient,Agent360Reverse,reverse,decoy,first,2,0.5972222222222223,0.5252702133461589,1.1224924355683812
head_to_head,Grocery,Agent360Reverse,reverse,Agent360,gradient,decoy,second,2,0.8916666666666668,0.474729786653841,1.3663964533205077
head_to_head,Grocery,Agent360,gradient,Agent360Reverse,reverse,decoy,second,2,0.8083333333333333,0.5428233427278883,1.3511566760612217
head_to_head,Grocery,Agent360Reverse,reverse,Agent360,gradient,decoy,first,2,0.8111111111111112,0.4571766572721117,1.2682877683832228
head_to_head,Grocery,Agent360,gradient,Agent360V2,v2,decoy,first,2,0.663888888888889,0.46025618927610623,1.1241450781649953
head_to_head,Grocery,Agent360V2,v2,Agent360,gradient,decoy,second,2,0.5916666666666668,0.5397438107238939,1.1314104773905607
head_to_head,Grocery,Agent360,gradient,Agent360V2,v2,decoy,second,2,0.788888888888889,0.47674389226299263,1.2656327811518815
head_to_head,Grocery,Agent360V2,v2,Agent360,gradient,decoy,first,2,0.5027777777777779,0.5232561077370075,1.0260338855147855
head_to_head,Grocery,Agent360,gradient,Agent360V2Adaptive,v2.adaptive,decoy,first,2,0.6777777777777778,0.47709640458687574,1.1548741823646536
head_to_head,Grocery,Agent360V2Adaptive,v2.adaptive,Agent360,gradient,decoy,second,2,0.7722222222222223,0.5229035954131243,1.2951258176353466
head_to_head,Grocery,Agent360,gradient,Agent360V2Adaptive,v2.adaptive,decoy,second,2,0.7055555555555555,0.4585612304779011,1.1641167860334567
head_to_head,Grocery,Agent360V2Adaptive,v2.adaptive,Agent360,gradient,decoy,first,2,0.5,0.541438769522099,1.041438769522099
head_to_head,Grocery,Agent360Full,full,Agent360Reverse,reverse,decoy,first,2,0.675,0.5434811878936159,1.218481187893616
head_to_head,Grocery,Agent360Reverse,reverse,Agent360Full,full,decoy,second,2,0.8805555555555555,0.4565188121063841,1.3370743676619397
head_to_head,Grocery,Agent360Full,full,Agent360Reverse,reverse,decoy,second,2,0.7694444444444445,0.5617994140848253,1.3312438585292696
head_to_head,Grocery,Agent360Reverse,reverse,Agent360Full,full,decoy,first,2,0.8583333333333334,0.43820058591517463,1.2965339192485081
head_to_head,Grocery,Agent360Full,full,Agent360V2,v2,decoy,first,2,0.6083333333333334,0.481927658315673,1.0902609916490065
head_to_head,Grocery,Agent360V2,v2,Agent360Full,full,decoy,second,2,0.5805555555555555,0.518072341684327,1.0986278972398824
head_to_head,Grocery,Agent360Full,full,Agent360V2,v2,decoy,second,2,0.55,0.478572763458167,1.028572763458167
head_to_head,Grocery,Agent360V2,v2,Agent360Full,full,decoy,first,2,0.6944444444444446,0.5214272365418329,1.2158716809862775
head_to_head,Grocery,Agent360Full,full,Agent360V2Adaptive,v2.adaptive,decoy,first,2,0.5166666666666667,0.4990301038543037,1.0156967705209705
head_to_head,Grocery,Agent360V2Adaptive,v2.adaptive,Agent360Full,full,decoy,second,2,0.6555555555555554,0.5009698961456962,1.1565254517012518
head_to_head,Grocery,Agent360Full,full,Agent360V2Adaptive,v2.adaptive,decoy,second,2,0.6972222222222223,0.7479073056677323,1.4451295278899545
head_to_head,Grocery,Agent360V2Adaptive,v2.adaptive,Agent360Full,full,decoy,first,2,0.6111111111111112,0.2520926943322676,0.8632038054433788
head_to_head,Grocery,Agent360Reverse,reverse,Agent360V2,v2,decoy,first,2,0.8333333333333335,0.42417099136127157,1.257504324694605
head_to_head,Grocery,Agent360V2,v2,Agent360Reverse,reverse,decoy,second,2,0.8111111111111111,0.5758290086387285,1.3869401197498397
head_to_head,Grocery,Agent360Reverse,reverse,Agent360V2,v2,decoy,second,2,0.8944444444444446,0.4381346629346361,1.3325791073790807
head_to_head,Grocery,Agent360V2,v2,Agent360Reverse,reverse,decoy,first,2,0.588888888888889,0.5618653370653639,1.150754225954253
head_to_head,Grocery,Agent360Reverse,reverse,Agent360V2Adaptive,v2.adaptive,decoy,first,2,0.8888888888888891,0.42640930198538235,1.3152981908742714
head_to_head,Grocery,Agent360V2Adaptive,v2.adaptive,Agent360Reverse,reverse,decoy,second,2,0.8166666666666668,0.5735906980146177,1.3902573646812844
head_to_head,Grocery,Agent360Reverse,reverse,Agent360V2Adaptive,v2.adaptive,decoy,second,2,0.9194444444444445,0.42896301496579364,1.3484074594102382
head_to_head,Grocery,Agent360V2Adaptive,v2.adaptive,Agent360Reverse,reverse,decoy,first,2,0.4777777777777778,0.5710369850342063,1.0488147628119842
head_to_head,Grocery,Agent360V2,v2,Agent360V2Adaptive,v2.adaptive,decoy,first,2,0.5166666666666667,0.4988603030260178,1.0155269696926845
head_to_head,Grocery,Agent360V2Adaptive,v2.adaptive,Agent360V2,v2,decoy,second,2,0.7861111111111111,0.5011396969739821,1.2872508080850933
head_to_head,Grocery,Agent360V2,v2,Agent360V2Adaptive,v2.adaptive,decoy,second,2,0.6694444444444445,0.7355128645904999,1.4049573090349443
head_to_head,Grocery,Agent360V2Adaptive,v2.adaptive,Agent360V2,v2,decoy,first,2,0.5111111111111112,0.2644871354095001,0.7755982465206113
head_to_head,ISBTAcquisition,Agent360,gradient,Agent360Full,full,decoy,first,2,0.7287581699346406,0.20337331574187367,0.9321314856765142
head_to_head,ISBTAcquisition,Agent360Full,full,Agent360,gradient,decoy,second,2,0.6585365853658536,0.7966266842581264,1.45516326962398
head_to_head,ISBTAcquisition,Agent360,gradient,Agent360Full,full,decoy,second,2,0.6829268292682926,0.7523480949781867,1.435274924246479
head_to_head,ISBTAcquisition,Agent360Full,full,Agent360,gradient,decoy,first,2,0.6503267973856209,0.24765190502181342,0.8979787024074344
head_to_head,ISBTAcquisition,Agent360,gradient,Agent360Reverse,reverse,decoy,first,2,0.6666666666666667,0.5205971980733544,1.187263864740021
head_to_head,ISBTAcquisition,Agent360Reverse,reverse,Agent360,gradient,decoy,second,2,0.8414634146341463,0.4794028019266456,1.320866216560792
head_to_head,ISBTAcquisition,Agent360,gradient,Agent360Reverse,reverse,decoy,second,2,0.6951219512195121,1.0,1.6951219512195121
head_to_head,ISBTAcquisition,Agent360Reverse,reverse,Agent360,gradient,decoy,first,2,0.8431372549019609,0.0,0.8431372549019609
head_to_head,ISBTAcquisition,Agent360,gradient,Agent360V2,v2,decoy,first,2,0.7189542483660131,0.0,0.7189542483660131
head_to_head,ISBTAcquisition,Agent360V2,v2,Agent360,gradient,decoy,second,2,0.5853658536585364,1.0,1.5853658536585367
head_to_head,ISBTAcquisition,Agent360,gradient,Agent360V2,v2,decoy,second,2,0.8414634146341463,0.6943315064106518,1.535794921044798
head_to_head,ISBTAcquisition,Agent360V2,v2,Agent360,gradient,decoy,first,2,0.5032679738562091,0.30566849358934817,0.8089364674455574
head_to_head,ISBTAcquisition,Agent360,gradient,Agent360V2Adaptive,v2.adaptive,decoy,first,2,0.6405228758169934,0.0,0.6405228758169934
head_to_head,ISBTAcquisition,Agent360V2Adaptive,v2.adaptive,Agent360,gradient,decoy,second,2,0.6951219512195121,1.0,1.6951219512195121
head_to_head,ISBTAcquisition,Agent360,gradient,Agent360V2Adaptive,v2.adaptive,decoy,second,2,0.548780487804878,0.45029823734803465,0.9990787251529126
head_to_head,ISBTAcquisition,Agent360V2Adaptive,v2.adaptive,Agent360,gradient,decoy,first,2,0.8169934640522876,0.5497017626519654,1.366695226704253
head_to_head,ISBTAcquisition,Agent360Full,full,Agent360Reverse,reverse,decoy,first,2,0.6013071895424837,0.6139260672729755,1.2152332568154591
head_to_head,ISBTAcquisition,Agent360Reverse,reverse,Agent360Full,full,decoy,second,2,0.8536585365853657,0.38607393272702456,1.2397324693123903
head_to_head,ISBTAcquisition,Agent360Full,full,Agent360Reverse,reverse,decoy,second,2,0.5853658536585366,1.0,1.5853658536585367
head_to_head,ISBTAcquisition,Agent360Reverse,reverse,Agent360Full,full,decoy,first,2,0.9477124183006536,0.0,0.9477124183006536
head_to_head,ISBTAcquisition,Agent360Full,full,Agent360V2,v2,decoy,first,2,0.673202614379085,0.5195689600271327,1.1927715744062177
head_to_head,ISBTAcquisition,Agent360V2,v2,Agent360Full,full,decoy,second,2,0.5853658536585366,0.4804310399728673,1.065796893631404
head_to_head,ISBTAcquisition,Agent360Full,full,Agent360V2,v2,decoy,second,2,0.7134146341463414,0.7445799507130015,1.457994584859343
head_to_head,ISBTAcquisition,Agent360V2,v2,Agent360Full,full,decoy,first,2,0.5588235294117647,0.25542004928699846,0.8142435786987632
head_to_head,ISBTAcquisition,Agent360Full,full,Agent360V2Adaptive,v2.adaptive,decoy,first,2,0.5686274509803921,0.5163011365602092,1.0849285875406012
head_to_head,ISBTAcquisition,Agent360V2Adaptive,v2.adaptive,Agent360Full,full,decoy,second,2,0.7195121951219512,0.48369886343979085,1.2032110585617422
head_to_head,ISBTAcquisition,Agent360Full,full,Agent360V2Adaptive,v2.adaptive,decoy,second,2,0.6585365853658536,0.756483871592731,1.4150204569585845
head_to_head,ISBTAcquisition,Agent360V2Adaptive,v2.adaptive,Agent360Full,full,decoy,first,2,0.6928104575163399,0.24351612840726894,0.9363265859236087
head_to_head,ISBTAcquisition,Agent360Reverse,reverse,Agent360V2,v2,decoy,first,2,0.9019607843137255,0.0,0.9019607843137255
head_to_head,ISBTAcquisition,Agent360V2,v2,Agent360Reverse,reverse,decoy,second,2,0.6036585365853657,1.0,1.6036585365853657
head_to_head,ISBTAcquisition,Agent360Reverse,reverse,Agent360V2,v2,decoy,second,2,0.8475609756097561,0.701643516482149,1.549204492091905
head_to_head,ISBTAcquisition,Agent360V2,v2,Agent360Reverse,reverse,decoy,first,2,0.4934640522875817,0.298356483517851,0.7918205358054327
head_to_head,ISBTAcquisition,Agent360Reverse,reverse,Agent360V2Adaptive,v2.adaptive,decoy,first,2,0.9084967320261437,0.19265947163733219,1.1011562036634759
head_to_head,ISBTAcquisition,Agent360V2Adaptive,v2.adaptive,Agent360Reverse,reverse,decoy,second,2,0.5548780487804876,0.8073405283626678,1.3622185771431554
head_to_head,ISBTAcquisition,Agent360Reverse,reverse,Agent360V2Adaptive,v2.adaptive,decoy,second,2,0.8414634146341463,0.4034198741090604,1.2448832887432066
head_to_head,ISBTAcquisition,Agent360V2Adaptive,v2.adaptive,Agent360Reverse,reverse,decoy,first,2,0.6666666666666667,0.5965801258909396,1.2632467925576063
head_to_head,ISBTAcquisition,Agent360V2,v2,Agent360V2Adaptive,v2.adaptive,decoy,first,2,0.7320261437908496,0.24765190502181342,0.9796780488126631
head_to_head,ISBTAcquisition,Agent360V2Adaptive,v2.adaptive,Agent360V2,v2,decoy,second,2,0.6829268292682926,0.7523480949781867,1.435274924246479
head_to_head,ISBTAcquisition,Agent360V2,v2,Agent360V2Adaptive,v2.adaptive,decoy,second,2,0.6768292682926829,0.7436064107293018,1.4204356790219845
head_to_head,ISBTAcquisition,Agent360V2Adaptive,v2.adaptive,Agent360V2,v2,decoy,first,2,0.6601307189542485,0.2563935892706983,0.9165243082249468
head_to_head,Laptop,Agent360,gradient,Agent360Full,full,decoy,first,2,0.743427693874582,0.24154632334665485,0.9849740172212369
head_to_head,Laptop,Agent360Full,full,Agent360,gradient,decoy,second,2,0.7177888527582047,0.7584536766533452,1.4762425294115498
head_to_head,Laptop,Agent360,gradient,Agent360Full,full,decoy,second,2,0.7562336817161825,0.4658741080654243,1.2221077897816068
head_to_head,Laptop,Agent360Full,full,Agent360,gradient,decoy,first,2,0.6010786881451011,0.5341258919345757,1.1352045800796766
head_to_head,Laptop,Agent360,gradient,Agent360Reverse,reverse,decoy,first,2,0.5775524426410947,0.5816067241605762,1.159159166801671
head_to_head,Laptop,Agent360Reverse,reverse,Agent360,gradient,decoy,second,2,1.0,0.41839327583942376,1.4183932758394238
head_to_head,Laptop,Agent360,gradient,Agent360Reverse,reverse,decoy,second,2,0.5136317604069089,0.5757750249234297,1.0894067853303386
head_to_head,Laptop,Agent360Reverse,reverse,Agent360,gradient,decoy,first,2,0.9999999999999999,0.4242249750765703,1.42422497507657
head_to_head,Laptop,Agent360,gradient,Agent360V2,v2,decoy,first,2,0.743427693874582,0.2623173700023365,1.0057450638769185
head_to_head,Laptop,Agent360V2,v2,Agent360,gradient,decoy,second,2,0.7177888527582047,0.7376826299976635,1.4554714827558684
head_to_head,Laptop,Agent360,gradient,Agent360V2,v2,decoy,second,2,0.5911036168101367,0.4390580027854897,1.0301616195956262
head_to_head,Laptop,Agent360V2,v2,Agent360,gradient,decoy,first,2,0.9029995217164843,0.5609419972145104,1.4639415189309948
head_to_head,Laptop,Agent360,gradient,Agent360V2Adaptive,v2.adaptive,decoy,first,2,0.6464272155910664,0.0,0.6464272155910664
head_to_head,Laptop,Agent360V2Adaptive,v2.adaptive,Agent360,gradient,decoy,second,2,0.7952607091614323,1.0,1.7952607091614323
head_to_head,Laptop,Agent360,gradient,Agent360V2Adaptive,v2.adaptive,decoy,second,2,0.8060292597482949,1.0,1.806029259748295
head_to_head,Laptop,Agent360V2Adaptive,v2.adaptive,Agent360,gradient,decoy,first,2,0.5901592894242644,0.0,0.5901592894242644
head_to_head,Laptop,Agent360Full,full,Agent360Reverse,reverse,decoy,first,2,0.5775524426410947,0.2810834043454014,0.8586358469864961
head_to_head,Laptop,Agent360Reverse,reverse,Agent360Full,full,decoy,second,2,1.0,0.7189165956545985,1.7189165956545986
head_to_head,Laptop,Agent360Full,full,Agent360Reverse,reverse,decoy,second,2,0.5136317604069089,0.5416739963073027,1.0553057567142117
head_to_head,Laptop,Agent360Reverse,reverse,Agent360Full,full,decoy,first,2,0.9999999999999999,0.45832600369269727,1.4583260036926973
head_to_head,Laptop,Agent360Full,full,Agent360V2,v2,decoy,first,2,0.5901592894242644,0.0,0.5901592894242644
head_to_head,Laptop,Agent360V2,v2,Agent360Full,full,decoy,second,2,0.8060292597482949,1.0,1.806029259748295
head_to_head,Laptop,Agent360Full,full,Agent360V2,v2,decoy,second,2,0.78651574602567,0.736611259007593,1.5231270050332628
head_to_head,Laptop,Agent360V2,v2,Agent360Full,full,decoy,first,2,0.6355078168702297,0.2633887409924071,0.8988965578626369
head_to_head,Laptop,Agent360Full,full,Agent360V2Adaptive,v2.adaptive,decoy,first,2,0.6527306389826513,0.5466704802882032,1.1994011192708545
head_to_head,Laptop,Agent360V2Adaptive,v2.adaptive,Agent360Full,full,decoy,second,2,0.6982753390355798,0.4533295197117968,1.1516048587473766
head_to_head,Laptop,Agent360Full,full,Agent360V2Adaptive,v2.adaptive,decoy,second,2,0.8444740887062727,0.7409331367020041,1.585407225408277
head_to_head,Laptop,Agent360V2Adaptive,v2.adaptive,Agent360Full,full,decoy,first,2,0.5838558660326796,0.2590668632979959,0.8429227293306756
head_to_head,Laptop,Agent360Reverse,reverse,Agent360V2,v2,decoy,first,2,0.9999999999999999,0.43679742529190224,1.436797425291902
head_to_head,Laptop,Agent360V2,v2,Agent360Reverse,reverse,decoy,second,2,0.5136317604069089,0.5632025747080978,1.0768343351150067
head_to_head,Laptop,Agent360Reverse,reverse,Agent360V2,v2,decoy,second,2,0.9609729725547502,0.4237677400983574,1.3847407126531075
head_to_head,Laptop,Agent360V2,v2,Agent360Reverse,reverse,decoy,first,2,0.5322039151951294,0.5762322599016427,1.1084361750967722
head_to_head,Laptop,Agent360Reverse,reverse,Agent360V2Adaptive,v2.adaptive,decoy,first,2,0.9999999999999999,0.48661642111007775,1.4866164211100776
head_to_head,Laptop,Agent360V2Adaptive,v2.adaptive,Agent360Reverse,reverse,decoy,second,2,0.5136317604069089,0.5133835788899221,1.027015339296831
head_to_head,Laptop,Agent360Reverse,reverse,Agent360V2Adaptive,v2.adaptive,decoy,second,2,1.0,0.4445061203442285,1.4445061203442284
head_to_head,Laptop,Agent360V2Adaptive,v2.adaptive,Agent360Reverse,reverse,decoy,first,2,0.5775524426410947,0.5554938796557716,1.1330463222968663
head_to_head,Laptop,Agent360V2,v2,Agent360V2Adaptive,v2.adaptive,decoy,first,2,0.6527306389826513,0.0,0.6527306389826513
head_to_head,Laptop,Agent360V2Adaptive,v2.adaptive,Agent360V2,v2,decoy,second,2,0.6982753390355798,1.0,1.6982753390355798
head_to_head,Laptop,Agent360V2,v2,Agent360V2Adaptive,v2.adaptive,decoy,second,2,0.7562336817161825,1.0,1.7562336817161825
head_to_head,Laptop,Agent360V2Adaptive,v2.adaptive,Agent360V2,v2,decoy,first,2,0.6010786881451011,0.0,0.6010786881451011
head_to_head,NiceOrDie,Agent360,gradient,Agent360Full,full,decoy,first,2,0.1654761904761905,0.0,0.1654761904761905
head_to_head,NiceOrDie,Agent360Full,full,Agent360,gradient,decoy,second,2,0.1654761904761905,1.0,1.1654761904761906
head_to_head,NiceOrDie,Agent360,gradient,Agent360Full,full,decoy,second,2,0.1654761904761905,1.0,1.1654761904761906
head_to_head,NiceOrDie,Agent360Full,full,Agent360,gradient,decoy,first,2,0.1654761904761905,0.0,0.1654761904761905
head_to_head,NiceOrDie,Agent360,gradient,Agent360Reverse,reverse,decoy,first,2,0.1654761904761905,0.3224744871391589,0.4879506776153494
head_to_head,NiceOrDie,Agent360Reverse,reverse,Agent360,gradient,decoy,second,2,0.1654761904761905,0.6775255128608411,0.8430017033370316
head_to_head,NiceOrDie,Agent360,gradient,Agent360Reverse,reverse,decoy,second,2,0.1654761904761905,0.8224744871391589,0.9879506776153494
head_to_head,NiceOrDie,Agent360Reverse,reverse,Agent360,gradient,decoy,first,2,0.1654761904761905,0.1775255128608411,0.3430017033370316
head_to_head,NiceOrDie,Agent360,gradient,Agent360V2,v2,decoy,first,2,0.1654761904761905,0.0,0.1654761904761905
head_to_head,NiceOrDie,Agent360V2,v2,Agent360,gradient,decoy,second,2,0.1654761904761905,1.0,1.1654761904761906
head_to_head,NiceOrDie,Agent360,gradient,Agent360V2,v2,decoy,second,2,0.1654761904761905,1.0,1.1654761904761906
head_to_head,NiceOrDie,Agent360V2,v2,Agent360,gradient,decoy,first,2,0.1654761904761905,0.0,0.1654761904761905
head_to_head,NiceOrDie,Agent360,gradient,Agent360V2Adaptive,v2.adaptive,decoy,first,2,0.1654761904761905,0.0,0.1654761904761905
head_to_head,NiceOrDie,Agent360V2Adaptive,v2.adaptive,Agent360,gradient,decoy,second,2,0.1654761904761905,1.0,1.1654761904761906
head_to_head,NiceOrDie,Agent360,gradient,Agent360V2Adaptive,v2.adaptive,decoy,second,2,0.1654761904761905,1.0,1.1654761904761906
head_to_head,NiceOrDie,Agent360V2Adaptive,v2.adaptive,Agent360,gradient,decoy,first,2,0.1654761904761905,0.0,0.1654761904761905
head_to_head,NiceOrDie,Agent360Full,full,Agent360Reverse,reverse,decoy,first,2,0.1654761904761905,0.6449489742783178,0.8104251647545082
head_to_head,NiceOrDie,Agent360Reverse,reverse,Agent360Full,full,decoy,second,2,0.1654761904761905,0.3550510257216822,0.5205272161978727
head_to_head,NiceOrDie,Agent360Full,full,Agent360Reverse,reverse,decoy,second,2,0.1654761904761905,0.8224744871391589,0.9879506776153494
head_to_head,NiceOrDie,Agent360Reverse,reverse,Agent360Full,full,decoy,first,2,0.1654761904761905,0.1775255128608411,0.3430017033370316
head_to_head,NiceOrDie,Agent360Full,full,Agent360V2,v2,decoy,first,2,0.1654761904761905,0.0,0.1654761904761905
head_to_head,NiceOrDie,Agent360V2,v2,Agent360Full,full,decoy,second,2,0.1654761904761905,1.0,1.1654761904761906
head_to_head,NiceOrDie,Agent360Full,full,Agent360V2,v2,decoy,second,2,0.1654761904761905,1.0,1.1654761904761906
head_to_head,NiceOrDie,Agent360V2,v2,Agent360Full,full,decoy,first,2,0.1654761904761905,0.0,0.1654761904761905
head_to_head,NiceOrDie,Agent360Full,full,Agent360V2Adaptive,v2.adaptive,decoy,first,2,0.1654761904761905,0.0,0.1654761904761905
head_to_head,NiceOrDie,Agent360V2Adaptive,v2.adaptive,Agent360Full,full,decoy,second,2,0.1654761904761905,1.0,1.1654761904761906
head_to_head,NiceOrDie,Agent360Full,full,Agent360V2Adaptive,v2.adaptive,decoy,second,2,0.1654761904761905,1.0,1.1654761904761906
head_to_head,NiceOrDie,Agent360V2Adaptive,v2.adaptive,Agent360Full,full,decoy,first,2,0.1654761904761905,0.0,0.1654761904761905
head_to_head,NiceOrDie,Agent360Reverse,reverse,Agent360V2,v2,decoy,first,2,0.1654761904761905,0.1775255128608411,0.3430017033370316
head_to_head,NiceOrDie,Agent360V2,v2,Agent360Reverse,reverse,decoy,second,2,0.1654761904761905,0.8224744871391589,0.9879506776153494
head_to_head,NiceOrDie,Agent360Reverse,reverse,Agent360V2,v2,decoy,second,2,0.1654761904761905,0.6775255128608411,0.8430017033370316
head_to_head,NiceOrDie,Agent360V2,v2,Agent360Reverse,reverse,decoy,first,2,0.1654761904761905,0.3224744871391589,0.4879506776153494
head_to_head,NiceOrDie,Agent360Reverse,reverse,Agent360V2Adaptive,v2.adaptive,decoy,first,2,0.1654761904761905,0.1775255128608411,0.3430017033370316
head_to_head,NiceOrDie,Agent360V2Adaptive,v2.adaptive,Agent360Reverse,reverse,decoy,second,2,0.1654761904761905,0.8224744871391589,0.9879506776153494
head_to_head,NiceOrDie,Agent360Reverse,reverse,Agent360V2Adaptive,v2.adaptive,decoy,second,2,0.1654761904761905,0.3550510257216822,0.5205272161978727
head_to_head,NiceOrDie,Agent360V2Adaptive,v2.adaptive,Agent360Reverse,reverse,decoy,first,2,0.1654761904761905,0.6449489742783178,0.8104251647545082
head_to_head,NiceOrDie,Agent360V2,v2,Agent360V2Adaptive,v2.adaptive,decoy,first,2,0.1654761904761905,0.0,0.1654761904761905
head_to_head,NiceOrDie,Agent360V2Adaptive,v2.adaptive,Agent360V2,v2,decoy,second,2,0.1654761904761905,1.0,1.1654761904761906
head_to_head,NiceOrDie,Agent360V2,v2,Agent360V2Adaptive,v2.adaptive,decoy,second,2,0.1654761904761905,1.0,1.1654761904761906
head_to_head,NiceOrDie,Agent360V2Adaptive,v2.adaptive,Agent360V2,v2,decoy,first,2,0.1654761904761905,0.0,0.1654761904761905
