match_type,scenario,agent,agent_mode,opponent,opponent_mode,family,agent_first,runs,advantage,concealing,score
panel,Amsterdam,Agent360,gradient,SimpleNegotiator,reverse-ufun + time concede,example,first,2,0.5427509293680297,0.5466021885938064,1.089353117961836
panel,Amsterdam,Agent360,gradient,SimpleNegotiator,reverse-ufun + time concede,example,second,2,0.5993150684931505,0.5724315289791766,1.1717465974723271
panel,Amsterdam,Agent360,gradient,BOANeg,BOA: time offer + Smith + ACNext,example,first,2,0.7100371747211895,0.4690493566280851,1.1790865313492747
panel,Amsterdam,Agent360,gradient,BOANeg,BOA: time offer + Smith + ACNext,example,second,2,0.6198630136986301,0.4998753664284966,1.1197383801271266
panel,Amsterdam,Agent360,gradient,MAPNeg,"MAP: same stack, acceptance_first",example,first,2,0.7100371747211895,0.4643599650026421,1.1743971397238315
panel,Amsterdam,Agent360,gradient,MAPNeg,"MAP: same stack, acceptance_first",example,second,2,0.6198630136986301,0.4958884228447179,1.115751436543348
panel,Amsterdam,Agent360,gradient,BoulwareTBNegotiator,slow concession (Boulware),time-based,first,2,0.7100371747211895,1.0,1.7100371747211895
panel,Amsterdam,Agent360,gradient,BoulwareTBNegotiator,slow concession (Boulware),time-based,second,2,0.6198630136986301,1.0,1.61986301369863
panel,Amsterdam,Agent360,gradient,ConcederTBNegotiator,fast concession,time-based,first,2,0.7546468401486989,1.0,1.7546468401486988
panel,Amsterdam,Agent360,gradient,ConcederTBNegotiator,fast concession,time-based,second,2,0.6181506849315068,1.0,1.6181506849315068
panel,Amsterdam,Agent360,gradient,LinearTBNegotiator,linear time concession,time-based,first,2,0.5464684014869888,1.0,1.546468401486989
panel,Amsterdam,Agent360,gradient,LinearTBNegotiator,linear time concession,time-based,second,2,0.6523972602739725,1.0,1.6523972602739725
panel,Amsterdam,Agent360,gradient,ToughNegotiator,"hard line, slow give",time-based,first,2,0.30855018587360594,1.0,1.308550185873606
panel,Amsterdam,Agent360,gradient,ToughNegotiator,"hard line, slow give",time-based,second,2,0.47260273972602734,1.0,1.4726027397260273
panel,Amsterdam,Agent360,gradient,MiCRONegotiator,MiCRO (Genius-style),genius-style,first,2,0.5427509293680297,1.0,1.5427509293680297
panel,Amsterdam,Agent360,gradient,MiCRONegotiator,MiCRO (Genius-style),genius-style,second,2,0.6369863013698629,1.0,1.636986301369863
panel,Amsterdam,Agent360,gradient,TimeBasedNegotiator,generic time-based,time-based,first,2,0.7007434944237918,1.0,1.7007434944237918
panel,Amsterdam,Agent360,gradient,TimeBasedNegotiator,generic time-based,time-based,second,2,0.6198630136986301,1.0,1.61986301369863
panel,Amsterdam,Agent360,gradient,AspirationNegotiator,aspiration-based,time-based,first,2,0.7100371747211895,1.0,1.7100371747211895
panel,Amsterdam,Agent360,gradient,AspirationNegotiator,aspiration-based,time-based,second,2,0.6198630136986301,1.0,1.61986301369863
panel,Amsterdam,Agent360,gradient,HybridNegotiator,hybrid time + utility,hybrid,first,2,0.6356877323420074,1.0,1.6356877323420074
panel,Amsterdam,Agent360,gradient,HybridNegotiator,hybrid time + utility,hybrid,second,2,0.6061643835616438,1.0,1.606164383561644
panel,Amsterdam,Agent360,gradient,RandomNegotiator,random rational offers,baseline,first,2,0.5669144981412639,0.5,1.066914498141264
panel,Amsterdam,Agent360,gradient,RandomNegotiator,random rational offers,baseline,second,2,0.7876712328767124,1.0,1.7876712328767121
panel,Amsterdam,Agent360,gradient,FirstOfferOrientedTBNegotiator,anchors on first offer,oriented,first,2,0.7100371747211895,1.0,1.7100371747211895
panel,Amsterdam,Agent360,gradient,FirstOfferOrientedTBNegotiator,anchors on first offer,oriented,second,2,0.6198630136986301,1.0,1.61986301369863
panel,Amsterdam,Agent360,gradient,LastOfferOrientedTBNegotiator,follows last offer,oriented,first,2,0.7100371747211895,1.0,1.7100371747211895
panel,Amsterdam,Agent360,gradient,LastOfferOrientedTBNegotiator,follows last offer,oriented,second,2,0.6198630136986301,1.0,1.61986301369863
panel,Amsterdam,Agent360,gradient,BestOfferOrientedTBNegotiator,tracks best offer seen,oriented,first,2,0.7100371747211895,1.0,1.7100371747211895
panel,Amsterdam,Agent360,gradient,BestOfferOrientedTBNegotiator,tracks best offer seen,oriented,second,2,0.6198630136986301,1.0,1.61986301369863
panel,Amsterdam,Agent360Full,full,SimpleNegotiator,reverse-ufun + time concede,example,first,2,0.4907063197026022,0.5594194193844314,1.0501257390870335
panel,Amsterdam,Agent360Full,full,SimpleNegotiator,reverse-ufun + time concede,example,second,2,0.5787671232876711,0.5715863487253383,1.1503534720130095
panel,Amsterdam,Agent360Full,full,BOANeg,BOA: time offer + Smith + ACNext,example,first,2,0.7100371747211895,0.5121910011432615,1.222228175864451
panel,Amsterdam,Agent360Full,full,BOANeg,BOA: time offer + Smith + ACNext,example,second,2,0.6198630136986301,0.5389713030099184,1.1588343167085484
panel,Amsterdam,Agent360Full,full,MAPNeg,"MAP: same stack, acceptance_first",example,first,2,0.7100371747211895,0.5161571203766926,1.2261942950978821
panel,Amsterdam,Agent360Full,full,MAPNeg,"MAP: same stack, acceptance_first",example,second,2,0.6198630136986301,0.542947968349293,1.1628109820479229
panel,Amsterdam,Agent360Full,full,BoulwareTBNegotiator,slow concession (Boulware),time-based,first,2,0.7100371747211895,1.0,1.7100371747211895
panel,Amsterdam,Agent360Full,full,BoulwareTBNegotiator,slow concession (Boulware),time-based,second,2,0.6198630136986301,1.0,1.61986301369863
panel,Amsterdam,Agent360Full,full,ConcederTBNegotiator,fast concession,time-based,first,2,0.7546468401486989,1.0,1.7546468401486988
panel,Amsterdam,Agent360Full,full,ConcederTBNegotiator,fast concession,time-based,second,2,0.5941780821917808,1.0,1.5941780821917808
panel,Amsterdam,Agent360Full,full,LinearTBNegotiator,linear time concession,time-based,first,2,0.5520446096654275,1.0,1.5520446096654275
panel,Amsterdam,Agent360Full,full,LinearTBNegotiator,linear time concession,time-based,second,2,0.631849315068493,1.0,1.631849315068493
panel,Amsterdam,Agent360Full,full,ToughNegotiator,"hard line, slow give",time-based,first,2,0.30855018587360594,1.0,1.308550185873606
panel,Amsterdam,Agent360Full,full,ToughNegotiator,"hard line, slow give",time-based,second,2,0.47260273972602734,1.0,1.4726027397260273
panel,Amsterdam,Agent360Full,full,MiCRONegotiator,MiCRO (Genius-style),genius-style,first,2,0.6059479553903345,1.0,1.6059479553903344
panel,Amsterdam,Agent360Full,full,MiCRONegotiator,MiCRO (Genius-style),genius-style,second,2,0.5821917808219177,1.0,1.5821917808219177
panel,Amsterdam,Agent360Full,full,TimeBasedNegotiator,generic time-based,time-based,first,2,0.7100371747211895,1.0,1.7100371747211895
panel,Amsterdam,Agent360Full,full,TimeBasedNegotiator,generic time-based,time-based,second,2,0.6198630136986301,1.0,1.61986301369863
panel,Amsterdam,Agent360Full,full,AspirationNegotiator,aspiration-based,time-based,first,2,0.7100371747211895,1.0,1.7100371747211895
panel,Amsterdam,Agent360Full,full,AspirationNegotiator,aspiration-based,time-based,second,2,0.6198630136986301,1.0,1.61986301369863
panel,Amsterdam,Agent360Full,full,HybridNegotiator,hybrid time + utility,hybrid,first,2,0.5836431226765799,1.0,1.58364312267658
panel,Amsterdam,Agent360Full,full,HybridNegotiator,hybrid time + utility,hybrid,second,2,0.6267123287671232,1.0,1.6267123287671232
panel,Amsterdam,Agent360Full,full,RandomNegotiator,random rational offers,baseline,first,2,0.533457249070632,0.5,1.033457249070632
panel,Amsterdam,Agent360Full,full,RandomNegotiator,random rational offers,baseline,second,2,0.6472602739726027,1.0,1.6472602739726028
panel,Amsterdam,Agent360Full,full,FirstOfferOrientedTBNegotiator,anchors on first offer,oriented,first,2,0.7100371747211895,1.0,1.7100371747211895
panel,Amsterdam,Agent360Full,full,FirstOfferOrientedTBNegotiator,anchors on first offer,oriented,second,2,0.6198630136986301,1.0,1.61986301369863
panel,Amsterdam,Agent360Full,full,LastOfferOrientedTBNegotiator,follows last offer,oriented,first,2,0.7100371747211895,1.0,1.7100371747211895
panel,Amsterdam,Agent360Full,full,LastOfferOrientedTBNegotiator,follows last offer,oriented,second,2,0.6198630136986301,1.0,1.61986301369863
panel,Amsterdam,Agent360Full,full,BestOfferOrientedTBNegotiator,tracks best offer seen,oriented,first,2,0.7100371747211895,1.0,1.7100371747211895
panel,Amsterdam,Agent360Full,full,BestOfferOrientedTBNegotiator,tracks best offer seen,oriented,second,2,0.6198630136986301,1.0,1.61986301369863
panel,Amsterdam,Agent360Reverse,reverse,SimpleNegotiator,reverse-ufun + time concede,example,first,2,0.7769516728624535,0.548134679425247,1.3250863522877006
panel,Amsterdam,Agent360Reverse,reverse,SimpleNegotiator,reverse-ufun + time concede,example,second,2,0.9349315068493151,0.5843817710369545,1.5193132778862697
panel,Amsterdam,Agent360Reverse,reverse,BOANeg,BOA: time offer + Smith + ACNext,example,first,2,0.7100371747211895,0.4667732374700857,1.1768104121912755
panel,Amsterdam,Agent360Reverse,reverse,BOANeg,BOA: time offer + Smith + ACNext,example,second,2,0.6198630136986301,0.5053671119375781,1.125230125636208
panel,Amsterdam,Agent360Reverse,reverse,MAPNeg,"MAP: same stack, acceptance_first",example,first,2,0.7100371747211895,0.46840702799736933,1.1784442027185589
panel,Amsterdam,Agent360Reverse,reverse,MAPNeg,"MAP: same stack, acceptance_first",example,second,2,0.6198630136986301,0.5052952534269496,1.1251582671255798
panel,Amsterdam,Agent360Reverse,reverse,BoulwareTBNegotiator,slow concession (Boulware),time-based,first,2,0.7100371747211895,1.0,1.7100371747211895
panel,Amsterdam,Agent360Reverse,reverse,BoulwareTBNegotiator,slow concession (Boulware),time-based,second,2,0.6815068493150684,1.0,1.6815068493150684
panel,Amsterdam,Agent360Reverse,reverse,ConcederTBNegotiator,fast concession,time-based,first,2,0.9330855018587361,1.0,1.933085501858736
panel,Amsterdam,Agent360Reverse,reverse,ConcederTBNegotiator,fast concession,time-based,second,2,0.9212328767123288,1.0,1.9212328767123288
panel,Amsterdam,Agent360Reverse,reverse,LinearTBNegotiator,linear time concession,time-based,first,2,0.7769516728624535,1.0,1.7769516728624535
panel,Amsterdam,Agent360Reverse,reverse,LinearTBNegotiator,linear time concession,time-based,second,2,0.9349315068493151,1.0,1.9349315068493151
panel,Amsterdam,Agent360Reverse,reverse,ToughNegotiator,"hard line, slow give",time-based,first,2,0.30855018587360594,1.0,1.308550185873606
panel,Amsterdam,Agent360Reverse,reverse,ToughNegotiator,"hard line, slow give",time-based,second,2,0.47260273972602734,1.0,1.4726027397260273
panel,Amsterdam,Agent360Reverse,reverse,MiCRONegotiator,MiCRO (Genius-style),genius-style,first,2,0.6914498141263941,1.0,1.691449814126394
panel,Amsterdam,Agent360Reverse,reverse,MiCRONegotiator,MiCRO (Genius-style),genius-style,second,2,0.7363013698630136,1.0,1.7363013698630136
panel,Amsterdam,Agent360Reverse,reverse,TimeBasedNegotiator,generic time-based,time-based,first,2,0.7007434944237918,1.0,1.7007434944237918
panel,Amsterdam,Agent360Reverse,reverse,TimeBasedNegotiator,generic time-based,time-based,second,2,0.6575342465753424,1.0,1.6575342465753424
panel,Amsterdam,Agent360Reverse,reverse,AspirationNegotiator,aspiration-based,time-based,first,2,0.7100371747211895,1.0,1.7100371747211895
panel,Amsterdam,Agent360Reverse,reverse,AspirationNegotiator,aspiration-based,time-based,second,2,0.6198630136986301,1.0,1.61986301369863
panel,Amsterdam,Agent360Reverse,reverse,HybridNegotiator,hybrid time + utility,hybrid,first,2,0.8884758364312267,1.0,1.8884758364312269
panel,Amsterdam,Agent360Reverse,reverse,HybridNegotiator,hybrid time + utility,hybrid,second,2,0.6695205479452054,1.0,1.6695205479452055
panel,Amsterdam,Agent360Reverse,reverse,RandomNegotiator,random rational offers,baseline,first,2,0.4776951672862454,0.5,0.9776951672862454
panel,Amsterdam,Agent360Reverse,reverse,RandomNegotiator,random rational offers,baseline,second,2,0.4777397260273972,1.0,1.4777397260273972
panel,Amsterdam,Agent360Reverse,reverse,FirstOfferOrientedTBNegotiator,anchors on first offer,oriented,first,2,0.7100371747211895,1.0,1.7100371747211895
panel,Amsterdam,Agent360Reverse,reverse,FirstOfferOrientedTBNegotiator,anchors on first offer,oriented,second,2,0.6198630136986301,1.0,1.61986301369863
panel,Amsterdam,Agent360Reverse,reverse,LastOfferOrientedTBNegotiator,follows last offer,oriented,first,2,0.7100371747211895,1.0,1.7100371747211895
panel,Amsterdam,Agent360Reverse,reverse,LastOfferOrientedTBNegotiator,follows last offer,oriented,second,2,0.6198630136986301,1.0,1.61986301369863
panel,Amsterdam,Agent360Reverse,reverse,BestOfferOrientedTBNegotiator,tracks best offer seen,oriented,first,2,0.7100371747211895,1.0,1.7100371747211895
panel,Amsterdam,Agent360Reverse,reverse,BestOfferOrientedTBNegotiator,tracks best offer seen,oriented,second,2,0.6558219178082191,1.0,1.6558219178082192
panel,Amsterdam,Agent360V2,v2,SimpleNegotiator,reverse-ufun + time concede,example,first,2,0.4851301115241635,0.5572900263455407,1.0424201378697042
panel,Amsterdam,Agent360V2,v2,SimpleNegotiator,reverse-ufun + time concede,example,second,2,0.631849315068493,0.5741448747925301,1.2059941898610231
panel,Amsterdam,Agent360V2,v2,BOANeg,BOA: time offer + Smith + ACNext,example,first,2,0.7100371747211895,0.5199666647762766,1.2300038394974662
panel,Amsterdam,Agent360V2,v2,BOANeg,BOA: time offer + Smith + ACNext,example,second,2,0.6198630136986301,0.5584040946605044,1.1782671083591345
panel,Amsterdam,Agent360V2,v2,MAPNeg,"MAP: same stack, acceptance_first",example,first,2,0.7100371747211895,0.5269612544740934,1.236998429195283
panel,Amsterdam,Agent360V2,v2,MAPNeg,"MAP: same stack, acceptance_first",example,second,2,0.6198630136986301,0.5504822306620336,1.1703452443606637
panel,Amsterdam,Agent360V2,v2,BoulwareTBNegotiator,slow concession (Boulware),time-based,first,2,0.7100371747211895,1.0,1.7100371747211895
panel,Amsterdam,Agent360V2,v2,BoulwareTBNegotiator,slow concession (Boulware),time-based,second,2,0.6198630136986301,1.0,1.61986301369863
panel,Amsterdam,Agent360V2,v2,ConcederTBNegotiator,fast concession,time-based,first,2,0.7546468401486989,1.0,1.7546468401486988
panel,Amsterdam,Agent360V2,v2,ConcederTBNegotiator,fast concession,time-based,second,2,0.6267123287671232,1.0,1.6267123287671232
panel,Amsterdam,Agent360V2,v2,LinearTBNegotiator,linear time concession,time-based,first,2,0.4851301115241635,1.0,1.4851301115241635
panel,Amsterdam,Agent360V2,v2,LinearTBNegotiator,linear time concession,time-based,second,2,0.5462328767123287,1.0,1.5462328767123288
panel,Amsterdam,Agent360V2,v2,ToughNegotiator,"hard line, slow give",time-based,first,2,0.30855018587360594,1.0,1.308550185873606
panel,Amsterdam,Agent360V2,v2,ToughNegotiator,"hard line, slow give",time-based,second,2,0.47260273972602734,1.0,1.4726027397260273
panel,Amsterdam,Agent360V2,v2,MiCRONegotiator,MiCRO (Genius-style),genius-style,first,2,0.6059479553903345,1.0,1.6059479553903344
panel,Amsterdam,Agent360V2,v2,MiCRONegotiator,MiCRO (Genius-style),genius-style,second,2,0.5821917808219177,1.0,1.5821917808219177
panel,Amsterdam,Agent360V2,v2,TimeBasedNegotiator,generic time-based,time-based,first,2,0.7100371747211895,1.0,1.7100371747211895
panel,Amsterdam,Agent360V2,v2,TimeBasedNegotiator,generic time-based,time-based,second,2,0.6198630136986301,1.0,1.61986301369863
panel,Amsterdam,Agent360V2,v2,AspirationNegotiator,aspiration-based,time-based,first,2,0.7100371747211895,1.0,1.7100371747211895
panel,Amsterdam,Agent360V2,v2,AspirationNegotiator,aspiration-based,time-based,second,2,0.6198630136986301,1.0,1.61986301369863
panel,Amsterdam,Agent360V2,v2,HybridNegotiator,hybrid time + utility,hybrid,first,2,0.5520446096654275,1.0,1.5520446096654275
panel,Amsterdam,Agent360V2,v2,HybridNegotiator,hybrid time + utility,hybrid,second,2,0.6044520547945205,1.0,1.6044520547945205
panel,Amsterdam,Agent360V2,v2,RandomNegotiator,random rational offers,baseline,first,2,0.241635687732342,0.0,0.241635687732342
panel,Amsterdam,Agent360V2,v2,RandomNegotiator,random rational offers,baseline,second,2,0.7226027397260273,1.0,1.7226027397260273
panel,Amsterdam,Agent360V2,v2,FirstOfferOrientedTBNegotiator,anchors on first offer,oriented,first,2,0.7100371747211895,1.0,1.7100371747211895
panel,Amsterdam,Agent360V2,v2,FirstOfferOrientedTBNegotiator,anchors on first offer,oriented,second,2,0.6198630136986301,1.0,1.61986301369863
panel,Amsterdam,Agent360V2,v2,LastOfferOrientedTBNegotiator,follows last offer,oriented,first,2,0.7100371747211895,1.0,1.7100371747211895
panel,Amsterdam,Agent360V2,v2,LastOfferOrientedTBNegotiator,follows last offer,oriented,second,2,0.6198630136986301,1.0,1.61986301369863
panel,Amsterdam,Agent360V2,v2,BestOfferOrientedTBNegotiator,tracks best offer seen,oriented,first,2,0.7100371747211895,1.0,1.7100371747211895
panel,Amsterdam,Agent360V2,v2,BestOfferOrientedTBNegotiator,tracks best offer seen,oriented,second,2,0.6198630136986301,1.0,1.61986301369863
panel,Camera,Agent360,gradient,SimpleNegotiator,reverse-ufun + time concede,example,first,2,0.5977108230937552,0.6211908044706633,1.2189016275644184
panel,Camera,Agent360,gradient,SimpleNegotiator,reverse-ufun + time concede,example,second,2,0.5443639090227443,0.6223275773904812,1.1666914864132254
panel,Camera,Agent360,gradient,BOANeg,BOA: time offer + Smith + ACNext,example,first,2,0.6204342703248611,0.4784810770514362,1.0989153473762974
panel,Camera,Agent360,gradient,BOANeg,BOA: time offer + Smith + ACNext,example,second,2,0.6653336665833542,0.49485168981038813,1.1601853563937423
panel,Camera,Agent360,gradient,MAPNeg,"MAP: same stack, acceptance_first",example,first,2,0.6204342703248611,0.47441576051956946,1.0948500308444307
panel,Camera,Agent360,gradient,MAPNeg,"MAP: same stack, acceptance_first",example,second,2,0.6653336665833542,0.4890943253404606,1.154427991923815
panel,Camera,Agent360,gradient,BoulwareTBNegotiator,slow concession (Boulware),time-based,first,2,0.6204342703248611,1.0,1.620434270324861
panel,Camera,Agent360,gradient,BoulwareTBNegotiator,slow concession (Boulware),time-based,second,2,0.6653336665833542,1.0,1.6653336665833542
panel,Camera,Agent360,gradient,ConcederTBNegotiator,fast concession,time-based,first,2,0.8845312236997138,1.0,1.8845312236997138
panel,Camera,Agent360,gradient,ConcederTBNegotiator,fast concession,time-based,second,2,0.6699575106223445,1.0,1.6699575106223445
panel,Camera,Agent360,gradient,LinearTBNegotiator,linear time concession,time-based,first,2,0.8643326039387308,1.0,1.8643326039387307
panel,Camera,Agent360,gradient,LinearTBNegotiator,linear time concession,time-based,second,2,0.6190952261934517,1.0,1.6190952261934517
panel,Camera,Agent360,gradient,ToughNegotiator,"hard line, slow give",time-based,first,2,0.26931493014644,1.0,1.26931493014644
panel,Camera,Agent360,gradient,ToughNegotiator,"hard line, slow give",time-based,second,2,0.4558860284928768,1.0,1.4558860284928767
panel,Camera,Agent360,gradient,MiCRONegotiator,MiCRO (Genius-style),genius-style,first,2,0.6012455815519272,1.0,1.601245581551927
panel,Camera,Agent360,gradient,MiCRONegotiator,MiCRO (Genius-style),genius-style,second,2,0.5971007248187954,1.0,1.5971007248187954
panel,Camera,Agent360,gradient,TimeBasedNegotiator,generic time-based,time-based,first,2,0.6204342703248611,1.0,1.620434270324861
panel,Camera,Agent360,gradient,TimeBasedNegotiator,generic time-based,time-based,second,2,0.6653336665833542,1.0,1.6653336665833542
panel,Camera,Agent360,gradient,AspirationNegotiator,aspiration-based,time-based,first,2,0.6805251641137855,1.0,1.6805251641137855
panel,Camera,Agent360,gradient,AspirationNegotiator,aspiration-based,time-based,second,2,0.6653336665833542,1.0,1.6653336665833542
panel,Camera,Agent360,gradient,HybridNegotiator,hybrid time + utility,hybrid,first,2,0.6125231442518094,1.0,1.6125231442518095
panel,Camera,Agent360,gradient,HybridNegotiator,hybrid time + utility,hybrid,second,2,0.6485878530367408,1.0,1.6485878530367408
panel,Camera,Agent360,gradient,RandomNegotiator,random rational offers,baseline,first,2,0.5770072378387476,1.0,1.5770072378387479
panel,Camera,Agent360,gradient,RandomNegotiator,random rational offers,baseline,second,2,0.655461134716321,1.0,1.655461134716321
panel,Camera,Agent360,gradient,FirstOfferOrientedTBNegotiator,anchors on first offer,oriented,first,2,0.6204342703248611,1.0,1.620434270324861
panel,Camera,Agent360,gradient,FirstOfferOrientedTBNegotiator,anchors on first offer,oriented,second,2,0.6653336665833542,1.0,1.6653336665833542
panel,Camera,Agent360,gradient,LastOfferOrientedTBNegotiator,follows last offer,oriented,first,2,0.6204342703248611,1.0,1.620434270324861
panel,Camera,Agent360,gradient,LastOfferOrientedTBNegotiator,follows last offer,oriented,second,2,0.6653336665833542,1.0,1.6653336665833542
panel,Camera,Agent360,gradient,BestOfferOrientedTBNegotiator,tracks best offer seen,oriented,first,2,0.6204342703248611,1.0,1.620434270324861
panel,Camera,Agent360,gradient,BestOfferOrientedTBNegotiator,tracks best offer seen,oriented,second,2,0.6653336665833542,1.0,1.6653336665833542
panel,Camera,Agent360Full,full,SimpleNegotiator,reverse-ufun + time concede,example,first,2,0.6241373506143746,0.6192829402465182,1.2434202908608927
panel,Camera,Agent360Full,full,SimpleNegotiator,reverse-ufun + time concede,example,second,2,0.5018745313671582,0.6164123429554798,1.118286874322638
panel,Camera,Agent360Full,full,BOANeg,BOA: time offer + Smith + ACNext,example,first,2,0.6204342703248611,0.5291177946180943,1.1495520649429554
panel,Camera,Agent360Full,full,BOANeg,BOA: time offer + Smith + ACNext,example,second,2,0.6653336665833542,0.5099160023489722,1.1752496689323264
panel,Camera,Agent360Full,full,MAPNeg,"MAP: same stack, acceptance_first",example,first,2,0.6204342703248611,0.528940246349711,1.1493745166745724
panel,Camera,Agent360Full,full,MAPNeg,"MAP: same stack, acceptance_first",example,second,2,0.6653336665833542,0.5060826391480618,1.1714163057314162
panel,Camera,Agent360Full,full,BoulwareTBNegotiator,slow concession (Boulware),time-based,first,2,0.6204342703248611,1.0,1.620434270324861
panel,Camera,Agent360Full,full,BoulwareTBNegotiator,slow concession (Boulware),time-based,second,2,0.6653336665833542,1.0,1.6653336665833542
panel,Camera,Agent360Full,full,ConcederTBNegotiator,fast concession,time-based,first,2,0.8845312236997138,1.0,1.8845312236997138
panel,Camera,Agent360Full,full,ConcederTBNegotiator,fast concession,time-based,second,2,0.5687328167958011,1.0,1.568732816795801
panel,Camera,Agent360Full,full,LinearTBNegotiator,linear time concession,time-based,first,2,0.6241373506143746,1.0,1.6241373506143746
panel,Camera,Agent360Full,full,LinearTBNegotiator,linear time concession,time-based,second,2,0.5988502874281431,1.0,1.5988502874281432
panel,Camera,Agent360Full,full,ToughNegotiator,"hard line, slow give",time-based,first,2,0.26931493014644,1.0,1.26931493014644
panel,Camera,Agent360Full,full,ToughNegotiator,"hard line, slow give",time-based,second,2,0.4558860284928768,1.0,1.4558860284928767
panel,Camera,Agent360Full,full,MiCRONegotiator,MiCRO (Genius-style),genius-style,first,2,0.2277394378050833,1.0,1.2277394378050834
panel,Camera,Agent360Full,full,MiCRONegotiator,MiCRO (Genius-style),genius-style,second,2,0.5841039740064985,1.0,1.5841039740064984
panel,Camera,Agent360Full,full,TimeBasedNegotiator,generic time-based,time-based,first,2,0.6204342703248611,1.0,1.620434270324861
panel,Camera,Agent360Full,full,TimeBasedNegotiator,generic time-based,time-based,second,2,0.6653336665833542,1.0,1.6653336665833542
panel,Camera,Agent360Full,full,AspirationNegotiator,aspiration-based,time-based,first,2,0.6805251641137855,1.0,1.6805251641137855
panel,Camera,Agent360Full,full,AspirationNegotiator,aspiration-based,time-based,second,2,0.6653336665833542,1.0,1.6653336665833542
panel,Camera,Agent360Full,full,HybridNegotiator,hybrid time + utility,hybrid,first,2,0.7561016663861303,1.0,1.7561016663861304
panel,Camera,Agent360Full,full,HybridNegotiator,hybrid time + utility,hybrid,second,2,0.5841039740064985,1.0,1.5841039740064984
panel,Camera,Agent360Full,full,RandomNegotiator,random rational offers,baseline,first,2,0.38411041912136007,1.0,1.38411041912136
panel,Camera,Agent360Full,full,RandomNegotiator,random rational offers,baseline,second,2,0.7188202949262685,1.0,1.7188202949262685
panel,Camera,Agent360Full,full,FirstOfferOrientedTBNegotiator,anchors on first offer,oriented,first,2,0.6482915334118835,1.0,1.6482915334118835
panel,Camera,Agent360Full,full,FirstOfferOrientedTBNegotiator,anchors on first offer,oriented,second,2,0.6653336665833542,1.0,1.6653336665833542
panel,Camera,Agent360Full,full,LastOfferOrientedTBNegotiator,follows last offer,oriented,first,2,0.6204342703248611,1.0,1.620434270324861
panel,Camera,Agent360Full,full,LastOfferOrientedTBNegotiator,follows last offer,oriented,second,2,0.6653336665833542,1.0,1.6653336665833542
panel,Camera,Agent360Full,full,BestOfferOrientedTBNegotiator,tracks best offer seen,oriented,first,2,0.732789092745329,1.0,1.732789092745329
panel,Camera,Agent360Full,full,BestOfferOrientedTBNegotiator,tracks best offer seen,oriented,second,2,0.6653336665833542,1.0,1.6653336665833542
panel,Camera,Agent360Reverse,reverse,SimpleNegotiator,reverse-ufun + time concede,example,first,2,0.8643326039387308,0.6236118603865918,1.4879444643253226
panel,Camera,Agent360Reverse,reverse,SimpleNegotiator,reverse-ufun + time concede,example,second,2,0.7758060484878782,0.6373241840051729,1.413130232493051
panel,Camera,Agent360Reverse,reverse,BOANeg,BOA: time offer + Smith + ACNext,example,first,2,0.6204342703248611,0.4815454548556578,1.1019797251805188
panel,Camera,Agent360Reverse,reverse,BOANeg,BOA: time offer + Smith + ACNext,example,second,2,0.6962009497625594,0.49442388364133205,1.1906248334038914
panel,Camera,Agent360Reverse,reverse,MAPNeg,"MAP: same stack, acceptance_first",example,first,2,0.7010604275374516,0.487070359520813,1.1881307870582645
panel,Camera,Agent360Reverse,reverse,MAPNeg,"MAP: same stack, acceptance_first",example,second,2,0.6653336665833542,0.4940553142459295,1.1593889808292839
panel,Camera,Agent360Reverse,reverse,BoulwareTBNegotiator,slow concession (Boulware),time-based,first,2,0.6204342703248611,1.0,1.620434270324861
panel,Camera,Agent360Reverse,reverse,BoulwareTBNegotiator,slow concession (Boulware),time-based,second,2,0.6653336665833542,1.0,1.6653336665833542
panel,Camera,Agent360Reverse,reverse,ConcederTBNegotiator,fast concession,time-based,first,2,0.8818380743982495,1.0,1.8818380743982495
panel,Camera,Agent360Reverse,reverse,ConcederTBNegotiator,fast concession,time-based,second,2,0.9675081229692577,1.0,1.9675081229692577
panel,Camera,Agent360Reverse,reverse,LinearTBNegotiator,linear time concession,time-based,first,2,0.8643326039387308,1.0,1.8643326039387307
panel,Camera,Agent360Reverse,reverse,LinearTBNegotiator,linear time concession,time-based,second,2,0.7869282679330168,1.0,1.7869282679330167
panel,Camera,Agent360Reverse,reverse,ToughNegotiator,"hard line, slow give",time-based,first,2,0.26931493014644,1.0,1.26931493014644
panel,Camera,Agent360Reverse,reverse,ToughNegotiator,"hard line, slow give",time-based,second,2,0.4558860284928768,1.0,1.4558860284928767
panel,Camera,Agent360Reverse,reverse,MiCRONegotiator,MiCRO (Genius-style),genius-style,first,2,0.5194411715199462,1.0,1.5194411715199463
panel,Camera,Agent360Reverse,reverse,MiCRONegotiator,MiCRO (Genius-style),genius-style,second,2,0.7530617345663585,1.0,1.7530617345663586
panel,Camera,Agent360Reverse,reverse,TimeBasedNegotiator,generic time-based,time-based,first,2,0.6204342703248611,1.0,1.620434270324861
panel,Camera,Agent360Reverse,reverse,TimeBasedNegotiator,generic time-based,time-based,second,2,0.6653336665833542,1.0,1.6653336665833542
panel,Camera,Agent360Reverse,reverse,AspirationNegotiator,aspiration-based,time-based,first,2,0.6805251641137855,1.0,1.6805251641137855
panel,Camera,Agent360Reverse,reverse,AspirationNegotiator,aspiration-based,time-based,second,2,0.6653336665833542,1.0,1.6653336665833542
panel,Camera,Agent360Reverse,reverse,HybridNegotiator,hybrid time + utility,hybrid,first,2,0.8692980979633058,1.0,1.8692980979633058
panel,Camera,Agent360Reverse,reverse,HybridNegotiator,hybrid time + utility,hybrid,second,2,0.7386903274181456,1.0,1.7386903274181456
panel,Camera,Agent360Reverse,reverse,RandomNegotiator,random rational offers,baseline,first,2,0.4321663019693654,0.5,0.9321663019693653
panel,Camera,Agent360Reverse,reverse,RandomNegotiator,random rational offers,baseline,second,2,0.5,1.0,1.5
panel,Camera,Agent360Reverse,reverse,FirstOfferOrientedTBNegotiator,anchors on first offer,oriented,first,2,0.6204342703248611,1.0,1.620434270324861
panel,Camera,Agent360Reverse,reverse,FirstOfferOrientedTBNegotiator,anchors on first offer,oriented,second,2,0.6653336665833542,1.0,1.6653336665833542
panel,Camera,Agent360Reverse,reverse,LastOfferOrientedTBNegotiator,follows last offer,oriented,first,2,0.6204342703248611,1.0,1.620434270324861
panel,Camera,Agent360Reverse,reverse,LastOfferOrientedTBNegotiator,follows last offer,oriented,second,2,0.6653336665833542,1.0,1.6653336665833542
panel,Camera,Agent360Reverse,reverse,BestOfferOrientedTBNegotiator,tracks best offer seen,oriented,first,2,0.6204342703248611,1.0,1.620434270324861
panel,Camera,Agent360Reverse,reverse,BestOfferOrientedTBNegotiator,tracks best offer seen,oriented,second,2,0.6653336665833542,1.0,1.6653336665833542
panel,Camera,Agent360V2,v2,SimpleNegotiator,reverse-ufun + time concede,example,first,2,0.6241373506143746,0.6192829402465182,1.2434202908608927
panel,Camera,Agent360V2,v2,SimpleNegotiator,reverse-ufun + time concede,example,second,2,0.49737565608597856,0.6133163461063473,1.1106920021923257
panel,Camera,Agent360V2,v2,BOANeg,BOA: time offer + Smith + ACNext,example,first,2,0.6204342703248611,0.5423228541855099,1.162757124510371
panel,Camera,Agent360V2,v2,BOANeg,BOA: time offer + Smith + ACNext,example,second,2,0.6377155711072233,0.5384800587813823,1.1761956298886056
panel,Camera,Agent360V2,v2,MAPNeg,"MAP: same stack, acceptance_first",example,first,2,0.6204342703248611,0.5267649204849844,1.1471991908098456
panel,Camera,Agent360V2,v2,MAPNeg,"MAP: same stack, acceptance_first",example,second,2,0.5971007248187954,0.5398531932908477,1.136953918109643
panel,Camera,Agent360V2,v2,BoulwareTBNegotiator,slow concession (Boulware),time-based,first,2,0.6204342703248611,1.0,1.620434270324861
panel,Camera,Agent360V2,v2,BoulwareTBNegotiator,slow concession (Boulware),time-based,second,2,0.6100974756310923,1.0,1.6100974756310924
panel,Camera,Agent360V2,v2,ConcederTBNegotiator,fast concession,time-based,first,2,0.8845312236997138,1.0,1.8845312236997138
panel,Camera,Agent360V2,v2,ConcederTBNegotiator,fast concession,time-based,second,2,0.5883529117720571,1.0,1.588352911772057
panel,Camera,Agent360V2,v2,LinearTBNegotiator,linear time concession,time-based,first,2,0.6241373506143746,1.0,1.6241373506143746
panel,Camera,Agent360V2,v2,LinearTBNegotiator,linear time concession,time-based,second,2,0.5606098475381156,1.0,1.5606098475381156
panel,Camera,Agent360V2,v2,ToughNegotiator,"hard line, slow give",time-based,first,2,0.26931493014644,1.0,1.26931493014644
panel,Camera,Agent360V2,v2,ToughNegotiator,"hard line, slow give",time-based,second,2,0.4558860284928768,1.0,1.4558860284928767
panel,Camera,Agent360V2,v2,MiCRONegotiator,MiCRO (Genius-style),genius-style,first,2,0.3904224877966672,1.0,1.390422487796667
panel,Camera,Agent360V2,v2,MiCRONegotiator,MiCRO (Genius-style),genius-style,second,2,0.5841039740064985,1.0,1.5841039740064984
panel,Camera,Agent360V2,v2,TimeBasedNegotiator,generic time-based,time-based,first,2,0.6204342703248611,1.0,1.620434270324861
panel,Camera,Agent360V2,v2,TimeBasedNegotiator,generic time-based,time-based,second,2,0.6377155711072233,1.0,1.6377155711072233
panel,Camera,Agent360V2,v2,AspirationNegotiator,aspiration-based,time-based,first,2,0.6805251641137855,1.0,1.6805251641137855
panel,Camera,Agent360V2,v2,AspirationNegotiator,aspiration-based,time-based,second,2,0.6377155711072233,1.0,1.6377155711072233
panel,Camera,Agent360V2,v2,HybridNegotiator,hybrid time + utility,hybrid,first,2,0.6126914660831508,1.0,1.6126914660831508
panel,Camera,Agent360V2,v2,HybridNegotiator,hybrid time + utility,hybrid,second,2,0.5841039740064985,1.0,1.5841039740064984
panel,Camera,Agent360V2,v2,RandomNegotiator,random rational offers,baseline,first,2,0.24187847163777138,1.0,1.2418784716377713
panel,Camera,Agent360V2,v2,RandomNegotiator,random rational offers,baseline,second,2,0.7578105473631592,1.0,1.7578105473631593
panel,Camera,Agent360V2,v2,FirstOfferOrientedTBNegotiator,anchors on first offer,oriented,first,2,0.6204342703248611,1.0,1.620434270324861
panel,Camera,Agent360V2,v2,FirstOfferOrientedTBNegotiator,anchors on first offer,oriented,second,2,0.6100974756310923,1.0,1.6100974756310924
panel,Camera,Agent360V2,v2,LastOfferOrientedTBNegotiator,follows last offer,oriented,first,2,0.6204342703248611,1.0,1.620434270324861
panel,Camera,Agent360V2,v2,LastOfferOrientedTBNegotiator,follows last offer,oriented,second,2,0.6377155711072233,1.0,1.6377155711072233
panel,Camera,Agent360V2,v2,BestOfferOrientedTBNegotiator,tracks best offer seen,oriented,first,2,0.6204342703248611,1.0,1.620434270324861
panel,Camera,Agent360V2,v2,BestOfferOrientedTBNegotiator,tracks best offer seen,oriented,second,2,0.6653336665833542,1.0,1.6653336665833542
panel,Car,Agent360,gradient,SimpleNegotiator,reverse-ufun + time concede,example,first,2,0.7501,0.24399304475156652,0.9940930447515666
panel,Car,Agent360,gradient,SimpleNegotiator,reverse-ufun + time concede,example,second,2,0.6408,0.4919636673487162,1.1327636673487163
panel,Car,Agent360,gradient,BOANeg,BOA: time offer + Smith + ACNext,example,first,2,0.8519000000000001,0.5224373137779181,1.3743373137779182
panel,Car,Agent360,gradient,BOANeg,BOA: time offer + Smith + ACNext,example,second,2,0.8616000000000001,0.5083344463714563,1.3699344463714564
panel,Car,Agent360,gradient,MAPNeg,"MAP: same stack, acceptance_first",example,first,2,0.8519000000000001,0.4906622243752923,1.3425622243752924
panel,Car,Agent360,gradient,MAPNeg,"MAP: same stack, acceptance_first",example,second,2,0.8616000000000001,0.5090984883776563,1.3706984883776565
panel,Car,Agent360,gradient,BoulwareTBNegotiator,slow concession (Boulware),time-based,first,2,0.8519000000000001,1.0,1.8519
panel,Car,Agent360,gradient,BoulwareTBNegotiator,slow concession (Boulware),time-based,second,2,0.8616000000000001,1.0,1.8616000000000001
panel,Car,Agent360,gradient,ConcederTBNegotiator,fast concession,time-based,first,2,0.795,0.5,1.295
panel,Car,Agent360,gradient,ConcederTBNegotiator,fast concession,time-based,second,2,0.9787999999999999,1.0,1.9788
panel,Car,Agent360,gradient,LinearTBNegotiator,linear time concession,time-based,first,2,0.6475,1.0,1.6475
panel,Car,Agent360,gradient,LinearTBNegotiator,linear time concession,time-based,second,2,0.9035000000000002,1.0,1.9035000000000002
panel,Car,Agent360,gradient,ToughNegotiator,"hard line, slow give",time-based,first,2,0.0,1.0,1.0
panel,Car,Agent360,gradient,ToughNegotiator,"hard line, slow give",time-based,second,2,0.0,1.0,1.0
panel,Car,Agent360,gradient,MiCRONegotiator,MiCRO (Genius-style),genius-style,first,2,0.5899000000000001,1.0,1.5899
panel,Car,Agent360,gradient,MiCRONegotiator,MiCRO (Genius-style),genius-style,second,2,0.7060000000000002,1.0,1.706
panel,Car,Agent360,gradient,TimeBasedNegotiator,generic time-based,time-based,first,2,0.8519000000000001,1.0,1.8519
panel,Car,Agent360,gradient,TimeBasedNegotiator,generic time-based,time-based,second,2,0.8616000000000001,1.0,1.8616000000000001
panel,Car,Agent360,gradient,AspirationNegotiator,aspiration-based,time-based,first,2,0.8774,1.0,1.8774
panel,Car,Agent360,gradient,AspirationNegotiator,aspiration-based,time-based,second,2,0.8716000000000002,1.0,1.8716000000000002
panel,Car,Agent360,gradient,HybridNegotiator,hybrid time + utility,hybrid,first,2,0.7706500000000001,1.0,1.7706500000000003
panel,Car,Agent360,gradient,HybridNegotiator,hybrid time + utility,hybrid,second,2,0.9271,1.0,1.9271
panel,Car,Agent360,gradient,RandomNegotiator,random rational offers,baseline,first,2,0.7803500000000001,1.0,1.78035
panel,Car,Agent360,gradient,RandomNegotiator,random rational offers,baseline,second,2,0.9115000000000001,1.0,1.9115000000000002
panel,Car,Agent360,gradient,FirstOfferOrientedTBNegotiator,anchors on first offer,oriented,first,2,0.8519000000000001,1.0,1.8519
panel,Car,Agent360,gradient,FirstOfferOrientedTBNegotiator,anchors on first offer,oriented,second,2,0.8616000000000001,1.0,1.8616000000000001
panel,Car,Agent360,gradient,LastOfferOrientedTBNegotiator,follows last offer,oriented,first,2,0.8519000000000001,1.0,1.8519
panel,Car,Agent360,gradient,LastOfferOrientedTBNegotiator,follows last offer,oriented,second,2,0.8616000000000001,1.0,1.8616000000000001
panel,Car,Agent360,gradient,BestOfferOrientedTBNegotiator,tracks best offer seen,oriented,first,2,0.8519000000000001,1.0,1.8519
panel,Car,Agent360,gradient,BestOfferOrientedTBNegotiator,tracks best offer seen,oriented,second,2,0.8616000000000001,1.0,1.8616000000000001
panel,Car,Agent360Full,full,SimpleNegotiator,reverse-ufun + time concede,example,first,2,0.75555,0.0,0.75555
panel,Car,Agent360Full,full,SimpleNegotiator,reverse-ufun + time concede,example,second,2,0.7020000000000001,0.4919636673487162,1.1939636673487164
panel,Car,Agent360Full,full,BOANeg,BOA: time offer + Smith + ACNext,example,first,2,0.8519000000000001,0.5570229418289327,1.408922941828933
panel,Car,Agent360Full,full,BOANeg,BOA: time offer + Smith + ACNext,example,second,2,0.7598000000000001,0.5508959401464434,1.3106959401464435
panel,Car,Agent360Full,full,MAPNeg,"MAP: same stack, acceptance_first",example,first,2,0.8519000000000001,0.5693859227689205,1.4212859227689205
panel,Car,Agent360Full,full,MAPNeg,"MAP: same stack, acceptance_first",example,second,2,0.8616000000000001,0.5453861151457717,1.4069861151457719
panel,Car,Agent360Full,full,BoulwareTBNegotiator,slow concession (Boulware),time-based,first,2,0.8519000000000001,1.0,1.8519
panel,Car,Agent360Full,full,BoulwareTBNegotiator,slow concession (Boulware),time-based,second,2,0.8616000000000001,1.0,1.8616000000000001
panel,Car,Agent360Full,full,ConcederTBNegotiator,fast concession,time-based,first,2,0.77565,0.0,0.77565
panel,Car,Agent360Full,full,ConcederTBNegotiator,fast concession,time-based,second,2,0.9787999999999999,1.0,1.9788
panel,Car,Agent360Full,full,LinearTBNegotiator,linear time concession,time-based,first,2,0.68265,1.0,1.68265
panel,Car,Agent360Full,full,LinearTBNegotiator,linear time concession,time-based,second,2,0.6148,1.0,1.6148000000000002
panel,Car,Agent360Full,full,ToughNegotiator,"hard line, slow give",time-based,first,2,0.0,1.0,1.0
panel,Car,Agent360Full,full,ToughNegotiator,"hard line, slow give",time-based,second,2,0.0,1.0,1.0
panel,Car,Agent360Full,full,MiCRONegotiator,MiCRO (Genius-style),genius-style,first,2,0.5899000000000001,1.0,1.5899
panel,Car,Agent360Full,full,MiCRONegotiator,MiCRO (Genius-style),genius-style,second,2,0.6260000000000001,1.0,1.6260000000000001
panel,Car,Agent360Full,full,TimeBasedNegotiator,generic time-based,time-based,first,2,0.8519000000000001,1.0,1.8519
panel,Car,Agent360Full,full,TimeBasedNegotiator,generic time-based,time-based,second,2,0.8616000000000001,1.0,1.8616000000000001
panel,Car,Agent360Full,full,AspirationNegotiator,aspiration-based,time-based,first,2,0.8774,1.0,1.8774
panel,Car,Agent360Full,full,AspirationNegotiator,aspiration-based,time-based,second,2,0.8288000000000002,1.0,1.8288000000000002
panel,Car,Agent360Full,full,HybridNegotiator,hybrid time + utility,hybrid,first,2,0.6593500000000001,1.0,1.6593499999999999
panel,Car,Agent360Full,full,HybridNegotiator,hybrid time + utility,hybrid,second,2,0.8418000000000001,1.0,1.8418
panel,Car,Agent360Full,full,RandomNegotiator,random rational offers,baseline,first,2,0.9613,1.0,1.9613
panel,Car,Agent360Full,full,RandomNegotiator,random rational offers,baseline,second,2,0.8585,1.0,1.8584999999999998
panel,Car,Agent360Full,full,FirstOfferOrientedTBNegotiator,anchors on first offer,oriented,first,2,0.8519000000000001,1.0,1.8519
panel,Car,Agent360Full,full,FirstOfferOrientedTBNegotiator,anchors on first offer,oriented,second,2,0.8616000000000001,1.0,1.8616000000000001
panel,Car,Agent360Full,full,LastOfferOrientedTBNegotiator,follows last offer,oriented,first,2,0.8519000000000001,1.0,1.8519
panel,Car,Agent360Full,full,LastOfferOrientedTBNegotiator,follows last offer,oriented,second,2,0.8616000000000001,1.0,1.8616000000000001
panel,Car,Agent360Full,full,BestOfferOrientedTBNegotiator,tracks best offer seen,oriented,first,2,0.8519000000000001,1.0,1.8519
panel,Car,Agent360Full,full,BestOfferOrientedTBNegotiator,tracks best offer seen,oriented,second,2,0.8616000000000001,1.0,1.8616000000000001
panel,Car,Agent360Reverse,reverse,SimpleNegotiator,reverse-ufun + time concede,example,first,2,0.9312,0.49892369104149403,1.430123691041494
panel,Car,Agent360Reverse,reverse,SimpleNegotiator,reverse-ufun + time concede,example,second,2,0.9188000000000002,0.51924849854101,1.43804849854101
panel,Car,Agent360Reverse,reverse,BOANeg,BOA: time offer + Smith + ACNext,example,first,2,0.8519000000000001,0.47883962619131193,1.330739626191312
panel,Car,Agent360Reverse,reverse,BOANeg,BOA: time offer + Smith + ACNext,example,second,2,0.8616000000000001,0.5076672735360042,1.3692672735360043
panel,Car,Agent360Reverse,reverse,MAPNeg,"MAP: same stack, acceptance_first",example,first,2,0.8519000000000001,0.4807831668728846,1.3326831668728847
panel,Car,Agent360Reverse,reverse,MAPNeg,"MAP: same stack, acceptance_first",example,second,2,0.8616000000000001,0.507509992338945,1.3691099923389451
panel,Car,Agent360Reverse,reverse,BoulwareTBNegotiator,slow concession (Boulware),time-based,first,2,0.8519000000000001,1.0,1.8519
panel,Car,Agent360Reverse,reverse,BoulwareTBNegotiator,slow concession (Boulware),time-based,second,2,0.8616000000000001,1.0,1.8616000000000001
panel,Car,Agent360Reverse,reverse,ConcederTBNegotiator,fast concession,time-based,first,2,0.9855000000000002,1.0,1.9855
panel,Car,Agent360Reverse,reverse,ConcederTBNegotiator,fast concession,time-based,second,2,0.9738000000000001,1.0,1.9738000000000002
panel,Car,Agent360Reverse,reverse,LinearTBNegotiator,linear time concession,time-based,first,2,0.9312,1.0,1.9312
panel,Car,Agent360Reverse,reverse,LinearTBNegotiator,linear time concession,time-based,second,2,0.9707999999999999,1.0,1.9707999999999999
panel,Car,Agent360Reverse,reverse,ToughNegotiator,"hard line, slow give",time-based,first,2,0.0,1.0,1.0
panel,Car,Agent360Reverse,reverse,ToughNegotiator,"hard line, slow give",time-based,second,2,0.0,1.0,1.0
panel,Car,Agent360Reverse,reverse,MiCRONegotiator,MiCRO (Genius-style),genius-style,first,2,0.6086000000000001,1.0,1.6086
panel,Car,Agent360Reverse,reverse,MiCRONegotiator,MiCRO (Genius-style),genius-style,second,2,0.7860000000000001,1.0,1.786
panel,Car,Agent360Reverse,reverse,TimeBasedNegotiator,generic time-based,time-based,first,2,0.8519000000000001,1.0,1.8519
panel,Car,Agent360Reverse,reverse,TimeBasedNegotiator,generic time-based,time-based,second,2,0.8616000000000001,1.0,1.8616000000000001
panel,Car,Agent360Reverse,reverse,AspirationNegotiator,aspiration-based,time-based,first,2,0.8774,1.0,1.8774
panel,Car,Agent360Reverse,reverse,AspirationNegotiator,aspiration-based,time-based,second,2,0.8716000000000002,1.0,1.8716000000000002
panel,Car,Agent360Reverse,reverse,HybridNegotiator,hybrid time + utility,hybrid,first,2,0.9463,1.0,1.9463
panel,Car,Agent360Reverse,reverse,HybridNegotiator,hybrid time + utility,hybrid,second,2,0.9372,1.0,1.9372
panel,Car,Agent360Reverse,reverse,RandomNegotiator,random rational offers,baseline,first,2,0.49835000000000007,1.0,1.49835
panel,Car,Agent360Reverse,reverse,RandomNegotiator,random rational offers,baseline,second,2,0.0,1.0,1.0
panel,Car,Agent360Reverse,reverse,FirstOfferOrientedTBNegotiator,anchors on first offer,oriented,first,2,0.8519000000000001,1.0,1.8519
panel,Car,Agent360Reverse,reverse,FirstOfferOrientedTBNegotiator,anchors on first offer,oriented,second,2,0.8616000000000001,1.0,1.8616000000000001
panel,Car,Agent360Reverse,reverse,LastOfferOrientedTBNegotiator,follows last offer,oriented,first,2,0.8519000000000001,1.0,1.8519
panel,Car,Agent360Reverse,reverse,LastOfferOrientedTBNegotiator,follows last offer,oriented,second,2,0.8616000000000001,1.0,1.8616000000000001
panel,Car,Agent360Reverse,reverse,BestOfferOrientedTBNegotiator,tracks best offer seen,oriented,first,2,0.8519000000000001,1.0,1.8519
panel,Car,Agent360Reverse,reverse,BestOfferOrientedTBNegotiator,tracks best offer seen,oriented,second,2,0.8616000000000001,1.0,1.8616000000000001
panel,Car,Agent360V2,v2,SimpleNegotiator,reverse-ufun + time concede,example,first,2,0.7115500000000001,0.0,0.7115500000000001
panel,Car,Agent360V2,v2,SimpleNegotiator,reverse-ufun + time concede,example,second,2,0.7332000000000001,0.4919636673487162,1.2251636673487163
panel,Car,Agent360V2,v2,BOANeg,BOA: time offer + Smith + ACNext,example,first,2,0.7642,0.5653657788548889,1.329565778854889
panel,Car,Agent360V2,v2,BOANeg,BOA: time offer + Smith + ACNext,example,second,2,0.8616000000000001,0.5590988236170948,1.4206988236170952
panel,Car,Agent360V2,v2,MAPNeg,"MAP: same stack, acceptance_first",example,first,2,0.8519000000000001,0.5556399908288687,1.4075399908288688
panel,Car,Agent360V2,v2,MAPNeg,"MAP: same stack, acceptance_first",example,second,2,0.8616000000000001,0.5481468899779194,1.4097468899779195
panel,Car,Agent360V2,v2,BoulwareTBNegotiator,slow concession (Boulware),time-based,first,2,0.7813500000000001,1.0,1.7813500000000002
panel,Car,Agent360V2,v2,BoulwareTBNegotiator,slow concession (Boulware),time-based,second,2,0.6828000000000001,1.0,1.6828
panel,Car,Agent360V2,v2,ConcederTBNegotiator,fast concession,time-based,first,2,0.7394000000000001,0.0,0.7394000000000001
panel,Car,Agent360V2,v2,ConcederTBNegotiator,fast concession,time-based,second,2,0.9787999999999999,1.0,1.9788
panel,Car,Agent360V2,v2,LinearTBNegotiator,linear time concession,time-based,first,2,0.6041000000000001,1.0,1.6041
panel,Car,Agent360V2,v2,LinearTBNegotiator,linear time concession,time-based,second,2,0.7483000000000002,1.0,1.7483000000000002
panel,Car,Agent360V2,v2,ToughNegotiator,"hard line, slow give",time-based,first,2,0.0,1.0,1.0
panel,Car,Agent360V2,v2,ToughNegotiator,"hard line, slow give",time-based,second,2,0.0,1.0,1.0
panel,Car,Agent360V2,v2,MiCRONegotiator,MiCRO (Genius-style),genius-style,first,2,0.5899000000000001,1.0,1.5899
panel,Car,Agent360V2,v2,MiCRONegotiator,MiCRO (Genius-style),genius-style,second,2,0.6260000000000001,1.0,1.6260000000000001
panel,Car,Agent360V2,v2,TimeBasedNegotiator,generic time-based,time-based,first,2,0.7031000000000001,1.0,1.7031
panel,Car,Agent360V2,v2,TimeBasedNegotiator,generic time-based,time-based,second,2,0.8616000000000001,1.0,1.8616000000000001
panel,Car,Agent360V2,v2,AspirationNegotiator,aspiration-based,time-based,first,2,0.8046500000000001,1.0,1.80465
panel,Car,Agent360V2,v2,AspirationNegotiator,aspiration-based,time-based,second,2,0.7706000000000002,1.0,1.7706
panel,Car,Agent360V2,v2,HybridNegotiator,hybrid time + utility,hybrid,first,2,0.8063500000000001,1.0,1.8063500000000001
panel,Car,Agent360V2,v2,HybridNegotiator,hybrid time + utility,hybrid,second,2,0.7490000000000001,1.0,1.749
panel,Car,Agent360V2,v2,RandomNegotiator,random rational offers,baseline,first,2,0.46890000000000004,1.0,1.4689
panel,Car,Agent360V2,v2,RandomNegotiator,random rational offers,baseline,second,2,0.9173000000000001,1.0,1.9173
panel,Car,Agent360V2,v2,FirstOfferOrientedTBNegotiator,anchors on first offer,oriented,first,2,0.7775000000000001,1.0,1.7775
panel,Car,Agent360V2,v2,FirstOfferOrientedTBNegotiator,anchors on first offer,oriented,second,2,0.8616000000000001,1.0,1.8616000000000001
panel,Car,Agent360V2,v2,LastOfferOrientedTBNegotiator,follows last offer,oriented,first,2,0.7775000000000001,1.0,1.7775
panel,Car,Agent360V2,v2,LastOfferOrientedTBNegotiator,follows last offer,oriented,second,2,0.7078000000000002,1.0,1.7078000000000002
panel,Car,Agent360V2,v2,BestOfferOrientedTBNegotiator,tracks best offer seen,oriented,first,2,0.8519000000000001,1.0,1.8519
panel,Car,Agent360V2,v2,BestOfferOrientedTBNegotiator,tracks best offer seen,oriented,second,2,0.8616000000000001,1.0,1.8616000000000001
panel,Grocery,Agent360,gradient,SimpleNegotiator,reverse-ufun + time concede,example,first,2,0.5277777777777779,0.6301353095916828,1.1579130873694607
panel,Grocery,Agent360,gradient,SimpleNegotiator,reverse-ufun + time concede,example,second,2,0.7500000000000001,0.6421345180823227,1.3921345180823228
panel,Grocery,Agent360,gradient,BOANeg,BOA: time offer + Smith + ACNext,example,first,2,0.7055555555555557,0.47327543668211114,1.1788309922376667
panel,Grocery,Agent360,gradient,BOANeg,BOA: time offer + Smith + ACNext,example,second,2,0.7500000000000001,0.4971379988351332,1.2471379988351332
panel,Grocery,Agent360,gradient,MAPNeg,"MAP: same stack, acceptance_first",example,first,2,0.7055555555555557,0.4776206056613605,1.1831761612169163
panel,Grocery,Agent360,gradient,MAPNeg,"MAP: same stack, acceptance_first",example,second,2,0.7500000000000001,0.5118951059686462,1.2618951059686463
panel,Grocery,Agent360,gradient,BoulwareTBNegotiator,slow concession (Boulware),time-based,first,2,0.7638888888888891,1.0,1.763888888888889
panel,Grocery,Agent360,gradient,BoulwareTBNegotiator,slow concession (Boulware),time-based,second,2,0.7500000000000001,1.0,1.75
panel,Grocery,Agent360,gradient,ConcederTBNegotiator,fast concession,time-based,first,2,0.6055555555555556,1.0,1.6055555555555556
panel,Grocery,Agent360,gradient,ConcederTBNegotiator,fast concession,time-based,second,2,0.6138888888888889,1.0,1.613888888888889
panel,Grocery,Agent360,gradient,LinearTBNegotiator,linear time concession,time-based,first,2,0.588888888888889,1.0,1.588888888888889
panel,Grocery,Agent360,gradient,LinearTBNegotiator,linear time concession,time-based,second,2,0.7500000000000001,1.0,1.75
panel,Grocery,Agent360,gradient,ToughNegotiator,"hard line, slow give",time-based,first,2,0.38888888888888895,1.0,1.3888888888888888
panel,Grocery,Agent360,gradient,ToughNegotiator,"hard line, slow give",time-based,second,2,0.47222222222222227,1.0,1.4722222222222223
panel,Grocery,Agent360,gradient,MiCRONegotiator,MiCRO (Genius-style),genius-style,first,2,0.6222222222222223,1.0,1.6222222222222222
panel,Grocery,Agent360,gradient,MiCRONegotiator,MiCRO (Genius-style),genius-style,second,2,0.7500000000000001,1.0,1.75
panel,Grocery,Agent360,gradient,TimeBasedNegotiator,generic time-based,time-based,first,2,0.7055555555555557,1.0,1.7055555555555557
panel,Grocery,Agent360,gradient,TimeBasedNegotiator,generic time-based,time-based,second,2,0.7500000000000001,1.0,1.75
panel,Grocery,Agent360,gradient,AspirationNegotiator,aspiration-based,time-based,first,2,0.8222222222222224,1.0,1.8222222222222224
panel,Grocery,Agent360,gradient,AspirationNegotiator,aspiration-based,time-based,second,2,0.7500000000000001,1.0,1.75
panel,Grocery,Agent360,gradient,HybridNegotiator,hybrid time + utility,hybrid,first,2,0.7222222222222223,1.0,1.7222222222222223
panel,Grocery,Agent360,gradient,HybridNegotiator,hybrid time + utility,hybrid,second,2,0.8194444444444445,1.0,1.8194444444444446
panel,Grocery,Agent360,gradient,RandomNegotiator,random rational offers,baseline,first,2,0.663888888888889,0.5,1.163888888888889
panel,Grocery,Agent360,gradient,RandomNegotiator,random rational offers,baseline,second,2,0.65,1.0,1.65
panel,Grocery,Agent360,gradient,FirstOfferOrientedTBNegotiator,anchors on first offer,oriented,first,2,0.7083333333333335,1.0,1.7083333333333335
panel,Grocery,Agent360,gradient,FirstOfferOrientedTBNegotiator,anchors on first offer,oriented,second,2,0.7500000000000001,1.0,1.75
panel,Grocery,Agent360,gradient,LastOfferOrientedTBNegotiator,follows last offer,oriented,first,2,0.7055555555555557,1.0,1.7055555555555557
panel,Grocery,Agent360,gradient,LastOfferOrientedTBNegotiator,follows last offer,oriented,second,2,0.7500000000000001,1.0,1.75
panel,Grocery,Agent360,gradient,BestOfferOrientedTBNegotiator,tracks best offer seen,oriented,first,2,0.713888888888889,1.0,1.713888888888889
panel,Grocery,Agent360,gradient,BestOfferOrientedTBNegotiator,tracks best offer seen,oriented,second,2,0.7500000000000001,1.0,1.75
panel,Grocery,Agent360Full,full,SimpleNegotiator,reverse-ufun + time concede,example,first,2,0.588888888888889,0.6285025257883223,1.2173914146772113
panel,Grocery,Agent360Full,full,SimpleNegotiator,reverse-ufun + time concede,example,second,2,0.6305555555555555,0.6434708150204591,1.2740263705760149
panel,Grocery,Agent360Full,full,BOANeg,BOA: time offer + Smith + ACNext,example,first,2,0.7055555555555557,0.4807278158910905,1.1862833714466463
panel,Grocery,Agent360Full,full,BOANeg,BOA: time offer + Smith + ACNext,example,second,2,0.7500000000000001,0.5335555204123015,1.2835555204123015
panel,Grocery,Agent360Full,full,MAPNeg,"MAP: same stack, acceptance_first",example,first,2,0.7055555555555557,0.48371936762030904,1.1892749231758648
panel,Grocery,Agent360Full,full,MAPNeg,"MAP: same stack, acceptance_first",example,second,2,0.7500000000000001,0.535169385747529,1.2851693857475293
panel,Grocery,Agent360Full,full,BoulwareTBNegotiator,slow concession (Boulware),time-based,first,2,0.7638888888888891,1.0,1.763888888888889
panel,Grocery,Agent360Full,full,BoulwareTBNegotiator,slow concession (Boulware),time-based,second,2,0.7500000000000001,1.0,1.75
panel,Grocery,Agent360Full,full,ConcederTBNegotiator,fast concession,time-based,first,2,0.6055555555555556,1.0,1.6055555555555556
panel,Grocery,Agent360Full,full,ConcederTBNegotiator,fast concession,time-based,second,2,0.638888888888889,1.0,1.6388888888888888
panel,Grocery,Agent360Full,full,LinearTBNegotiator,linear time concession,time-based,first,2,0.588888888888889,1.0,1.588888888888889
panel,Grocery,Agent360Full,full,LinearTBNegotiator,linear time concession,time-based,second,2,0.7500000000000001,1.0,1.75
panel,Grocery,Agent360Full,full,ToughNegotiator,"hard line, slow give",time-based,first,2,0.38888888888888895,1.0,1.3888888888888888
panel,Grocery,Agent360Full,full,ToughNegotiator,"hard line, slow give",time-based,second,2,0.47222222222222227,1.0,1.4722222222222223
panel,Grocery,Agent360Full,full,MiCRONegotiator,MiCRO (Genius-style),genius-style,first,2,0.588888888888889,1.0,1.588888888888889
panel,Grocery,Agent360Full,full,MiCRONegotiator,MiCRO (Genius-style),genius-style,second,2,0.7500000000000001,1.0,1.75
panel,Grocery,Agent360Full,full,TimeBasedNegotiator,generic time-based,time-based,first,2,0.7055555555555557,1.0,1.7055555555555557
panel,Grocery,Agent360Full,full,TimeBasedNegotiator,generic time-based,time-based,second,2,0.7500000000000001,1.0,1.75
panel,Grocery,Agent360Full,full,AspirationNegotiator,aspiration-based,time-based,first,2,0.8222222222222224,1.0,1.8222222222222224
panel,Grocery,Agent360Full,full,AspirationNegotiator,aspiration-based,time-based,second,2,0.7500000000000001,1.0,1.75
panel,Grocery,Agent360Full,full,HybridNegotiator,hybrid time + utility,hybrid,first,2,0.6500000000000001,1.0,1.65
panel,Grocery,Agent360Full,full,HybridNegotiator,hybrid time + utility,hybrid,second,2,0.7527777777777778,1.0,1.7527777777777778
panel,Grocery,Agent360Full,full,RandomNegotiator,random rational offers,baseline,first,2,0.46111111111111114,0.5,0.9611111111111112
panel,Grocery,Agent360Full,full,RandomNegotiator,random rational offers,baseline,second,2,0.375,1.0,1.375
panel,Grocery,Agent360Full,full,FirstOfferOrientedTBNegotiator,anchors on first offer,oriented,first,2,0.7083333333333335,1.0,1.7083333333333335
panel,Grocery,Agent360Full,full,FirstOfferOrientedTBNegotiator,anchors on first offer,oriented,second,2,0.7500000000000001,1.0,1.75
panel,Grocery,Agent360Full,full,LastOfferOrientedTBNegotiator,follows last offer,oriented,first,2,0.7055555555555557,1.0,1.7055555555555557
panel,Grocery,Agent360Full,full,LastOfferOrientedTBNegotiator,follows last offer,oriented,second,2,0.7500000000000001,1.0,1.75
panel,Grocery,Agent360Full,full,BestOfferOrientedTBNegotiator,tracks best offer seen,oriented,first,2,0.7638888888888891,1.0,1.763888888888889
panel,Grocery,Agent360Full,full,BestOfferOrientedTBNegotiator,tracks best offer seen,oriented,second,2,0.7500000000000001,1.0,1.75
panel,Grocery,Agent360Reverse,reverse,SimpleNegotiator,reverse-ufun + time concede,example,first,2,0.8222222222222224,0.6273556534242524,1.4495778756464748
panel,Grocery,Agent360Reverse,reverse,SimpleNegotiator,reverse-ufun + time concede,example,second,2,0.8722222222222222,0.6520388935264876,1.5242611157487098
panel,Grocery,Agent360Reverse,reverse,BOANeg,BOA: time offer + Smith + ACNext,example,first,2,0.7055555555555557,0.47292848844216284,1.1784840439977184
panel,Grocery,Agent360Reverse,reverse,BOANeg,BOA: time offer + Smith + ACNext,example,second,2,0.7500000000000001,0.513154134898308,1.263154134898308
panel,Grocery,Agent360Reverse,reverse,MAPNeg,"MAP: same stack, acceptance_first",example,first,2,0.7083333333333335,0.4780795154674575,1.1864128488007912
panel,Grocery,Agent360Reverse,reverse,MAPNeg,"MAP: same stack, acceptance_first",example,second,2,0.7500000000000001,0.5119570847194588,1.2619570847194588
panel,Grocery,Agent360Reverse,reverse,BoulwareTBNegotiator,slow concession (Boulware),time-based,first,2,0.7055555555555557,1.0,1.7055555555555557
panel,Grocery,Agent360Reverse,reverse,BoulwareTBNegotiator,slow concession (Boulware),time-based,second,2,0.7500000000000001,1.0,1.75
panel,Grocery,Agent360Reverse,reverse,ConcederTBNegotiator,fast concession,time-based,first,2,0.8916666666666668,1.0,1.891666666666667
panel,Grocery,Agent360Reverse,reverse,ConcederTBNegotiator,fast concession,time-based,second,2,0.8694444444444445,1.0,1.8694444444444445
panel,Grocery,Agent360Reverse,reverse,LinearTBNegotiator,linear time concession,time-based,first,2,0.8333333333333335,1.0,1.8333333333333335
panel,Grocery,Agent360Reverse,reverse,LinearTBNegotiator,linear time concession,time-based,second,2,0.8972222222222223,1.0,1.8972222222222221
panel,Grocery,Agent360Reverse,reverse,ToughNegotiator,"hard line, slow give",time-based,first,2,0.38888888888888895,1.0,1.3888888888888888
panel,Grocery,Agent360Reverse,reverse,ToughNegotiator,"hard line, slow give",time-based,second,2,0.47222222222222227,1.0,1.4722222222222223
panel,Grocery,Agent360Reverse,reverse,MiCRONegotiator,MiCRO (Genius-style),genius-style,first,2,0.7666666666666668,1.0,1.7666666666666668
panel,Grocery,Agent360Reverse,reverse,MiCRONegotiator,MiCRO (Genius-style),genius-style,second,2,0.8833333333333334,1.0,1.8833333333333333
panel,Grocery,Agent360Reverse,reverse,TimeBasedNegotiator,generic time-based,time-based,first,2,0.7055555555555557,1.0,1.7055555555555557
panel,Grocery,Agent360Reverse,reverse,TimeBasedNegotiator,generic time-based,time-based,second,2,0.7500000000000001,1.0,1.75
panel,Grocery,Agent360Reverse,reverse,AspirationNegotiator,aspiration-based,time-based,first,2,0.8222222222222224,1.0,1.8222222222222224
panel,Grocery,Agent360Reverse,reverse,AspirationNegotiator,aspiration-based,time-based,second,2,0.7500000000000001,1.0,1.75
panel,Grocery,Agent360Reverse,reverse,HybridNegotiator,hybrid time + utility,hybrid,first,2,0.8472222222222223,1.0,1.8472222222222223
panel,Grocery,Agent360Reverse,reverse,HybridNegotiator,hybrid time + utility,hybrid,second,2,0.7694444444444445,1.0,1.7694444444444444
panel,Grocery,Agent360Reverse,reverse,RandomNegotiator,random rational offers,baseline,first,2,0.4583333333333334,1.0,1.4583333333333335
panel,Grocery,Agent360Reverse,reverse,RandomNegotiator,random rational offers,baseline,second,2,0.4722222222222222,1.0,1.4722222222222223
panel,Grocery,Agent360Reverse,reverse,FirstOfferOrientedTBNegotiator,anchors on first offer,oriented,first,2,0.7055555555555557,1.0,1.7055555555555557
panel,Grocery,Agent360Reverse,reverse,FirstOfferOrientedTBNegotiator,anchors on first offer,oriented,second,2,0.7500000000000001,1.0,1.75
panel,Grocery,Agent360Reverse,reverse,LastOfferOrientedTBNegotiator,follows last offer,oriented,first,2,0.7055555555555557,1.0,1.7055555555555557
panel,Grocery,Agent360Reverse,reverse,LastOfferOrientedTBNegotiator,follows last offer,oriented,second,2,0.7500000000000001,1.0,1.75
panel,Grocery,Agent360Reverse,reverse,BestOfferOrientedTBNegotiator,tracks best offer seen,oriented,first,2,0.6861111111111112,1.0,1.6861111111111113
panel,Grocery,Agent360Reverse,reverse,BestOfferOrientedTBNegotiator,tracks best offer seen,oriented,second,2,0.7500000000000001,1.0,1.75
panel,Grocery,Agent360V2,v2,SimpleNegotiator,reverse-ufun + time concede,example,first,2,0.588888888888889,0.6285025257883223,1.2173914146772113
panel,Grocery,Agent360V2,v2,SimpleNegotiator,reverse-ufun + time concede,example,second,2,0.7500000000000001,0.6421345180823227,1.3921345180823228
panel,Grocery,Agent360V2,v2,BOANeg,BOA: time offer + Smith + ACNext,example,first,2,0.588888888888889,0.5122937095777529,1.101182598466642
panel,Grocery,Agent360V2,v2,BOANeg,BOA: time offer + Smith + ACNext,example,second,2,0.7500000000000001,0.5465385673285721,1.2965385673285723
panel,Grocery,Agent360V2,v2,MAPNeg,"MAP: same stack, acceptance_first",example,first,2,0.588888888888889,0.5254173147026774,1.1143062035915663
panel,Grocery,Agent360V2,v2,MAPNeg,"MAP: same stack, acceptance_first",example,second,2,0.7500000000000001,0.5503839092109415,1.3003839092109415
panel,Grocery,Agent360V2,v2,BoulwareTBNegotiator,slow concession (Boulware),time-based,first,2,0.7638888888888891,1.0,1.763888888888889
panel,Grocery,Agent360V2,v2,BoulwareTBNegotiator,slow concession (Boulware),time-based,second,2,0.7500000000000001,1.0,1.75
panel,Grocery,Agent360V2,v2,ConcederTBNegotiator,fast concession,time-based,first,2,0.6055555555555556,1.0,1.6055555555555556
panel,Grocery,Agent360V2,v2,ConcederTBNegotiator,fast concession,time-based,second,2,0.638888888888889,1.0,1.6388888888888888
panel,Grocery,Agent360V2,v2,LinearTBNegotiator,linear time concession,time-based,first,2,0.588888888888889,1.0,1.588888888888889
panel,Grocery,Agent360V2,v2,LinearTBNegotiator,linear time concession,time-based,second,2,0.7500000000000001,1.0,1.75
panel,Grocery,Agent360V2,v2,ToughNegotiator,"hard line, slow give",time-based,first,2,0.38888888888888895,1.0,1.3888888888888888
panel,Grocery,Agent360V2,v2,ToughNegotiator,"hard line, slow give",time-based,second,2,0.47222222222222227,1.0,1.4722222222222223
panel,Grocery,Agent360V2,v2,MiCRONegotiator,MiCRO (Genius-style),genius-style,first,2,0.588888888888889,1.0,1.588888888888889
panel,Grocery,Agent360V2,v2,MiCRONegotiator,MiCRO (Genius-style),genius-style,second,2,0.7500000000000001,1.0,1.75
panel,Grocery,Agent360V2,v2,TimeBasedNegotiator,generic time-based,time-based,first,2,0.7055555555555557,1.0,1.7055555555555557
panel,Grocery,Agent360V2,v2,TimeBasedNegotiator,generic time-based,time-based,second,2,0.7500000000000001,1.0,1.75
panel,Grocery,Agent360V2,v2,AspirationNegotiator,aspiration-based,time-based,first,2,0.588888888888889,1.0,1.588888888888889
panel,Grocery,Agent360V2,v2,AspirationNegotiator,aspiration-based,time-based,second,2,0.7500000000000001,1.0,1.75
panel,Grocery,Agent360V2,v2,HybridNegotiator,hybrid time + utility,hybrid,first,2,0.5055555555555555,1.0,1.5055555555555555
panel,Grocery,Agent360V2,v2,HybridNegotiator,hybrid time + utility,hybrid,second,2,0.6777777777777778,1.0,1.6777777777777778
panel,Grocery,Agent360V2,v2,RandomNegotiator,random rational offers,baseline,first,2,0.30833333333333335,1.0,1.3083333333333333
panel,Grocery,Agent360V2,v2,RandomNegotiator,random rational offers,baseline,second,2,0.3111111111111111,1.0,1.3111111111111111
panel,Grocery,Agent360V2,v2,FirstOfferOrientedTBNegotiator,anchors on first offer,oriented,first,2,0.7055555555555557,1.0,1.7055555555555557
panel,Grocery,Agent360V2,v2,FirstOfferOrientedTBNegotiator,anchors on first offer,oriented,second,2,0.7500000000000001,1.0,1.75
panel,Grocery,Agent360V2,v2,LastOfferOrientedTBNegotiator,follows last offer,oriented,first,2,0.588888888888889,1.0,1.588888888888889
panel,Grocery,Agent360V2,v2,LastOfferOrientedTBNegotiator,follows last offer,oriented,second,2,0.7500000000000001,1.0,1.75
panel,Grocery,Agent360V2,v2,BestOfferOrientedTBNegotiator,tracks best offer seen,oriented,first,2,0.7055555555555557,1.0,1.7055555555555557
panel,Grocery,Agent360V2,v2,BestOfferOrientedTBNegotiator,tracks best offer seen,oriented,second,2,0.7500000000000001,1.0,1.75
panel,ISBTAcquisition,Agent360,gradient,SimpleNegotiator,reverse-ufun + time concede,example,first,2,0.5228758169934641,0.5889262383584613,1.1118020553519252
panel,ISBTAcquisition,Agent360,gradient,SimpleNegotiator,reverse-ufun + time concede,example,second,2,0.5731707317073169,0.5983672900294938,1.171538021736811
panel,ISBTAcquisition,Agent360,gradient,BOANeg,BOA: time offer + Smith + ACNext,example,first,2,0.7352941176470588,0.4695204326949216,1.2048145503419803
panel,ISBTAcquisition,Agent360,gradient,BOANeg,BOA: time offer + Smith + ACNext,example,second,2,0.5121951219512194,0.5528949783021782,1.0650901002533977
panel,ISBTAcquisition,Agent360,gradient,MAPNeg,"MAP: same stack, acceptance_first",example,first,2,0.7124183006535947,0.4706361043850652,1.1830544050386598
panel,ISBTAcquisition,Agent360,gradient,MAPNeg,"MAP: same stack, acceptance_first",example,second,2,0.5121951219512194,0.7873158657589797,1.2995109877101991
panel,ISBTAcquisition,Agent360,gradient,BoulwareTBNegotiator,slow concession (Boulware),time-based,first,2,0.5947712418300655,1.0,1.5947712418300655
panel,ISBTAcquisition,Agent360,gradient,BoulwareTBNegotiator,slow concession (Boulware),time-based,second,2,0.5121951219512194,1.0,1.5121951219512195
panel,ISBTAcquisition,Agent360,gradient,ConcederTBNegotiator,fast concession,time-based,first,2,0.6274509803921569,0.5,1.1274509803921569
panel,ISBTAcquisition,Agent360,gradient,ConcederTBNegotiator,fast concession,time-based,second,2,0.8048780487804877,1.0,1.8048780487804876
panel,ISBTAcquisition,Agent360,gradient,LinearTBNegotiator,linear time concession,time-based,first,2,0.5359477124183007,1.0,1.5359477124183007
panel,ISBTAcquisition,Agent360,gradient,LinearTBNegotiator,linear time concession,time-based,second,2,0.5792682926829267,1.0,1.5792682926829267
panel,ISBTAcquisition,Agent360,gradient,ToughNegotiator,"hard line, slow give",time-based,first,2,0.33986928104575165,1.0,1.3398692810457518
panel,ISBTAcquisition,Agent360,gradient,ToughNegotiator,"hard line, slow give",time-based,second,2,0.5121951219512194,1.0,1.5121951219512195
panel,ISBTAcquisition,Agent360,gradient,MiCRONegotiator,MiCRO (Genius-style),genius-style,first,2,0.6764705882352942,1.0,1.6764705882352942
panel,ISBTAcquisition,Agent360,gradient,MiCRONegotiator,MiCRO (Genius-style),genius-style,second,2,0.5121951219512194,1.0,1.5121951219512195
panel,ISBTAcquisition,Agent360,gradient,TimeBasedNegotiator,generic time-based,time-based,first,2,0.6928104575163399,1.0,1.6928104575163399
panel,ISBTAcquisition,Agent360,gradient,TimeBasedNegotiator,generic time-based,time-based,second,2,0.5121951219512194,1.0,1.5121951219512195
panel,ISBTAcquisition,Agent360,gradient,AspirationNegotiator,aspiration-based,time-based,first,2,0.7156862745098038,1.0,1.7156862745098038
panel,ISBTAcquisition,Agent360,gradient,AspirationNegotiator,aspiration-based,time-based,second,2,0.5121951219512194,1.0,1.5121951219512195
panel,ISBTAcquisition,Agent360,gradient,HybridNegotiator,hybrid time + utility,hybrid,first,2,0.6895424836601307,1.0,1.6895424836601307
panel,ISBTAcquisition,Agent360,gradient,HybridNegotiator,hybrid time + utility,hybrid,second,2,0.5670731707317072,1.0,1.5670731707317072
panel,ISBTAcquisition,Agent360,gradient,RandomNegotiator,random rational offers,baseline,first,2,0.0,0.0,0.0
panel,ISBTAcquisition,Agent360,gradient,RandomNegotiator,random rational offers,baseline,second,2,0.3292682926829268,1.0,1.3292682926829267
panel,ISBTAcquisition,Agent360,gradient,FirstOfferOrientedTBNegotiator,anchors on first offer,oriented,first,2,0.784313725490196,1.0,1.784313725490196
panel,ISBTAcquisition,Agent360,gradient,FirstOfferOrientedTBNegotiator,anchors on first offer,oriented,second,2,0.5121951219512194,1.0,1.5121951219512195
panel,ISBTAcquisition,Agent360,gradient,LastOfferOrientedTBNegotiator,follows last offer,oriented,first,2,0.7254901960784313,1.0,1.7254901960784315
panel,ISBTAcquisition,Agent360,gradient,LastOfferOrientedTBNegotiator,follows last offer,oriented,second,2,0.5121951219512194,1.0,1.5121951219512195
panel,ISBTAcquisition,Agent360,gradient,BestOfferOrientedTBNegotiator,tracks best offer seen,oriented,first,2,0.6928104575163399,1.0,1.6928104575163399
panel,ISBTAcquisition,Agent360,gradient,BestOfferOrientedTBNegotiator,tracks best offer seen,oriented,second,2,0.5121951219512194,1.0,1.5121951219512195
panel,ISBTAcquisition,Agent360Full,full,SimpleNegotiator,reverse-ufun + time concede,example,first,2,0.4934640522875817,0.29594688722870877,0.7894109395162905
panel,ISBTAcquisition,Agent360Full,full,SimpleNegotiator,reverse-ufun + time concede,example,second,2,0.5121951219512194,0.5964173630080392,1.1086124849592585
panel,ISBTAcquisition,Agent360Full,full,BOANeg,BOA: time offer + Smith + ACNext,example,first,2,0.7352941176470588,0.5377168758332335,1.2730109934802922
panel,ISBTAcquisition,Agent360Full,full,BOANeg,BOA: time offer + Smith + ACNext,example,second,2,0.5121951219512194,1.0,1.5121951219512195
panel,ISBTAcquisition,Agent360Full,full,MAPNeg,"MAP: same stack, acceptance_first",example,first,2,0.6928104575163399,0.5203445275042362,1.213154985020576
panel,ISBTAcquisition,Agent360Full,full,MAPNeg,"MAP: same stack, acceptance_first",example,second,2,0.5121951219512194,0.8077735803839289,1.3199687023351483
panel,ISBTAcquisition,Agent360Full,full,BoulwareTBNegotiator,slow concession (Boulware),time-based,first,2,0.784313725490196,1.0,1.784313725490196
panel,ISBTAcquisition,Agent360Full,full,BoulwareTBNegotiator,slow concession (Boulware),time-based,second,2,0.5121951219512194,1.0,1.5121951219512195
panel,ISBTAcquisition,Agent360Full,full,ConcederTBNegotiator,fast concession,time-based,first,2,0.5130718954248366,0.5,1.0130718954248366
panel,ISBTAcquisition,Agent360Full,full,ConcederTBNegotiator,fast concession,time-based,second,2,0.5304878048780487,1.0,1.5304878048780488
panel,ISBTAcquisition,Agent360Full,full,LinearTBNegotiator,linear time concession,time-based,first,2,0.5359477124183007,1.0,1.5359477124183007
panel,ISBTAcquisition,Agent360Full,full,LinearTBNegotiator,linear time concession,time-based,second,2,0.5182926829268292,1.0,1.5182926829268293
panel,ISBTAcquisition,Agent360Full,full,ToughNegotiator,"hard line, slow give",time-based,first,2,0.33986928104575165,1.0,1.3398692810457518
panel,ISBTAcquisition,Agent360Full,full,ToughNegotiator,"hard line, slow give",time-based,second,2,0.5121951219512194,1.0,1.5121951219512195
panel,ISBTAcquisition,Agent360Full,full,MiCRONegotiator,MiCRO (Genius-style),genius-style,first,2,0.5522875816993464,1.0,1.5522875816993464
panel,ISBTAcquisition,Agent360Full,full,MiCRONegotiator,MiCRO (Genius-style),genius-style,second,2,0.5182926829268292,1.0,1.5182926829268293
panel,ISBTAcquisition,Agent360Full,full,TimeBasedNegotiator,generic time-based,time-based,first,2,0.7254901960784313,1.0,1.7254901960784315
panel,ISBTAcquisition,Agent360Full,full,TimeBasedNegotiator,generic time-based,time-based,second,2,0.5121951219512194,1.0,1.5121951219512195
panel,ISBTAcquisition,Agent360Full,full,AspirationNegotiator,aspiration-based,time-based,first,2,0.6274509803921569,1.0,1.6274509803921569
panel,ISBTAcquisition,Agent360Full,full,AspirationNegotiator,aspiration-based,time-based,second,2,0.5121951219512194,1.0,1.5121951219512195
panel,ISBTAcquisition,Agent360Full,full,HybridNegotiator,hybrid time + utility,hybrid,first,2,0.4934640522875817,1.0,1.4934640522875817
panel,ISBTAcquisition,Agent360Full,full,HybridNegotiator,hybrid time + utility,hybrid,second,2,0.5121951219512194,1.0,1.5121951219512195
panel,ISBTAcquisition,Agent360Full,full,RandomNegotiator,random rational offers,baseline,first,2,0.7058823529411765,1.0,1.7058823529411766
panel,ISBTAcquisition,Agent360Full,full,RandomNegotiator,random rational offers,baseline,second,2,0.36585365853658536,1.0,1.3658536585365852
panel,ISBTAcquisition,Agent360Full,full,FirstOfferOrientedTBNegotiator,anchors on first offer,oriented,first,2,0.718954248366013,1.0,1.7189542483660132
panel,ISBTAcquisition,Agent360Full,full,FirstOfferOrientedTBNegotiator,anchors on first offer,oriented,second,2,0.5121951219512194,1.0,1.5121951219512195
panel,ISBTAcquisition,Agent360Full,full,LastOfferOrientedTBNegotiator,follows last offer,oriented,first,2,0.7156862745098038,1.0,1.7156862745098038
panel,ISBTAcquisition,Agent360Full,full,LastOfferOrientedTBNegotiator,follows last offer,oriented,second,2,0.5121951219512194,1.0,1.5121951219512195
panel,ISBTAcquisition,Agent360Full,full,BestOfferOrientedTBNegotiator,tracks best offer seen,oriented,first,2,0.7254901960784313,1.0,1.7254901960784315
panel,ISBTAcquisition,Agent360Full,full,BestOfferOrientedTBNegotiator,tracks best offer seen,oriented,second,2,0.5121951219512194,1.0,1.5121951219512195
panel,ISBTAcquisition,Agent360Reverse,reverse,SimpleNegotiator,reverse-ufun + time concede,example,first,2,0.8823529411764705,0.5867668199631575,1.4691197611396278
panel,ISBTAcquisition,Agent360Reverse,reverse,SimpleNegotiator,reverse-ufun + time concede,example,second,2,0.8414634146341463,0.6098049241085527,1.451268338742699
panel,ISBTAcquisition,Agent360Reverse,reverse,BOANeg,BOA: time offer + Smith + ACNext,example,first,2,0.7156862745098038,0.4705318639394094,1.1862181384492132
panel,ISBTAcquisition,Agent360Reverse,reverse,BOANeg,BOA: time offer + Smith + ACNext,example,second,2,0.6951219512195121,0.4932459268737859,1.188367878093298
panel,ISBTAcquisition,Agent360Reverse,reverse,MAPNeg,"MAP: same stack, acceptance_first",example,first,2,0.761437908496732,0.46844689295995645,1.2298848014566883
panel,ISBTAcquisition,Agent360Reverse,reverse,MAPNeg,"MAP: same stack, acceptance_first",example,second,2,0.6951219512195121,0.49818665186706146,1.1933086030865736
panel,ISBTAcquisition,Agent360Reverse,reverse,BoulwareTBNegotiator,slow concession (Boulware),time-based,first,2,0.6274509803921569,1.0,1.6274509803921569
panel,ISBTAcquisition,Agent360Reverse,reverse,BoulwareTBNegotiator,slow concession (Boulware),time-based,second,2,0.6951219512195121,1.0,1.6951219512195121
panel,ISBTAcquisition,Agent360Reverse,reverse,ConcederTBNegotiator,fast concession,time-based,first,2,0.9052287581699346,1.0,1.9052287581699345
panel,ISBTAcquisition,Agent360Reverse,reverse,ConcederTBNegotiator,fast concession,time-based,second,2,0.8414634146341463,1.0,1.8414634146341462
panel,ISBTAcquisition,Agent360Reverse,reverse,LinearTBNegotiator,linear time concession,time-based,first,2,0.869281045751634,1.0,1.869281045751634
panel,ISBTAcquisition,Agent360Reverse,reverse,LinearTBNegotiator,linear time concession,time-based,second,2,0.8414634146341463,1.0,1.8414634146341462
panel,ISBTAcquisition,Agent360Reverse,reverse,ToughNegotiator,"hard line, slow give",time-based,first,2,0.33986928104575165,1.0,1.3398692810457518
panel,ISBTAcquisition,Agent360Reverse,reverse,ToughNegotiator,"hard line, slow give",time-based,second,2,0.5121951219512194,1.0,1.5121951219512195
panel,ISBTAcquisition,Agent360Reverse,reverse,MiCRONegotiator,MiCRO (Genius-style),genius-style,first,2,0.6470588235294118,1.0,1.6470588235294117
panel,ISBTAcquisition,Agent360Reverse,reverse,MiCRONegotiator,MiCRO (Genius-style),genius-style,second,2,0.6768292682926829,1.0,1.6768292682926829
panel,ISBTAcquisition,Agent360Reverse,reverse,TimeBasedNegotiator,generic time-based,time-based,first,2,0.784313725490196,1.0,1.784313725490196
panel,ISBTAcquisition,Agent360Reverse,reverse,TimeBasedNegotiator,generic time-based,time-based,second,2,0.6951219512195121,1.0,1.6951219512195121
panel,ISBTAcquisition,Agent360Reverse,reverse,AspirationNegotiator,aspiration-based,time-based,first,2,0.6666666666666667,1.0,1.6666666666666665
panel,ISBTAcquisition,Agent360Reverse,reverse,AspirationNegotiator,aspiration-based,time-based,second,2,0.6951219512195121,1.0,1.6951219512195121
panel,ISBTAcquisition,Agent360Reverse,reverse,HybridNegotiator,hybrid time + utility,hybrid,first,2,0.8725490196078431,1.0,1.8725490196078431
panel,ISBTAcquisition,Agent360Reverse,reverse,HybridNegotiator,hybrid time + utility,hybrid,second,2,0.7317073170731707,1.0,1.7317073170731705
panel,ISBTAcquisition,Agent360Reverse,reverse,RandomNegotiator,random rational offers,baseline,first,2,0.3921568627450981,0.5,0.8921568627450981
panel,ISBTAcquisition,Agent360Reverse,reverse,RandomNegotiator,random rational offers,baseline,second,2,0.9207317073170731,1.0,1.920731707317073
panel,ISBTAcquisition,Agent360Reverse,reverse,FirstOfferOrientedTBNegotiator,anchors on first offer,oriented,first,2,0.7516339869281045,1.0,1.7516339869281046
panel,ISBTAcquisition,Agent360Reverse,reverse,FirstOfferOrientedTBNegotiator,anchors on first offer,oriented,second,2,0.6951219512195121,1.0,1.6951219512195121
panel,ISBTAcquisition,Agent360Reverse,reverse,LastOfferOrientedTBNegotiator,follows last offer,oriented,first,2,0.7352941176470588,1.0,1.7352941176470589
panel,ISBTAcquisition,Agent360Reverse,reverse,LastOfferOrientedTBNegotiator,follows last offer,oriented,second,2,0.6951219512195121,1.0,1.6951219512195121
panel,ISBTAcquisition,Agent360Reverse,reverse,BestOfferOrientedTBNegotiator,tracks best offer seen,oriented,first,2,0.7026143790849673,1.0,1.7026143790849673
panel,ISBTAcquisition,Agent360Reverse,reverse,BestOfferOrientedTBNegotiator,tracks best offer seen,oriented,second,2,0.6951219512195121,1.0,1.6951219512195121
panel,ISBTAcquisition,Agent360V2,v2,SimpleNegotiator,reverse-ufun + time concede,example,first,2,0.4836601307189543,0.29439321089893167,0.778053341617886
panel,ISBTAcquisition,Agent360V2,v2,SimpleNegotiator,reverse-ufun + time concede,example,second,2,0.5121951219512194,0.5964173630080392,1.1086124849592585
panel,ISBTAcquisition,Agent360V2,v2,BOANeg,BOA: time offer + Smith + ACNext,example,first,2,0.7254901960784313,0.5337948226002117,1.259285018678643
panel,ISBTAcquisition,Agent360V2,v2,BOANeg,BOA: time offer + Smith + ACNext,example,second,2,0.5121951219512194,1.0,1.5121951219512195
panel,ISBTAcquisition,Agent360V2,v2,MAPNeg,"MAP: same stack, acceptance_first",example,first,2,0.784313725490196,0.5151950313467228,1.2995087568369188
panel,ISBTAcquisition,Agent360V2,v2,MAPNeg,"MAP: same stack, acceptance_first",example,second,2,0.5121951219512194,1.0,1.5121951219512195
panel,ISBTAcquisition,Agent360V2,v2,BoulwareTBNegotiator,slow concession (Boulware),time-based,first,2,0.784313725490196,1.0,1.784313725490196
panel,ISBTAcquisition,Agent360V2,v2,BoulwareTBNegotiator,slow concession (Boulware),time-based,second,2,0.5121951219512194,1.0,1.5121951219512195
panel,ISBTAcquisition,Agent360V2,v2,ConcederTBNegotiator,fast concession,time-based,first,2,0.5228758169934641,1.0,1.522875816993464
panel,ISBTAcquisition,Agent360V2,v2,ConcederTBNegotiator,fast concession,time-based,second,2,0.6951219512195121,1.0,1.6951219512195121
panel,ISBTAcquisition,Agent360V2,v2,LinearTBNegotiator,linear time concession,time-based,first,2,0.5196078431372549,1.0,1.5196078431372548
panel,ISBTAcquisition,Agent360V2,v2,LinearTBNegotiator,linear time concession,time-based,second,2,0.5121951219512194,1.0,1.5121951219512195
panel,ISBTAcquisition,Agent360V2,v2,ToughNegotiator,"hard line, slow give",time-based,first,2,0.33986928104575165,1.0,1.3398692810457518
panel,ISBTAcquisition,Agent360V2,v2,ToughNegotiator,"hard line, slow give",time-based,second,2,0.5121951219512194,1.0,1.5121951219512195
panel,ISBTAcquisition,Agent360V2,v2,MiCRONegotiator,MiCRO (Genius-style),genius-style,first,2,0.6666666666666667,1.0,1.6666666666666665
panel,ISBTAcquisition,Agent360V2,v2,MiCRONegotiator,MiCRO (Genius-style),genius-style,second,2,0.5121951219512194,1.0,1.5121951219512195
panel,ISBTAcquisition,Agent360V2,v2,TimeBasedNegotiator,generic time-based,time-based,first,2,0.784313725490196,1.0,1.784313725490196
panel,ISBTAcquisition,Agent360V2,v2,TimeBasedNegotiator,generic time-based,time-based,second,2,0.5121951219512194,1.0,1.5121951219512195
panel,ISBTAcquisition,Agent360V2,v2,AspirationNegotiator,aspiration-based,time-based,first,2,0.784313725490196,1.0,1.784313725490196
panel,ISBTAcquisition,Agent360V2,v2,AspirationNegotiator,aspiration-based,time-based,second,2,0.5121951219512194,1.0,1.5121951219512195
panel,ISBTAcquisition,Agent360V2,v2,HybridNegotiator,hybrid time + utility,hybrid,first,2,0.5294117647058824,1.0,1.5294117647058822
panel,ISBTAcquisition,Agent360V2,v2,HybridNegotiator,hybrid time + utility,hybrid,second,2,0.5121951219512194,1.0,1.5121951219512195
panel,ISBTAcquisition,Agent360V2,v2,RandomNegotiator,random rational offers,baseline,first,2,0.24183006535947715,0.0,0.24183006535947715
panel,ISBTAcquisition,Agent360V2,v2,RandomNegotiator,random rational offers,baseline,second,2,0.8414634146341462,1.0,1.8414634146341462
panel,ISBTAcquisition,Agent360V2,v2,FirstOfferOrientedTBNegotiator,anchors on first offer,oriented,first,2,0.784313725490196,1.0,1.784313725490196
panel,ISBTAcquisition,Agent360V2,v2,FirstOfferOrientedTBNegotiator,anchors on first offer,oriented,second,2,0.5121951219512194,1.0,1.5121951219512195
panel,ISBTAcquisition,Agent360V2,v2,LastOfferOrientedTBNegotiator,follows last offer,oriented,first,2,0.741830065359477,1.0,1.7418300653594772
panel,ISBTAcquisition,Agent360V2,v2,LastOfferOrientedTBNegotiator,follows last offer,oriented,second,2,0.5121951219512194,1.0,1.5121951219512195
panel,ISBTAcquisition,Agent360V2,v2,BestOfferOrientedTBNegotiator,tracks best offer seen,oriented,first,2,0.7254901960784313,1.0,1.7254901960784315
panel,ISBTAcquisition,Agent360V2,v2,BestOfferOrientedTBNegotiator,tracks best offer seen,oriented,second,2,0.5121951219512194,1.0,1.5121951219512195
panel,Laptop,Agent360,gradient,SimpleNegotiator,reverse-ufun + time concede,example,first,2,0.5838558660326796,0.6838512370155208,1.2677071030482003
panel,Laptop,Agent360,gradient,SimpleNegotiator,reverse-ufun + time concede,example,second,2,0.5136317604069089,0.6932670477187611,1.2068988081256702
panel,Laptop,Agent360,gradient,BOANeg,BOA: time offer + Smith + ACNext,example,first,2,0.5775524426410947,0.5307005769005024,1.1082530195415972
panel,Laptop,Agent360,gradient,BOANeg,BOA: time offer + Smith + ACNext,example,second,2,0.5136317604069089,0.5682496269714549,1.0818813873783637
panel,Laptop,Agent360,gradient,MAPNeg,"MAP: same stack, acceptance_first",example,first,2,0.5775524426410947,0.5333034851361345,1.1108559277772292
panel,Laptop,Agent360,gradient,MAPNeg,"MAP: same stack, acceptance_first",example,second,2,0.5136317604069089,0.520856186628665,1.034487947035574
panel,Laptop,Agent360,gradient,BoulwareTBNegotiator,slow concession (Boulware),time-based,first,2,0.5775524426410947,0.5,1.0775524426410947
panel,Laptop,Agent360,gradient,BoulwareTBNegotiator,slow concession (Boulware),time-based,second,2,0.5136317604069089,1.0,1.513631760406909
panel,Laptop,Agent360,gradient,ConcederTBNegotiator,fast concession,time-based,first,2,0.48685538774916404,0.0,0.48685538774916404
panel,Laptop,Agent360,gradient,ConcederTBNegotiator,fast concession,time-based,second,2,0.806029259748295,1.0,1.806029259748295
panel,Laptop,Agent360,gradient,LinearTBNegotiator,linear time concession,time-based,first,2,0.6745529209246102,1.0,1.6745529209246102
panel,Laptop,Agent360,gradient,LinearTBNegotiator,linear time concession,time-based,second,2,0.5136317604069089,1.0,1.513631760406909
panel,Laptop,Agent360,gradient,ToughNegotiator,"hard line, slow give",time-based,first,2,0.5775524426410947,1.0,1.5775524426410947
panel,Laptop,Agent360,gradient,ToughNegotiator,"hard line, slow give",time-based,second,2,0.5136317604069089,1.0,1.513631760406909
panel,Laptop,Agent360,gradient,MiCRONegotiator,MiCRO (Genius-style),genius-style,first,2,0.5775524426410947,1.0,1.5775524426410947
panel,Laptop,Agent360,gradient,MiCRONegotiator,MiCRO (Genius-style),genius-style,second,2,0.6793440238002268,1.0,1.6793440238002268
panel,Laptop,Agent360,gradient,TimeBasedNegotiator,generic time-based,time-based,first,2,0.5775524426410947,1.0,1.5775524426410947
panel,Laptop,Agent360,gradient,TimeBasedNegotiator,generic time-based,time-based,second,2,0.5136317604069089,1.0,1.513631760406909
panel,Laptop,Agent360,gradient,AspirationNegotiator,aspiration-based,time-based,first,2,0.5775524426410947,1.0,1.5775524426410947
panel,Laptop,Agent360,gradient,AspirationNegotiator,aspiration-based,time-based,second,2,0.5136317604069089,1.0,1.513631760406909
panel,Laptop,Agent360,gradient,HybridNegotiator,hybrid time + utility,hybrid,first,2,0.5775524426410947,1.0,1.5775524426410947
panel,Laptop,Agent360,gradient,HybridNegotiator,hybrid time + utility,hybrid,second,2,0.7568158802034545,1.0,1.7568158802034546
panel,Laptop,Agent360,gradient,RandomNegotiator,random rational offers,baseline,first,2,0.49999999999999994,1.0,1.5
panel,Laptop,Agent360,gradient,RandomNegotiator,random rational offers,baseline,second,2,0.25681588020345447,1.0,1.2568158802034546
panel,Laptop,Agent360,gradient,FirstOfferOrientedTBNegotiator,anchors on first offer,oriented,first,2,0.5775524426410947,1.0,1.5775524426410947
panel,Laptop,Agent360,gradient,FirstOfferOrientedTBNegotiator,anchors on first offer,oriented,second,2,0.5136317604069089,1.0,1.513631760406909
panel,Laptop,Agent360,gradient,LastOfferOrientedTBNegotiator,follows last offer,oriented,first,2,0.5775524426410947,1.0,1.5775524426410947
panel,Laptop,Agent360,gradient,LastOfferOrientedTBNegotiator,follows last offer,oriented,second,2,0.5136317604069089,1.0,1.513631760406909
panel,Laptop,Agent360,gradient,BestOfferOrientedTBNegotiator,tracks best offer seen,oriented,first,2,0.5775524426410947,1.0,1.5775524426410947
panel,Laptop,Agent360,gradient,BestOfferOrientedTBNegotiator,tracks best offer seen,oriented,second,2,0.5136317604069089,1.0,1.513631760406909
panel,Laptop,Agent360Full,full,SimpleNegotiator,reverse-ufun + time concede,example,first,2,0.5385073385867143,0.3422179205081517,0.880725259094866
panel,Laptop,Agent360Full,full,SimpleNegotiator,reverse-ufun + time concede,example,second,2,0.5136317604069089,0.695142104219393,1.208773864626302
panel,Laptop,Agent360Full,full,BOANeg,BOA: time offer + Smith + ACNext,example,first,2,0.5775524426410947,0.6036043434247698,1.1811567860658645
panel,Laptop,Agent360Full,full,BOANeg,BOA: time offer + Smith + ACNext,example,second,2,0.5136317604069089,0.5805724898088098,1.0942042502157188
panel,Laptop,Agent360Full,full,MAPNeg,"MAP: same stack, acceptance_first",example,first,2,0.5775524426410947,0.6105763551381154,1.18812879777921
panel,Laptop,Agent360Full,full,MAPNeg,"MAP: same stack, acceptance_first",example,second,2,0.5136317604069089,0.587615792152272,1.101247552559181
panel,Laptop,Agent360Full,full,BoulwareTBNegotiator,slow concession (Boulware),time-based,first,2,0.5775524426410947,1.0,1.5775524426410947
panel,Laptop,Agent360Full,full,BoulwareTBNegotiator,slow concession (Boulware),time-based,second,2,0.5136317604069089,1.0,1.513631760406909
panel,Laptop,Agent360Full,full,ConcederTBNegotiator,fast concession,time-based,first,2,0.6808563443161951,0.5,1.180856344316195
panel,Laptop,Agent360Full,full,ConcederTBNegotiator,fast concession,time-based,second,2,0.7670022323030451,1.0,1.767002232303045
panel,Laptop,Agent360Full,full,LinearTBNegotiator,linear time concession,time-based,first,2,0.5775524426410947,0.5,1.0775524426410947
panel,Laptop,Agent360Full,full,LinearTBNegotiator,linear time concession,time-based,second,2,0.5136317604069089,1.0,1.513631760406909
panel,Laptop,Agent360Full,full,ToughNegotiator,"hard line, slow give",time-based,first,2,0.5775524426410947,1.0,1.5775524426410947
panel,Laptop,Agent360Full,full,ToughNegotiator,"hard line, slow give",time-based,second,2,0.5136317604069089,1.0,1.513631760406909
panel,Laptop,Agent360Full,full,MiCRONegotiator,MiCRO (Genius-style),genius-style,first,2,0.6292043934786449,1.0,1.6292043934786449
panel,Laptop,Agent360Full,full,MiCRONegotiator,MiCRO (Genius-style),genius-style,second,2,0.6685754732133643,1.0,1.6685754732133642
panel,Laptop,Agent360Full,full,TimeBasedNegotiator,generic time-based,time-based,first,2,0.5775524426410947,1.0,1.5775524426410947
panel,Laptop,Agent360Full,full,TimeBasedNegotiator,generic time-based,time-based,second,2,0.5136317604069089,1.0,1.513631760406909
panel,Laptop,Agent360Full,full,AspirationNegotiator,aspiration-based,time-based,first,2,0.5775524426410947,1.0,1.5775524426410947
panel,Laptop,Agent360Full,full,AspirationNegotiator,aspiration-based,time-based,second,2,0.5136317604069089,1.0,1.513631760406909
panel,Laptop,Agent360Full,full,HybridNegotiator,hybrid time + utility,hybrid,first,2,0.5775524426410947,1.0,1.5775524426410947
panel,Laptop,Agent360Full,full,HybridNegotiator,hybrid time + utility,hybrid,second,2,0.5136317604069089,1.0,1.513631760406909
panel,Laptop,Agent360Full,full,RandomNegotiator,random rational offers,baseline,first,2,0.3576509942705191,1.0,1.357650994270519
panel,Laptop,Agent360Full,full,RandomNegotiator,random rational offers,baseline,second,2,0.7403237314273694,1.0,1.7403237314273694
panel,Laptop,Agent360Full,full,FirstOfferOrientedTBNegotiator,anchors on first offer,oriented,first,2,0.5775524426410947,1.0,1.5775524426410947
panel,Laptop,Agent360Full,full,FirstOfferOrientedTBNegotiator,anchors on first offer,oriented,second,2,0.5136317604069089,1.0,1.513631760406909
panel,Laptop,Agent360Full,full,LastOfferOrientedTBNegotiator,follows last offer,oriented,first,2,0.5775524426410947,1.0,1.5775524426410947
panel,Laptop,Agent360Full,full,LastOfferOrientedTBNegotiator,follows last offer,oriented,second,2,0.5136317604069089,1.0,1.513631760406909
panel,Laptop,Agent360Full,full,BestOfferOrientedTBNegotiator,tracks best offer seen,oriented,first,2,0.5775524426410947,1.0,1.5775524426410947
panel,Laptop,Agent360Full,full,BestOfferOrientedTBNegotiator,tracks best offer seen,oriented,second,2,0.5136317604069089,1.0,1.513631760406909
panel,Laptop,Agent360Reverse,reverse,SimpleNegotiator,reverse-ufun + time concede,example,first,2,0.8059990434329688,0.6771094406811734,1.4831084841141422
panel,Laptop,Agent360Reverse,reverse,SimpleNegotiator,reverse-ufun + time concede,example,second,2,1.0,0.7046979865771812,1.7046979865771812
panel,Laptop,Agent360Reverse,reverse,BOANeg,BOA: time offer + Smith + ACNext,example,first,2,0.7715533992081257,0.4724130838671675,1.2439664830752932
panel,Laptop,Agent360Reverse,reverse,BOANeg,BOA: time offer + Smith + ACNext,example,second,2,0.6685754732133643,0.5157672009594064,1.1843426741727707
panel,Laptop,Agent360Reverse,reverse,MAPNeg,"MAP: same stack, acceptance_first",example,first,2,0.7715533992081257,0.48555171322439367,1.2571051124325194
panel,Laptop,Agent360Reverse,reverse,MAPNeg,"MAP: same stack, acceptance_first",example,second,2,0.6685754732133643,0.5116352973572941,1.1802107705706584
panel,Laptop,Agent360Reverse,reverse,BoulwareTBNegotiator,slow concession (Boulware),time-based,first,2,0.7715533992081257,1.0,1.7715533992081256
panel,Laptop,Agent360Reverse,reverse,BoulwareTBNegotiator,slow concession (Boulware),time-based,second,2,0.6685754732133643,1.0,1.6685754732133642
panel,Laptop,Agent360Reverse,reverse,ConcederTBNegotiator,fast concession,time-based,first,2,0.9999999999999999,1.0,2.0
panel,Laptop,Agent360Reverse,reverse,ConcederTBNegotiator,fast concession,time-based,second,2,1.0,1.0,2.0
panel,Laptop,Agent360Reverse,reverse,LinearTBNegotiator,linear time concession,time-based,first,2,0.8059990434329688,1.0,1.8059990434329687
panel,Laptop,Agent360Reverse,reverse,LinearTBNegotiator,linear time concession,time-based,second,2,0.806029259748295,1.0,1.806029259748295
panel,Laptop,Agent360Reverse,reverse,ToughNegotiator,"hard line, slow give",time-based,first,2,0.5775524426410947,1.0,1.5775524426410947
panel,Laptop,Agent360Reverse,reverse,ToughNegotiator,"hard line, slow give",time-based,second,2,0.5136317604069089,1.0,1.513631760406909
panel,Laptop,Agent360Reverse,reverse,MiCRONegotiator,MiCRO (Genius-style),genius-style,first,2,0.7715533992081257,1.0,1.7715533992081256
panel,Laptop,Agent360Reverse,reverse,MiCRONegotiator,MiCRO (Genius-style),genius-style,second,2,0.8450562871935448,1.0,1.8450562871935448
panel,Laptop,Agent360Reverse,reverse,TimeBasedNegotiator,generic time-based,time-based,first,2,0.7715533992081257,1.0,1.7715533992081256
panel,Laptop,Agent360Reverse,reverse,TimeBasedNegotiator,generic time-based,time-based,second,2,0.6685754732133643,1.0,1.6685754732133642
panel,Laptop,Agent360Reverse,reverse,AspirationNegotiator,aspiration-based,time-based,first,2,0.7715533992081257,1.0,1.7715533992081256
panel,Laptop,Agent360Reverse,reverse,AspirationNegotiator,aspiration-based,time-based,second,2,0.6685754732133643,1.0,1.6685754732133642
panel,Laptop,Agent360Reverse,reverse,HybridNegotiator,hybrid time + utility,hybrid,first,2,0.7715533992081257,1.0,1.7715533992081256
panel,Laptop,Agent360Reverse,reverse,HybridNegotiator,hybrid time + utility,hybrid,second,2,0.8450562871935448,1.0,1.8450562871935448
panel,Laptop,Agent360Reverse,reverse,RandomNegotiator,random rational offers,baseline,first,2,0.45465147255403465,1.0,1.4546514725540347
panel,Laptop,Agent360Reverse,reverse,RandomNegotiator,random rational offers,baseline,second,2,0.4804864862773751,1.0,1.4804864862773752
panel,Laptop,Agent360Reverse,reverse,FirstOfferOrientedTBNegotiator,anchors on first offer,oriented,first,2,0.7715533992081257,1.0,1.7715533992081256
panel,Laptop,Agent360Reverse,reverse,FirstOfferOrientedTBNegotiator,anchors on first offer,oriented,second,2,0.6685754732133643,1.0,1.6685754732133642
panel,Laptop,Agent360Reverse,reverse,LastOfferOrientedTBNegotiator,follows last offer,oriented,first,2,0.7715533992081257,1.0,1.7715533992081256
panel,Laptop,Agent360Reverse,reverse,LastOfferOrientedTBNegotiator,follows last offer,oriented,second,2,0.6685754732133643,1.0,1.6685754732133642
panel,Laptop,Agent360Reverse,reverse,BestOfferOrientedTBNegotiator,tracks best offer seen,oriented,first,2,0.7715533992081257,1.0,1.7715533992081256
panel,Laptop,Agent360Reverse,reverse,BestOfferOrientedTBNegotiator,tracks best offer seen,oriented,second,2,0.6685754732133643,1.0,1.6685754732133642
panel,Laptop,Agent360V2,v2,SimpleNegotiator,reverse-ufun + time concede,example,first,2,0.5775524426410947,0.3422179205081517,0.9197703631492464
panel,Laptop,Agent360V2,v2,SimpleNegotiator,reverse-ufun + time concede,example,second,2,0.5136317604069089,0.695142104219393,1.208773864626302
panel,Laptop,Agent360V2,v2,BOANeg,BOA: time offer + Smith + ACNext,example,first,2,0.5775524426410947,0.5612942128007413,1.1388466554418362
panel,Laptop,Agent360V2,v2,BOANeg,BOA: time offer + Smith + ACNext,example,second,2,0.5136317604069089,0.5727514786623797,1.0863832390692887
panel,Laptop,Agent360V2,v2,MAPNeg,"MAP: same stack, acceptance_first",example,first,2,0.5775524426410947,0.5722888204971973,1.1498412631382922
panel,Laptop,Agent360V2,v2,MAPNeg,"MAP: same stack, acceptance_first",example,second,2,0.5136317604069089,0.5947525092864759,1.108384269693385
panel,Laptop,Agent360V2,v2,BoulwareTBNegotiator,slow concession (Boulware),time-based,first,2,0.5775524426410947,0.5,1.0775524426410947
panel,Laptop,Agent360V2,v2,BoulwareTBNegotiator,slow concession (Boulware),time-based,second,2,0.5136317604069089,1.0,1.513631760406909
panel,Laptop,Agent360V2,v2,ConcederTBNegotiator,fast concession,time-based,first,2,0.6808563443161951,1.0,1.680856344316195
panel,Laptop,Agent360V2,v2,ConcederTBNegotiator,fast concession,time-based,second,2,0.7670022323030451,1.0,1.767002232303045
panel,Laptop,Agent360V2,v2,LinearTBNegotiator,linear time concession,time-based,first,2,0.5322039151951294,1.0,1.5322039151951294
panel,Laptop,Agent360V2,v2,LinearTBNegotiator,linear time concession,time-based,second,2,0.5911036168101367,1.0,1.5911036168101367
panel,Laptop,Agent360V2,v2,ToughNegotiator,"hard line, slow give",time-based,first,2,0.5775524426410947,1.0,1.5775524426410947
panel,Laptop,Agent360V2,v2,ToughNegotiator,"hard line, slow give",time-based,second,2,0.5136317604069089,1.0,1.513631760406909
panel,Laptop,Agent360V2,v2,MiCRONegotiator,MiCRO (Genius-style),genius-style,first,2,0.7715533992081257,1.0,1.7715533992081256
panel,Laptop,Agent360V2,v2,MiCRONegotiator,MiCRO (Genius-style),genius-style,second,2,0.5911036168101367,1.0,1.5911036168101367
panel,Laptop,Agent360V2,v2,TimeBasedNegotiator,generic time-based,time-based,first,2,0.5775524426410947,1.0,1.5775524426410947
panel,Laptop,Agent360V2,v2,TimeBasedNegotiator,generic time-based,time-based,second,2,0.5136317604069089,1.0,1.513631760406909
panel,Laptop,Agent360V2,v2,AspirationNegotiator,aspiration-based,time-based,first,2,0.5775524426410947,1.0,1.5775524426410947
panel,Laptop,Agent360V2,v2,AspirationNegotiator,aspiration-based,time-based,second,2,0.5136317604069089,1.0,1.513631760406909
panel,Laptop,Agent360V2,v2,HybridNegotiator,hybrid time + utility,hybrid,first,2,0.6745529209246102,1.0,1.6745529209246102
panel,Laptop,Agent360V2,v2,HybridNegotiator,hybrid time + utility,hybrid,second,2,0.5715901030875117,1.0,1.5715901030875117
panel,Laptop,Agent360V2,v2,RandomNegotiator,random rational offers,baseline,first,2,0.4093029451080693,0.5,0.9093029451080693
panel,Laptop,Agent360V2,v2,RandomNegotiator,random rational offers,baseline,second,2,0.7757471954388074,1.0,1.7757471954388073
panel,Laptop,Agent360V2,v2,FirstOfferOrientedTBNegotiator,anchors on first offer,oriented,first,2,0.5775524426410947,1.0,1.5775524426410947
panel,Laptop,Agent360V2,v2,FirstOfferOrientedTBNegotiator,anchors on first offer,oriented,second,2,0.5136317604069089,1.0,1.513631760406909
panel,Laptop,Agent360V2,v2,LastOfferOrientedTBNegotiator,follows last offer,oriented,first,2,0.5775524426410947,0.5,1.0775524426410947
panel,Laptop,Agent360V2,v2,LastOfferOrientedTBNegotiator,follows last offer,oriented,second,2,0.5136317604069089,1.0,1.513631760406909
panel,Laptop,Agent360V2,v2,BestOfferOrientedTBNegotiator,tracks best offer seen,oriented,first,2,0.5775524426410947,1.0,1.5775524426410947
panel,Laptop,Agent360V2,v2,BestOfferOrientedTBNegotiator,tracks best offer seen,oriented,second,2,0.5136317604069089,1.0,1.513631760406909
panel,NiceOrDie,Agent360,gradient,SimpleNegotiator,reverse-ufun + time concede,example,first,2,0.1654761904761905,0.5,0.6654761904761906
panel,NiceOrDie,Agent360,gradient,SimpleNegotiator,reverse-ufun + time concede,example,second,2,0.1654761904761905,0.5,0.6654761904761906
panel,NiceOrDie,Agent360,gradient,BOANeg,BOA: time offer + Smith + ACNext,example,first,2,0.1654761904761905,0.55,0.7154761904761905
panel,NiceOrDie,Agent360,gradient,BOANeg,BOA: time offer + Smith + ACNext,example,second,2,0.1654761904761905,0.55,0.7154761904761905
panel,NiceOrDie,Agent360,gradient,MAPNeg,"MAP: same stack, acceptance_first",example,first,2,0.1654761904761905,0.5,0.6654761904761906
panel,NiceOrDie,Agent360,gradient,MAPNeg,"MAP: same stack, acceptance_first",example,second,2,0.1654761904761905,0.6,0.7654761904761904
panel,NiceOrDie,Agent360,gradient,BoulwareTBNegotiator,slow concession (Boulware),time-based,first,2,0.1654761904761905,1.0,1.1654761904761906
panel,NiceOrDie,Agent360,gradient,BoulwareTBNegotiator,slow concession (Boulware),time-based,second,2,0.1654761904761905,1.0,1.1654761904761906
panel,NiceOrDie,Agent360,gradient,ConcederTBNegotiator,fast concession,time-based,first,2,0.1654761904761905,1.0,1.1654761904761906
panel,NiceOrDie,Agent360,gradient,ConcederTBNegotiator,fast concession,time-based,second,2,0.1654761904761905,1.0,1.1654761904761906
panel,NiceOrDie,Agent360,gradient,LinearTBNegotiator,linear time concession,time-based,first,2,0.1654761904761905,1.0,1.1654761904761906
panel,NiceOrDie,Agent360,gradient,LinearTBNegotiator,linear time concession,time-based,second,2,0.1654761904761905,1.0,1.1654761904761906
panel,NiceOrDie,Agent360,gradient,ToughNegotiator,"hard line, slow give",time-based,first,2,0.0,1.0,1.0
panel,NiceOrDie,Agent360,gradient,ToughNegotiator,"hard line, slow give",time-based,second,2,0.0,1.0,1.0
panel,NiceOrDie,Agent360,gradient,MiCRONegotiator,MiCRO (Genius-style),genius-style,first,2,0.1654761904761905,1.0,1.1654761904761906
panel,NiceOrDie,Agent360,gradient,MiCRONegotiator,MiCRO (Genius-style),genius-style,second,2,0.1654761904761905,1.0,1.1654761904761906
panel,NiceOrDie,Agent360,gradient,TimeBasedNegotiator,generic time-based,time-based,first,2,0.1654761904761905,1.0,1.1654761904761906
panel,NiceOrDie,Agent360,gradient,TimeBasedNegotiator,generic time-based,time-based,second,2,0.1654761904761905,1.0,1.1654761904761906
panel,NiceOrDie,Agent360,gradient,AspirationNegotiator,aspiration-based,time-based,first,2,0.1654761904761905,1.0,1.1654761904761906
panel,NiceOrDie,Agent360,gradient,AspirationNegotiator,aspiration-based,time-based,second,2,0.1654761904761905,1.0,1.1654761904761906
panel,NiceOrDie,Agent360,gradient,HybridNegotiator,hybrid time + utility,hybrid,first,2,0.0,1.0,1.0
panel,NiceOrDie,Agent360,gradient,HybridNegotiator,hybrid time + utility,hybrid,second,2,0.0,1.0,1.0
panel,NiceOrDie,Agent360,gradient,RandomNegotiator,random rational offers,baseline,first,2,1.0,1.0,2.0
panel,NiceOrDie,Agent360,gradient,RandomNegotiator,random rational offers,baseline,second,2,0.1654761904761905,1.0,1.1654761904761906
panel,NiceOrDie,Agent360,gradient,FirstOfferOrientedTBNegotiator,anchors on first offer,oriented,first,2,0.1654761904761905,1.0,1.1654761904761906
panel,NiceOrDie,Agent360,gradient,FirstOfferOrientedTBNegotiator,anchors on first offer,oriented,second,2,0.1654761904761905,1.0,1.1654761904761906
panel,NiceOrDie,Agent360,gradient,LastOfferOrientedTBNegotiator,follows last offer,oriented,first,2,0.1654761904761905,1.0,1.1654761904761906
panel,NiceOrDie,Agent360,gradient,LastOfferOrientedTBNegotiator,follows last offer,oriented,second,2,0.1654761904761905,1.0,1.1654761904761906
panel,NiceOrDie,Agent360,gradient,BestOfferOrientedTBNegotiator,tracks best offer seen,oriented,first,2,0.1654761904761905,1.0,1.1654761904761906
panel,NiceOrDie,Agent360,gradient,BestOfferOrientedTBNegotiator,tracks best offer seen,oriented,second,2,0.1654761904761905,1.0,1.1654761904761906
panel,NiceOrDie,Agent360Full,full,SimpleNegotiator,reverse-ufun + time concede,example,first,2,0.1654761904761905,0.5,0.6654761904761906
panel,NiceOrDie,Agent360Full,full,SimpleNegotiator,reverse-ufun + time concede,example,second,2,0.1654761904761905,0.5,0.6654761904761906
panel,NiceOrDie,Agent360Full,full,BOANeg,BOA: time offer + Smith + ACNext,example,first,2,0.1654761904761905,0.5,0.6654761904761906
panel,NiceOrDie,Agent360Full,full,BOANeg,BOA: time offer + Smith + ACNext,example,second,2,0.1654761904761905,0.5,0.6654761904761906
panel,NiceOrDie,Agent360Full,full,MAPNeg,"MAP: same stack, acceptance_first",example,first,2,0.1654761904761905,0.5,0.6654761904761906
panel,NiceOrDie,Agent360Full,full,MAPNeg,"MAP: same stack, acceptance_first",example,second,2,0.1654761904761905,0.5,0.6654761904761906
panel,NiceOrDie,Agent360Full,full,BoulwareTBNegotiator,slow concession (Boulware),time-based,first,2,0.1654761904761905,1.0,1.1654761904761906
panel,NiceOrDie,Agent360Full,full,BoulwareTBNegotiator,slow concession (Boulware),time-based,second,2,0.1654761904761905,1.0,1.1654761904761906
panel,NiceOrDie,Agent360Full,full,ConcederTBNegotiator,fast concession,time-based,first,2,0.1654761904761905,1.0,1.1654761904761906
panel,NiceOrDie,Agent360Full,full,ConcederTBNegotiator,fast concession,time-based,second,2,0.1654761904761905,1.0,1.1654761904761906
panel,NiceOrDie,Agent360Full,full,LinearTBNegotiator,linear time concession,time-based,first,2,0.1654761904761905,1.0,1.1654761904761906
panel,NiceOrDie,Agent360Full,full,LinearTBNegotiator,linear time concession,time-based,second,2,0.1654761904761905,1.0,1.1654761904761906
panel,NiceOrDie,Agent360Full,full,ToughNegotiator,"hard line, slow give",time-based,first,2,0.0,1.0,1.0
panel,NiceOrDie,Agent360Full,full,ToughNegotiator,"hard line, slow give",time-based,second,2,0.0,1.0,1.0
panel,NiceOrDie,Agent360Full,full,MiCRONegotiator,MiCRO (Genius-style),genius-style,first,2,0.1654761904761905,1.0,1.1654761904761906
panel,NiceOrDie,Agent360Full,full,MiCRONegotiator,MiCRO (Genius-style),genius-style,second,2,0.1654761904761905,1.0,1.1654761904761906
panel,NiceOrDie,Agent360Full,full,TimeBasedNegotiator,generic time-based,time-based,first,2,0.1654761904761905,1.0,1.1654761904761906
panel,NiceOrDie,Agent360Full,full,TimeBasedNegotiator,generic time-based,time-based,second,2,0.1654761904761905,1.0,1.1654761904761906
panel,NiceOrDie,Agent360Full,full,AspirationNegotiator,aspiration-based,time-based,first,2,0.1654761904761905,1.0,1.1654761904761906
panel,NiceOrDie,Agent360Full,full,AspirationNegotiator,aspiration-based,time-based,second,2,0.1654761904761905,1.0,1.1654761904761906
panel,NiceOrDie,Agent360Full,full,HybridNegotiator,hybrid time + utility,hybrid,first,2,0.0,1.0,1.0
panel,NiceOrDie,Agent360Full,full,HybridNegotiator,hybrid time + utility,hybrid,second,2,0.0,1.0,1.0
panel,NiceOrDie,Agent360Full,full,RandomNegotiator,random rational offers,baseline,first,2,0.1654761904761905,1.0,1.1654761904761906
panel,NiceOrDie,Agent360Full,full,RandomNegotiator,random rational offers,baseline,second,2,0.5,1.0,1.5
panel,NiceOrDie,Agent360Full,full,FirstOfferOrientedTBNegotiator,anchors on first offer,oriented,first,2,0.1654761904761905,1.0,1.1654761904761906
panel,NiceOrDie,Agent360Full,full,FirstOfferOrientedTBNegotiator,anchors on first offer,oriented,second,2,0.1654761904761905,1.0,1.1654761904761906
panel,NiceOrDie,Agent360Full,full,LastOfferOrientedTBNegotiator,follows last offer,oriented,first,2,0.1654761904761905,1.0,1.1654761904761906
panel,NiceOrDie,Agent360Full,full,LastOfferOrientedTBNegotiator,follows last offer,oriented,second,2,0.1654761904761905,1.0,1.1654761904761906
panel,NiceOrDie,Agent360Full,full,BestOfferOrientedTBNegotiator,tracks best offer seen,oriented,first,2,0.1654761904761905,1.0,1.1654761904761906
panel,NiceOrDie,Agent360Full,full,BestOfferOrientedTBNegotiator,tracks best offer seen,oriented,second,2,0.1654761904761905,1.0,1.1654761904761906
panel,NiceOrDie,Agent360Reverse,reverse,SimpleNegotiator,reverse-ufun + time concede,example,first,2,0.1654761904761905,0.5,0.6654761904761906
panel,NiceOrDie,Agent360Reverse,reverse,SimpleNegotiator,reverse-ufun + time concede,example,second,2,0.1654761904761905,0.5,0.6654761904761906
panel,NiceOrDie,Agent360Reverse,reverse,BOANeg,BOA: time offer + Smith + ACNext,example,first,2,0.1654761904761905,0.5,0.6654761904761906
panel,NiceOrDie,Agent360Reverse,reverse,BOANeg,BOA: time offer + Smith + ACNext,example,second,2,0.1654761904761905,0.5,0.6654761904761906
panel,NiceOrDie,Agent360Reverse,reverse,MAPNeg,"MAP: same stack, acceptance_first",example,first,2,0.1654761904761905,0.5,0.6654761904761906
panel,NiceOrDie,Agent360Reverse,reverse,MAPNeg,"MAP: same stack, acceptance_first",example,second,2,0.1654761904761905,0.5,0.6654761904761906
panel,NiceOrDie,Agent360Reverse,reverse,BoulwareTBNegotiator,slow concession (Boulware),time-based,first,2,0.1654761904761905,1.0,1.1654761904761906
panel,NiceOrDie,Agent360Reverse,reverse,BoulwareTBNegotiator,slow concession (Boulware),time-based,second,2,0.1654761904761905,1.0,1.1654761904761906
panel,NiceOrDie,Agent360Reverse,reverse,ConcederTBNegotiator,fast concession,time-based,first,2,0.1654761904761905,1.0,1.1654761904761906
panel,NiceOrDie,Agent360Reverse,reverse,ConcederTBNegotiator,fast concession,time-based,second,2,0.1654761904761905,1.0,1.1654761904761906
panel,NiceOrDie,Agent360Reverse,reverse,LinearTBNegotiator,linear time concession,time-based,first,2,0.1654761904761905,1.0,1.1654761904761906
panel,NiceOrDie,Agent360Reverse,reverse,LinearTBNegotiator,linear time concession,time-based,second,2,0.1654761904761905,1.0,1.1654761904761906
panel,NiceOrDie,Agent360Reverse,reverse,ToughNegotiator,"hard line, slow give",time-based,first,2,0.0,1.0,1.0
panel,NiceOrDie,Agent360Reverse,reverse,ToughNegotiator,"hard line, slow give",time-based,second,2,0.0,1.0,1.0
panel,NiceOrDie,Agent360Reverse,reverse,MiCRONegotiator,MiCRO (Genius-style),genius-style,first,2,0.1654761904761905,1.0,1.1654761904761906
panel,NiceOrDie,Agent360Reverse,reverse,MiCRONegotiator,MiCRO (Genius-style),genius-style,second,2,0.1654761904761905,1.0,1.1654761904761906
panel,NiceOrDie,Agent360Reverse,reverse,TimeBasedNegotiator,generic time-based,time-based,first,2,0.1654761904761905,1.0,1.1654761904761906
panel,NiceOrDie,Agent360Reverse,reverse,TimeBasedNegotiator,generic time-based,time-based,second,2,0.1654761904761905,1.0,1.1654761904761906
panel,NiceOrDie,Agent360Reverse,reverse,AspirationNegotiator,aspiration-based,time-based,first,2,0.1654761904761905,1.0,1.1654761904761906
panel,NiceOrDie,Agent360Reverse,reverse,AspirationNegotiator,aspiration-based,time-based,second,2,0.1654761904761905,1.0,1.1654761904761906
panel,NiceOrDie,Agent360Reverse,reverse,HybridNegotiator,hybrid time + utility,hybrid,first,2,0.0,1.0,1.0
panel,NiceOrDie,Agent360Reverse,reverse,HybridNegotiator,hybrid time + utility,hybrid,second,2,0.0,1.0,1.0
panel,NiceOrDie,Agent360Reverse,reverse,RandomNegotiator,random rational offers,baseline,first,2,0.08273809523809525,0.0,0.08273809523809525
panel,NiceOrDie,Agent360Reverse,reverse,RandomNegotiator,random rational offers,baseline,second,2,1.0,1.0,2.0
panel,NiceOrDie,Agent360Reverse,reverse,FirstOfferOrientedTBNegotiator,anchors on first offer,oriented,first,2,0.1654761904761905,1.0,1.1654761904761906
panel,NiceOrDie,Agent360Reverse,reverse,FirstOfferOrientedTBNegotiator,anchors on first offer,oriented,second,2,0.1654761904761905,1.0,1.1654761904761906
panel,NiceOrDie,Agent360Reverse,reverse,LastOfferOrientedTBNegotiator,follows last offer,oriented,first,2,0.1654761904761905,1.0,1.1654761904761906
panel,NiceOrDie,Agent360Reverse,reverse,LastOfferOrientedTBNegotiator,follows last offer,oriented,second,2,0.1654761904761905,1.0,1.1654761904761906
panel,NiceOrDie,Agent360Reverse,reverse,BestOfferOrientedTBNegotiator,tracks best offer seen,oriented,first,2,0.1654761904761905,1.0,1.1654761904761906
panel,NiceOrDie,Agent360Reverse,reverse,BestOfferOrientedTBNegotiator,tracks best offer seen,oriented,second,2,0.1654761904761905,1.0,1.1654761904761906
panel,NiceOrDie,Agent360V2,v2,SimpleNegotiator,reverse-ufun + time concede,example,first,2,0.1654761904761905,0.5,0.6654761904761906
panel,NiceOrDie,Agent360V2,v2,SimpleNegotiator,reverse-ufun + time concede,example,second,2,0.1654761904761905,0.5,0.6654761904761906
panel,NiceOrDie,Agent360V2,v2,BOANeg,BOA: time offer + Smith + ACNext,example,first,2,0.1654761904761905,0.5,0.6654761904761906
panel,NiceOrDie,Agent360V2,v2,BOANeg,BOA: time offer + Smith + ACNext,example,second,2,0.1654761904761905,0.5,0.6654761904761906
panel,NiceOrDie,Agent360V2,v2,MAPNeg,"MAP: same stack, acceptance_first",example,first,2,0.1654761904761905,0.5,0.6654761904761906
panel,NiceOrDie,Agent360V2,v2,MAPNeg,"MAP: same stack, acceptance_first",example,second,2,0.1654761904761905,0.5,0.6654761904761906
panel,NiceOrDie,Agent360V2,v2,BoulwareTBNegotiator,slow concession (Boulware),time-based,first,2,0.1654761904761905,1.0,1.1654761904761906
panel,NiceOrDie,Agent360V2,v2,BoulwareTBNegotiator,slow concession (Boulware),time-based,second,2,0.1654761904761905,1.0,1.1654761904761906
panel,NiceOrDie,Agent360V2,v2,ConcederTBNegotiator,fast concession,time-based,first,2,0.1654761904761905,1.0,1.1654761904761906
panel,NiceOrDie,Agent360V2,v2,ConcederTBNegotiator,fast concession,time-based,second,2,0.1654761904761905,1.0,1.1654761904761906
panel,NiceOrDie,Agent360V2,v2,LinearTBNegotiator,linear time concession,time-based,first,2,0.1654761904761905,1.0,1.1654761904761906
panel,NiceOrDie,Agent360V2,v2,LinearTBNegotiator,linear time concession,time-based,second,2,0.1654761904761905,1.0,1.1654761904761906
panel,NiceOrDie,Agent360V2,v2,ToughNegotiator,"hard line, slow give",time-based,first,2,0.0,1.0,1.0
panel,NiceOrDie,Agent360V2,v2,ToughNegotiator,"hard line, slow give",time-based,second,2,0.0,1.0,1.0
panel,NiceOrDie,Agent360V2,v2,MiCRONegotiator,MiCRO (Genius-style),genius-style,first,2,0.1654761904761905,1.0,1.1654761904761906
panel,NiceOrDie,Agent360V2,v2,MiCRONegotiator,MiCRO (Genius-style),genius-style,second,2,0.1654761904761905,1.0,1.1654761904761906
panel,NiceOrDie,Agent360V2,v2,TimeBasedNegotiator,generic time-based,time-based,first,2,0.1654761904761905,1.0,1.1654761904761906
panel,NiceOrDie,Agent360V2,v2,TimeBasedNegotiator,generic time-based,time-based,second,2,0.1654761904761905,1.0,1.1654761904761906
panel,NiceOrDie,Agent360V2,v2,AspirationNegotiator,aspiration-based,time-based,first,2,0.1654761904761905,1.0,1.1654761904761906
panel,NiceOrDie,Agent360V2,v2,AspirationNegotiator,aspiration-based,time-based,second,2,0.1654761904761905,1.0,1.1654761904761906
panel,NiceOrDie,Agent360V2,v2,HybridNegotiator,hybrid time + utility,hybrid,first,2,0.0,1.0,1.0
panel,NiceOrDie,Agent360V2,v2,HybridNegotiator,hybrid time + utility,hybrid,second,2,0.0,1.0,1.0
panel,NiceOrDie,Agent360V2,v2,RandomNegotiator,random rational offers,baseline,first,2,0.1654761904761905,1.0,1.1654761904761906
panel,NiceOrDie,Agent360V2,v2,RandomNegotiator,random rational offers,baseline,second,2,1.0,1.0,2.0
panel,NiceOrDie,Agent360V2,v2,FirstOfferOrientedTBNegotiator,anchors on first offer,oriented,first,2,0.1654761904761905,1.0,1.1654761904761906
panel,NiceOrDie,Agent360V2,v2,FirstOfferOrientedTBNegotiator,anchors on first offer,oriented,second,2,0.1654761904761905,1.0,1.1654761904761906
panel,NiceOrDie,Agent360V2,v2,LastOfferOrientedTBNegotiator,follows last offer,oriented,first,2,0.1654761904761905,1.0,1.1654761904761906
panel,NiceOrDie,Agent360V2,v2,LastOfferOrientedTBNegotiator,follows last offer,oriented,second,2,0.1654761904761905,1.0,1.1654761904761906
panel,NiceOrDie,Agent360V2,v2,BestOfferOrientedTBNegotiator,tracks best offer seen,oriented,first,2,0.1654761904761905,1.0,1.1654761904761906
panel,NiceOrDie,Agent360V2,v2,BestOfferOrientedTBNegotiator,tracks best offer seen,oriented,second,2,0.1654761904761905,1.0,1.1654761904761906
head_to_head,Amsterdam,Agent360,gradient,Agent360Full,full,decoy,first,2,0.5669144981412639,0.42295090559243104,0.9898654037336949
head_to_head,Amsterdam,Agent360Full,full,Agent360,gradient,decoy,second,2,0.5565068493150684,0.577049094407569,1.1335559437226375
head_to_head,Amsterdam,Agent360,gradient,Agent360Full,full,decoy,second,2,0.5496575342465753,0.46568041596199117,1.0153379502085664
head_to_head,Amsterdam,Agent360Full,full,Agent360,gradient,decoy,first,2,0.5631970260223048,0.5343195840380088,1.0975166100603135
head_to_head,Amsterdam,Agent360,gradient,Agent360Reverse,reverse,decoy,first,2,0.6486988847583643,0.5130255399646575,1.1617244247230216
head_to_head,Amsterdam,Agent360Reverse,reverse,Agent360,gradient,decoy,second,2,0.8613013698630136,0.48697446003534256,1.3482758298983564
head_to_head,Amsterdam,Agent360,gradient,Agent360Reverse,reverse,decoy,second,2,0.6130136986301369,0.5443759573887488,1.1573896560188857
head_to_head,Amsterdam,Agent360Reverse,reverse,Agent360,gradient,decoy,first,2,0.9107806691449815,0.4556240426112512,1.3664047117562328
head_to_head,Amsterdam,Agent360,gradient,Agent360V2,v2,decoy,first,2,0.6133828996282528,0.4822851551149758,1.0956680547432285
head_to_head,Amsterdam,Agent360V2,v2,Agent360,gradient,decoy,second,2,0.6301369863013698,0.5177148448850242,1.1478518311863941
head_to_head,Amsterdam,Agent360,gradient,Agent360V2,v2,decoy,second,2,0.7294520547945205,0.4511044875406929,1.1805565423352133
head_to_head,Amsterdam,Agent360V2,v2,Agent360,gradient,decoy,first,2,0.6431226765799256,0.5488955124593071,1.1920181890392327
head_to_head,Amsterdam,Agent360Full,full,Agent360Reverse,reverse,decoy,first,2,0.5185873605947955,0.6175371117630027,1.1361244723577983
head_to_head,Amsterdam,Agent360Reverse,reverse,Agent360Full,full,decoy,second,2,0.9126712328767124,0.38246288823699726,1.2951341211137095
head_to_head,Amsterdam,Agent360Full,full,Agent360Reverse,reverse,decoy,second,2,0.6352739726027397,0.6406786288499726,1.2759526014527123
head_to_head,Amsterdam,Agent360Reverse,reverse,Agent360Full,full,decoy,first,2,0.8680297397769517,0.3593213711500273,1.227351110926979
head_to_head,Amsterdam,Agent360Full,full,Agent360V2,v2,decoy,first,2,0.5836431226765799,0.4884819109963139,1.0721250336728938
head_to_head,Amsterdam,Agent360V2,v2,Agent360Full,full,decoy,second,2,0.5976027397260273,0.5115180890036861,1.1091208287297134
head_to_head,Amsterdam,Agent360Full,full,Agent360V2,v2,decoy,second,2,0.5890410958904109,0.7695258494903623,1.3585669453807732
head_to_head,Amsterdam,Agent360V2,v2,Agent360Full,full,decoy,first,2,0.4795539033457249,0.23047415050963774,0.7100280538553627
head_to_head,Amsterdam,Agent360Reverse,reverse,Agent360V2,v2,decoy,first,2,0.9330855018587361,0.182089348332047,1.1151748501907832
head_to_head,Amsterdam,Agent360V2,v2,Agent360Reverse,reverse,decoy,second,2,0.6369863013698629,0.817910651667953,1.454896953037816
head_to_head,Amsterdam,Agent360Reverse,reverse,Agent360V2,v2,decoy,second,2,0.9315068493150684,0.3883470245279067,1.319853873842975
head_to_head,Amsterdam,Agent360V2,v2,Agent360Reverse,reverse,decoy,first,2,0.5278810408921932,0.6116529754720932,1.1395340163642864
head_to_head,Camera,Agent360,gradient,Agent360Full,full,decoy,first,2,0.6642821073893284,0.4918519699903814,1.1561340773797097
head_to_head,Camera,Agent360Full,full,Agent360,gradient,decoy,second,2,0.5913521619595101,0.5081480300096186,1.0995001919691287
head_to_head,Camera,Agent360,gradient,Agent360Full,full,decoy,second,2,0.5202449387653088,0.4483507265834956,0.9685956653488044
head_to_head,Camera,Agent360Full,full,Agent360,gradient,decoy,first,2,0.7400269314930146,0.5516492734165044,1.2916762049095192
head_to_head,Camera,Agent360,gradient,Agent360Reverse,reverse,decoy,first,2,0.7303484261908769,0.4896490750317082,1.219997501222585
head_to_head,Camera,Agent360Reverse,reverse,Agent360,gradient,decoy,second,2,0.71457135716071,0.5103509249682918,1.2249222821290018
head_to_head,Camera,Agent360,gradient,Agent360Reverse,reverse,decoy,second,2,0.6629592601849539,0.5795435404474252,1.242502800632379
head_to_head,Camera,Agent360Reverse,reverse,Agent360,gradient,decoy,first,2,0.8973236828816697,0.4204564595525748,1.3177801424342446
head_to_head,Camera,Agent360,gradient,Agent360V2,v2,decoy,first,2,0.6519104527857263,0.49673705711265187,1.1486475098983782
head_to_head,Camera,Agent360V2,v2,Agent360,gradient,decoy,second,2,0.6444638840289928,0.5032629428873481,1.1477268269163408
head_to_head,Camera,Agent360,gradient,Agent360V2,v2,decoy,second,2,0.5763559110222445,0.4713370024342528,1.0476929134564972
head_to_head,Camera,Agent360V2,v2,Agent360,gradient,decoy,first,2,0.6667227739437804,0.5286629975657472,1.1953857715095277
head_to_head,Camera,Agent360Full,full,Agent360Reverse,reverse,decoy,first,2,0.6570442686416428,0.590386734831108,1.247431003472751
head_to_head,Camera,Agent360Reverse,reverse,Agent360Full,full,decoy,second,2,0.8600349912521871,0.40961326516889196,1.2696482564210791
head_to_head,Camera,Agent360Full,full,Agent360Reverse,reverse,decoy,second,2,0.5999750062484379,1.0,1.599975006248438
head_to_head,Camera,Agent360Reverse,reverse,Agent360Full,full,decoy,first,2,0.9180272681366773,0.0,0.9180272681366773
head_to_head,Camera,Agent360Full,full,Agent360V2,v2,decoy,first,2,0.5879481568759468,0.5342277217208851,1.1221758785968317
head_to_head,Camera,Agent360V2,v2,Agent360Full,full,decoy,second,2,0.5569857535616096,0.46577227827911494,1.0227580318407248
head_to_head,Camera,Agent360Full,full,Agent360V2,v2,decoy,second,2,0.5921019745063735,0.7400217538470805,1.332123728353454
head_to_head,Camera,Agent360V2,v2,Agent360Full,full,decoy,first,2,0.4899848510351792,0.2599782461529196,0.7499630971880987
head_to_head,Camera,Agent360Reverse,reverse,Agent360V2,v2,decoy,first,2,0.8841945800370308,0.22134028495058383,1.1055348649876147
head_to_head,Camera,Agent360V2,v2,Agent360Reverse,reverse,decoy,second,2,0.6832041989502625,0.7786597150494161,1.4618639139996787
head_to_head,Camera,Agent360Reverse,reverse,Agent360V2,v2,decoy,second,2,0.9250187453136717,0.3918521978878946,1.3168709432015664
head_to_head,Camera,Agent360V2,v2,Agent360Reverse,reverse,decoy,first,2,0.5324019525332435,0.6081478021121054,1.140549754645349
head_to_head,Car,Agent360,gradient,Agent360Full,full,decoy,first,2,0.93205,0.2441649527184164,1.1762149527184165
head_to_head,Car,Agent360Full,full,Agent360,gradient,decoy,second,2,0.909,0.7558350472815836,1.6648350472815836
head_to_head,Car,Agent360,gradient,Agent360Full,full,decoy,second,2,0.9473000000000001,0.7467172269102279,1.694017226910228
head_to_head,Car,Agent360Full,full,Agent360,gradient,decoy,first,2,0.7430000000000001,0.25328277308977215,0.9962827730897721
head_to_head,Car,Agent360,gradient,Agent360Reverse,reverse,decoy,first,2,0.6774500000000001,0.5457426772637608,1.223192677263761
head_to_head,Car,Agent360Reverse,reverse,Agent360,gradient,decoy,second,2,0.9388000000000001,0.45425732273623926,1.3930573227362393
head_to_head,Car,Agent360,gradient,Agent360Reverse,reverse,decoy,second,2,0.7518,0.5841549690927803,1.3359549690927803
head_to_head,Car,Agent360Reverse,reverse,Agent360,gradient,decoy,first,2,0.9827,0.4158450309072197,1.3985450309072198
head_to_head,Car,Agent360,gradient,Agent360V2,v2,decoy,first,2,0.6684000000000001,0.0,0.6684000000000001
head_to_head,Car,Agent360V2,v2,Agent360,gradient,decoy,second,2,0.8509,1.0,1.8509
head_to_head,Car,Agent360,gradient,Agent360V2,v2,decoy,second,2,0.9233,1.0,1.9233
head_to_head,Car,Agent360V2,v2,Agent360,gradient,decoy,first,2,0.8290500000000001,0.0,0.8290500000000001
head_to_head,Car,Agent360Full,full,Agent360Reverse,reverse,decoy,first,2,0.6525000000000001,0.5538261613471436,1.2063261613471437
head_to_head,Car,Agent360Reverse,reverse,Agent360Full,full,decoy,second,2,0.9654000000000001,0.4461738386528564,1.4115738386528567
head_to_head,Car,Agent360Full,full,Agent360Reverse,reverse,decoy,second,2,0.7695000000000001,0.5634382510016736,1.3329382510016736
head_to_head,Car,Agent360Reverse,reverse,Agent360Full,full,decoy,first,2,0.9581000000000002,0.4365617489983264,1.3946617489983264
head_to_head,Car,Agent360Full,full,Agent360V2,v2,decoy,first,2,0.785,0.0,0.785
head_to_head,Car,Agent360V2,v2,Agent360Full,full,decoy,second,2,0.9045000000000001,1.0,1.9045
head_to_head,Car,Agent360Full,full,Agent360V2,v2,decoy,second,2,0.9624,1.0,1.9624000000000001
head_to_head,Car,Agent360V2,v2,Agent360Full,full,decoy,first,2,0.58145,0.0,0.58145
head_to_head,Car,Agent360Reverse,reverse,Agent360V2,v2,decoy,first,2,0.9687000000000001,0.4072328495356561,1.3759328495356562
head_to_head,Car,Agent360V2,v2,Agent360Reverse,reverse,decoy,second,2,0.609,0.5927671504643439,1.201767150464344
head_to_head,Car,Agent360Reverse,reverse,Agent360V2,v2,decoy,second,2,0.9793000000000001,0.40362349584054613,1.3829234958405463
head_to_head,Car,Agent360V2,v2,Agent360Reverse,reverse,decoy,first,2,0.5597,0.5963765041594539,1.1560765041594538
head_to_head,Grocery,Agent360,gradient,Agent360Full,full,decoy,first,2,0.488888888888889,0.2526514300144985,0.7415403189033876
head_to_head,Grocery,Agent360Full,full,Agent360,gradient,decoy,second,2,0.6527777777777778,0.7473485699855016,1.4001263477632793
head_to_head,Grocery,Agent360,gradient,Agent360Full,full,decoy,second,2,0.6111111111111112,0.46877323193368114,1.0798843430447922
head_to_head,Grocery,Agent360Full,full,Agent360,gradient,decoy,first,2,0.688888888888889,0.531226768066319,1.2201156569552079
head_to_head,Grocery,Agent360,gradient,Agent360Reverse,reverse,decoy,first,2,0.6194444444444445,0.4964734082438882,1.1159178526883329
head_to_head,Grocery,Agent360Reverse,reverse,Agent360,gradient,decoy,second,2,0.875,0.5035265917561118,1.3785265917561118
head_to_head,Grocery,Agent360,gradient,Agent360Reverse,reverse,decoy,second,2,0.7666666666666667,0.5446084137116322,1.3112750803782989
head_to_head,Grocery,Agent360Reverse,reverse,Agent360,gradient,decoy,first,2,0.838888888888889,0.45539158628836784,1.2942804751772568
head_to_head,Grocery,Agent360,gradient,Agent360V2,v2,decoy,first,2,0.5833333333333334,0.45069303468103494,1.0340263680143682
head_to_head,Grocery,Agent360V2,v2,Agent360,gradient,decoy,second,2,0.6361111111111112,0.5493069653189651,1.1854180764300764
head_to_head,Grocery,Agent360,gradient,Agent360V2,v2,decoy,second,2,0.8416666666666667,0.48035863625197617,1.3220253029186428
head_to_head,Grocery,Agent360V2,v2,Agent360,gradient,decoy,first,2,0.6500000000000001,0.5196413637480238,1.1696413637480239
head_to_head,Grocery,Agent360Full,full,Agent360Reverse,reverse,decoy,first,2,0.6611111111111112,0.5631766237307926,1.224287734841904
head_to_head,Grocery,Agent360Reverse,reverse,Agent360Full,full,decoy,second,2,0.8916666666666667,0.4368233762692074,1.3284900429358741
head_to_head,Grocery,Agent360Full,full,Agent360Reverse,reverse,decoy,second,2,0.7388888888888889,0.5616566415136801,1.300545530402569
head_to_head,Grocery,Agent360Reverse,reverse,Agent360Full,full,decoy,first,2,0.8444444444444446,0.43834335848632,1.2827878029307644
head_to_head,Grocery,Agent360Full,full,Agent360V2,v2,decoy,first,2,0.47777777777777786,0.25074567143119025,0.728523449208968
head_to_head,Grocery,Agent360V2,v2,Agent360Full,full,decoy,second,2,0.7166666666666667,0.7492543285688098,1.4659209952354764
head_to_head,Grocery,Agent360Full,full,Agent360V2,v2,decoy,second,2,0.7333333333333334,0.7452101692959834,1.4785435026293168
head_to_head,Grocery,Agent360V2,v2,Agent360Full,full,decoy,first,2,0.49166666666666675,0.25478983070401656,0.7464564973706833
head_to_head,Grocery,Agent360Reverse,reverse,Agent360V2,v2,decoy,first,2,0.8361111111111112,0.42953626905399633,1.2656473801651076
head_to_head,Grocery,Agent360V2,v2,Agent360Reverse,reverse,decoy,second,2,0.7666666666666667,0.5704637309460037,1.3371303976126705
head_to_head,Grocery,Agent360Reverse,reverse,Agent360V2,v2,decoy,second,2,0.888888888888889,0.7107306400119687,1.5996195289008577
head_to_head,Grocery,Agent360V2,v2,Agent360Reverse,reverse,decoy,first,2,0.513888888888889,0.2892693599880313,0.8031582488769202
head_to_head,ISBTAcquisition,Agent360,gradient,Agent360Full,full,decoy,first,2,0.7777777777777777,0.44854599429378084,1.2263237720715585
head_to_head,ISBTAcquisition,Agent360Full,full,Agent360,gradient,decoy,second,2,0.5365853658536585,0.551454005706219,1.0880393715598777
head_to_head,ISBTAcquisition,Agent360,gradient,Agent360Full,full,decoy,second,2,0.75,0.41150810465767357,1.1615081046576736
head_to_head,ISBTAcquisition,Agent360Full,full,Agent360,gradient,decoy,first,2,0.6241830065359477,0.5884918953423264,1.212674901878274
head_to_head,ISBTAcquisition,Agent360,gradient,Agent360Reverse,reverse,decoy,first,2,0.6013071895424837,0.5147227076609342,1.116029897203418
head_to_head,ISBTAcquisition,Agent360Reverse,reverse,Agent360,gradient,decoy,second,2,0.8536585365853657,0.4852772923390658,1.3389358289244315
head_to_head,ISBTAcquisition,Agent360,gradient,Agent360Reverse,reverse,decoy,second,2,0.6036585365853657,0.5246585234013379,1.1283170599867036
head_to_head,ISBTAcquisition,Agent360Reverse,reverse,Agent360,gradient,decoy,first,2,0.9411764705882353,0.4753414765986622,1.4165179471868976
head_to_head,ISBTAcquisition,Agent360,gradient,Agent360V2,v2,decoy,first,2,0.6699346405228758,0.20200759735242013,0.8719422378752959
head_to_head,ISBTAcquisition,Agent360V2,v2,Agent360,gradient,decoy,second,2,0.6036585365853658,0.7979924026475799,1.4016509392329457
head_to_head,ISBTAcquisition,Agent360,gradient,Agent360V2,v2,decoy,second,2,0.8536585365853658,1.0,1.8536585365853657
head_to_head,ISBTAcquisition,Agent360V2,v2,Agent360,gradient,decoy,first,2,0.5032679738562091,0.0,0.5032679738562091
head_to_head,ISBTAcquisition,Agent360Full,full,Agent360Reverse,reverse,decoy,first,2,0.4934640522875817,0.31820749681688587,0.8116715491044676
head_to_head,ISBTAcquisition,Agent360Reverse,reverse,Agent360Full,full,decoy,second,2,0.8475609756097561,0.6817925031831141,1.5293534787928702
head_to_head,ISBTAcquisition,Agent360Full,full,Agent360Reverse,reverse,decoy,second,2,0.5853658536585366,1.0,1.5853658536585367
head_to_head,ISBTAcquisition,Agent360Reverse,reverse,Agent360Full,full,decoy,first,2,0.9281045751633987,0.0,0.9281045751633987
head_to_head,ISBTAcquisition,Agent360Full,full,Agent360V2,v2,decoy,first,2,0.4934640522875817,0.0,0.4934640522875817
head_to_head,ISBTAcquisition,Agent360V2,v2,Agent360Full,full,decoy,second,2,0.8475609756097561,1.0,1.847560975609756
head_to_head,ISBTAcquisition,Agent360Full,full,Agent360V2,v2,decoy,second,2,0.7195121951219512,0.7544657207541174,1.4739779158760686
head_to_head,ISBTAcquisition,Agent360V2,v2,Agent360Full,full,decoy,first,2,0.5686274509803921,0.2455342792458825,0.8141617302262747
head_to_head,ISBTAcquisition,Agent360Reverse,reverse,Agent360V2,v2,decoy,first,2,0.9052287581699346,0.18992023128686078,1.0951489894567954
head_to_head,ISBTAcquisition,Agent360V2,v2,Agent360Reverse,reverse,decoy,second,2,0.5304878048780487,0.8100797687131392,1.340567573591188
head_to_head,ISBTAcquisition,Agent360Reverse,reverse,Agent360V2,v2,decoy,second,2,0.8475609756097561,0.3878098349535051,1.2353708105632613
head_to_head,ISBTAcquisition,Agent360V2,v2,Agent360Reverse,reverse,decoy,first,2,0.4934640522875817,0.6121901650464948,1.1056542173340764
head_to_head,Laptop,Agent360,gradient,Agent360Full,full,decoy,first,2,0.7262048717621604,0.4930673576891732,1.2192722294513336
head_to_head,Laptop,Agent360Full,full,Agent360,gradient,decoy,second,2,0.806029259748295,0.5069326423108267,1.3129619020591217
head_to_head,Laptop,Agent360,gradient,Agent360Full,full,decoy,second,2,0.7177888527582046,0.7625892399256655,1.4803780926838703
head_to_head,Laptop,Agent360Full,full,Agent360,gradient,decoy,first,2,0.607382111536686,0.23741076007433445,0.8447928716110205
head_to_head,Laptop,Agent360,gradient,Agent360Reverse,reverse,decoy,first,2,0.5775524426410947,0.5741183633062235,1.1516708059473182
head_to_head,Laptop,Agent360Reverse,reverse,Agent360,gradient,decoy,second,2,1.0,0.42588163669377654,1.4258816366937765
head_to_head,Laptop,Agent360,gradient,Agent360Reverse,reverse,decoy,second,2,0.5136317604069089,0.5675863918830427,1.0812181522899516
head_to_head,Laptop,Agent360Reverse,reverse,Agent360,gradient,decoy,first,2,0.9999999999999999,0.4324136081169572,1.4324136081169572
head_to_head,Laptop,Agent360,gradient,Agent360V2,v2,decoy,first,2,0.7715533992081257,0.2727641153071001,1.0443175145152257
head_to_head,Laptop,Agent360V2,v2,Agent360,gradient,decoy,second,2,0.8450562871935448,0.7272358846928999,1.5722921718864447
head_to_head,Laptop,Agent360,gradient,Agent360V2,v2,decoy,second,2,0.8639876024288977,0.7163806905767768,1.5803682930056744
head_to_head,Laptop,Agent360V2,v2,Agent360,gradient,decoy,first,2,0.5385073385867143,0.2836193094232232,0.8221266480099374
head_to_head,Laptop,Agent360Full,full,Agent360Reverse,reverse,decoy,first,2,0.5775524426410947,0.2968225460374257,0.8743749886785204
head_to_head,Laptop,Agent360Reverse,reverse,Agent360Full,full,decoy,second,2,1.0,0.7031774539625744,1.7031774539625744
head_to_head,Laptop,Agent360Full,full,Agent360Reverse,reverse,decoy,second,2,0.5136317604069089,0.5826901810341132,1.0963219414410221
head_to_head,Laptop,Agent360Reverse,reverse,Agent360Full,full,decoy,first,2,0.9999999999999999,0.41730981896588687,1.4173098189658868
head_to_head,Laptop,Agent360Full,full,Agent360V2,v2,decoy,first,2,0.7950796447121322,0.2516586602660759,1.046738304978208
head_to_head,Laptop,Agent360V2,v2,Agent360Full,full,decoy,second,2,0.6598305100776019,0.7483413397339241,1.408171849811526
head_to_head,Laptop,Agent360Full,full,Agent360V2,v2,decoy,second,2,0.9609729725547502,0.7391790988815169,1.7001520714362672
head_to_head,Laptop,Agent360V2,v2,Agent360Full,full,decoy,first,2,0.5322039151951294,0.2608209011184831,0.7930248163136124
head_to_head,Laptop,Agent360Reverse,reverse,Agent360V2,v2,decoy,first,2,0.9999999999999999,0.442673507642268,1.4426735076422679
head_to_head,Laptop,Agent360V2,v2,Agent360Reverse,reverse,decoy,second,2,0.5136317604069089,0.5573264923577319,1.0709582527646409
head_to_head,Laptop,Agent360Reverse,reverse,Agent360V2,v2,decoy,second,2,1.0,0.7206192136064217,1.7206192136064216
head_to_head,Laptop,Agent360V2,v2,Agent360Reverse,reverse,decoy,first,2,0.5775524426410947,0.27938078639357833,0.8569332290346731
head_to_head,NiceOrDie,Agent360,gradient,Agent360Full,full,decoy,first,2,0.1654761904761905,0.0,0.1654761904761905
head_to_head,NiceOrDie,Agent360Full,full,Agent360,gradient,decoy,second,2,0.1654761904761905,1.0,1.1654761904761906
head_to_head,NiceOrDie,Agent360,gradient,Agent360Full,full,decoy,second,2,0.1654761904761905,1.0,1.1654761904761906
head_to_head,NiceOrDie,Agent360Full,full,Agent360,gradient,decoy,first,2,0.1654761904761905,0.0,0.1654761904761905
head_to_head,NiceOrDie,Agent360,gradient,Agent360Reverse,reverse,decoy,first,2,0.1654761904761905,0.3224744871391589,0.4879506776153494
head_to_head,NiceOrDie,Agent360Reverse,reverse,Agent360,gradient,decoy,second,2,0.1654761904761905,0.6775255128608411,0.8430017033370316
head_to_head,NiceOrDie,Agent360,gradient,Agent360Reverse,reverse,decoy,second,2,0.1654761904761905,0.8224744871391589,0.9879506776153494
head_to_head,NiceOrDie,Agent360Reverse,reverse,Agent360,gradient,decoy,first,2,0.1654761904761905,0.1775255128608411,0.3430017033370316
head_to_head,NiceOrDie,Agent360,gradient,Agent360V2,v2,decoy,first,2,0.1654761904761905,0.0,0.1654761904761905
head_to_head,NiceOrDie,Agent360V2,v2,Agent360,gradient,decoy,second,2,0.1654761904761905,1.0,1.1654761904761906
head_to_head,NiceOrDie,Agent360,gradient,Agent360V2,v2,decoy,second,2,0.1654761904761905,1.0,1.1654761904761906
head_to_head,NiceOrDie,Agent360V2,v2,Agent360,gradient,decoy,first,2,0.1654761904761905,0.0,0.1654761904761905
head_to_head,NiceOrDie,Agent360Full,full,Agent360Reverse,reverse,decoy,first,2,0.1654761904761905,0.3224744871391589,0.4879506776153494
head_to_head,NiceOrDie,Agent360Reverse,reverse,Agent360Full,full,decoy,second,2,0.1654761904761905,0.6775255128608411,0.8430017033370316
head_to_head,NiceOrDie,Agent360Full,full,Agent360Reverse,reverse,decoy,second,2,0.1654761904761905,1.0,1.1654761904761906
head_to_head,NiceOrDie,Agent360Reverse,reverse,Agent360Full,full,decoy,first,2,0.1654761904761905,0.0,0.1654761904761905
head_to_head,NiceOrDie,Agent360Full,full,Agent360V2,v2,decoy,first,2,0.1654761904761905,0.0,0.1654761904761905
head_to_head,NiceOrDie,Agent360V2,v2,Agent360Full,full,decoy,second,2,0.1654761904761905,1.0,1.1654761904761906
head_to_head,NiceOrDie,Agent360Full,full,Agent360V2,v2,decoy,second,2,0.1654761904761905,1.0,1.1654761904761906
head_to_head,NiceOrDie,Agent360V2,v2,Agent360Full,full,decoy,first,2,0.1654761904761905,0.0,0.1654761904761905
head_to_head,NiceOrDie,Agent360Reverse,reverse,Agent360V2,v2,decoy,first,2,0.1654761904761905,0.0,0.1654761904761905
head_to_head,NiceOrDie,Agent360V2,v2,Agent360Reverse,reverse,decoy,second,2,0.1654761904761905,1.0,1.1654761904761906
head_to_head,NiceOrDie,Agent360Reverse,reverse,Agent360V2,v2,decoy,second,2,0.1654761904761905,0.6775255128608411,0.8430017033370316
head_to_head,NiceOrDie,Agent360V2,v2,Agent360Reverse,reverse,decoy,first,2,0.1654761904761905,0.3224744871391589,0.4879506776153494
